game_id,season,week,gameday,home_team,away_team,home_prior4_scored,away_prior4_allowed,home_rest,away_rest,home_score
2017_05_ARI_PHI,2017,5,2017-10-08,PHI,ARI,25.750000,22.750000,7,7,34.000000
2017_05_BAL_OAK,2017,5,2017-10-08,OAK,BAL,22.750000,20.000000,7,7,17.000000
2017_05_BUF_CIN,2017,5,2017-10-08,CIN,BUF,16.000000,13.500000,7,7,20.000000
2017_05_CAR_DET,2017,5,2017-10-08,DET,CAR,24.750000,17.500000,7,7,24.000000
2017_05_GB_DAL,2017,5,2017-10-08,DAL,GB,23.500000,20.250000,7,10,31.000000
2017_05_JAX_PIT,2017,5,2017-10-08,PIT,JAX,22.500000,18.500000,7,7,9.000000
2017_05_KC_HOU,2017,5,2017-10-08,HOU,KC,27.500000,19.250000,7,6,34.000000
2017_05_LAC_NYG,2017,5,2017-10-08,NYG,LAC,15.000000,23.250000,7,7,22.000000
2017_05_NYJ_CLE,2017,5,2017-10-08,CLE,NYJ,15.750000,23.000000,7,7,14.000000
2017_05_SEA_LA,2017,5,2017-10-08,LA,SEA,35.500000,19.250000,7,7,10.000000
2017_05_SF_IND,2017,5,2017-10-08,IND,SF,17.750000,23.500000,7,7,26.000000
2017_05_MIN_CHI,2017,5,2017-10-09,CHI,MIN,15.250000,19.000000,11,8,17.000000
2017_06_PHI_CAR,2017,6,2017-10-12,CAR,PHI,20.500000,20.500000,4,4,23.000000
2017_06_CHI_BAL,2017,6,2017-10-15,BAL,CHI,17.500000,25.250000,7,6,24.000000
2017_06_CLE_HOU,2017,6,2017-10-15,HOU,CLE,34.250000,25.750000,7,7,33.000000
2017_06_DET_NO,2017,6,2017-10-15,NO,DET,23.250000,18.500000,14,7,52.000000
2017_06_GB_MIN,2017,6,2017-10-15,MIN,GB,17.500000,25.750000,6,7,23.000000
2017_06_LAC_OAK,2017,6,2017-10-15,OAK,LAC,20.500000,22.750000,7,7,16.000000
2017_06_LA_JAX,2017,6,2017-10-15,JAX,LA,27.500000,28.000000,7,7,17.000000
2017_06_MIA_ATL,2017,6,2017-10-15,ATL,MIA,26.000000,16.750000,14,7,17.000000
2017_06_NE_NYJ,2017,6,2017-10-15,NYJ,NE,20.000000,25.000000,7,10,17.000000
2017_06_NYG_DEN,2017,6,2017-10-15,DEN,NYG,24.500000,25.750000,14,7,10.000000
2017_06_PIT_KC,2017,6,2017-10-15,KC,PIT,30.500000,17.750000,7,7,13.000000
2017_06_SF_WAS,2017,6,2017-10-15,WAS,SF,22.750000,24.250000,13,7,26.000000
2017_06_TB_ARI,2017,6,2017-10-15,ARI,TB,14.500000,20.750000,7,10,38.000000
2017_06_IND_TEN,2017,6,2017-10-16,TEN,IND,23.500000,28.250000,8,8,36.000000
2017_07_KC_OAK,2017,7,2017-10-19,OAK,KC,13.250000,20.750000,4,4,31.000000
2017_07_ARI_LA,2017,7,2017-10-22,LA,ARI,28.250000,27.500000,7,7,33.000000
2017_07_ATL_NE,2017,7,2017-10-22,NE,ATL,27.250000,23.000000,7,7,23.000000
2017_07_BAL_MIN,2017,7,2017-10-22,MIN,BAL,21.000000,28.500000,7,7,24.000000
2017_07_CAR_CHI,2017,7,2017-10-22,CHI,CAR,20.250000,29.000000,7,10,17.000000
2017_07_CIN_PIT,2017,7,2017-10-22,PIT,CIN,17.750000,15.750000,7,14,29.000000
2017_07_DAL_SF,2017,7,2017-10-22,SF,DAL,25.250000,32.250000,7,14,10.000000
2017_07_DEN_LAC,2017,7,2017-10-22,LAC,DEN,19.500000,19.000000,7,7,21.000000
2017_07_JAX_IND,2017,7,2017-10-22,IND,JAX,24.250000,16.500000,6,7,0.000000
2017_07_NO_GB,2017,7,2017-10-22,GB,NO,26.750000,21.750000,7,7,17.000000
2017_07_NYJ_MIA,2017,7,2017-10-22,MIA,NYJ,10.500000,16.000000,7,7,31.000000
2017_07_SEA_NYG,2017,7,2017-10-22,NYG,SEA,23.000000,17.500000,7,14,7.000000
2017_07_TB_BUF,2017,7,2017-10-22,BUF,TB,17.000000,28.500000,14,7,30.000000
2017_07_TEN_CLE,2017,7,2017-10-22,CLE,TEN,16.500000,30.500000,7,6,9.000000
2017_07_WAS_PHI,2017,7,2017-10-23,PHI,WAS,28.750000,20.750000,11,8,34.000000
2017_08_MIA_BAL,2017,8,2017-10-26,BAL,MIA,19.750000,18.750000,4,4,40.000000
2017_08_ATL_NYJ,2017,8,2017-10-29,NYJ,ATL,21.250000,23.000000,7,7,20.000000
2017_08_CAR_TB,2017,8,2017-10-29,TB,CAR,24.750000,24.750000,7,7,3.000000
2017_08_CHI_NO,2017,8,2017-10-29,NO,CHI,33.000000,20.500000,7,7,20.000000
2017_08_DAL_WAS,2017,8,2017-10-29,WAS,DAL,24.250000,24.250000,6,7,19.000000
2017_08_HOU_SEA,2017,8,2017-10-29,SEA,HOU,28.250000,27.250000,7,14,41.000000
2017_08_IND_CIN,2017,8,2017-10-29,CIN,IND,22.250000,33.000000,7,7,24.000000
2017_08_LAC_NE,2017,8,2017-10-29,NE,LAC,24.000000,16.000000,7,7,21.000000
2017_08_MIN_CLE,2017,8,2017-10-29,CLE,MIN,11.750000,14.250000,7,7,16.000000
2017_08_OAK_BUF,2017,8,2017-10-29,BUF,OAK,23.750000,23.250000,7,10,34.000000
2017_08_PIT_DET,2017,8,2017-10-29,DET,PIT,25.500000,16.500000,14,7,15.000000
2017_08_SF_PHI,2017,8,2017-10-29,PHI,SF,30.500000,27.500000,6,7,33.000000
2017_08_DEN_KC,2017,8,2017-10-30,KC,DEN,28.500000,20.000000,11,8,29.000000
2017_09_BUF_NYJ,2017,9,2017-11-02,NYJ,BUF,20.500000,19.500000,4,4,34.000000
2017_09_ARI_SF,2017,9,2017-11-05,SF,ARI,16.750000,28.750000,7,14,10.000000
2017_09_ATL_CAR,2017,9,2017-11-05,CAR,ATL,17.500000,21.500000,7,7,20.000000
2017_09_BAL_TEN,2017,9,2017-11-05,TEN,BAL,18.000000,17.000000,14,10,23.000000
2017_09_CIN_JAX,2017,9,2017-11-05,JAX,CIN,23.500000,18.750000,14,7,23.000000
2017_09_DEN_PHI,2017,9,2017-11-05,PHI,DEN,32.250000,20.750000,7,6,51.000000
2017_09_IND_HOU,2017,9,2017-11-05,HOU,IND,40.500000,27.500000,7,7,14.000000
2017_09_KC_DAL,2017,9,2017-11-05,DAL,KC,33.500000,25.750000,7,6,28.000000
2017_09_LA_NYG,2017,9,2017-11-05,NYG,LA,18.750000,15.750000,14,14,17.000000
2017_09_OAK_MIA,2017,9,2017-11-05,MIA,OAK,16.750000,27.750000,10,7,24.000000
2017_09_TB_NO,2017,9,2017-11-05,NO,TB,29.500000,26.000000,7,7,30.000000
2017_09_WAS_SEA,2017,9,2017-11-05,SEA,WAS,31.750000,30.000000,7,7,14.000000
2017_09_DET_GB,2017,9,2017-11-06,GB,DET,24.250000,26.500000,15,8,17.000000
2017_10_SEA_ARI,2017,10,2017-11-09,ARI,SEA,16.250000,18.000000,4,4,16.000000
2017_10_CIN_TEN,2017,10,2017-11-12,TEN,CIN,20.250000,22.750000,7,7,24.000000
2017_10_CLE_DET,2017,10,2017-11-12,DET,CLE,26.750000,23.750000,6,14,38.000000
2017_10_DAL_ATL,2017,10,2017-11-12,ATL,DAL,16.500000,20.250000,7,7,27.000000
2017_10_GB_CHI,2017,10,2017-11-12,CHI,GB,18.250000,27.500000,14,6,16.000000
2017_10_HOU_LA,2017,10,2017-11-12,LA,HOU,30.250000,30.000000,7,7,33.000000
2017_10_LAC_JAX,2017,10,2017-11-12,JAX,LAC,24.250000,14.750000,7,14,20.000000
2017_10_MIN_WAS,2017,10,2017-11-12,WAS,MIN,21.500000,14.750000,7,14,30.000000
2017_10_NE_DEN,2017,10,2017-11-12,DEN,NE,13.000000,12.750000,7,14,16.000000
2017_10_NO_BUF,2017,10,2017-11-12,BUF,NO,25.250000,19.250000,10,7,10.000000
2017_10_NYG_SF,2017,10,2017-11-12,SF,NYG,13.500000,28.000000,7,7,31.000000
2017_10_NYJ_TB,2017,10,2017-11-12,TB,NYJ,18.250000,25.250000,7,10,15.000000
2017_10_PIT_IND,2017,10,2017-11-12,IND,PIT,16.250000,18.000000,7,14,17.000000
2017_10_MIA_CAR,2017,10,2017-11-13,CAR,MIA,15.750000,28.000000,8,8,45.000000
2017_11_TEN_PIT,2017,11,2017-11-16,PIT,TEN,22.000000,17.750000,4,4,40.000000
2017_11_ARI_HOU,2017,11,2017-11-19,HOU,ARI,23.000000,24.500000,7,10,31.000000
2017_11_BAL_GB,2017,11,2017-11-19,GB,BAL,16.750000,18.500000,7,14,0.000000
2017_11_BUF_LAC,2017,11,2017-11-19,LAC,BUF,17.000000,30.500000,7,7,54.000000
2017_11_CIN_DEN,2017,11,2017-11-19,DEN,CIN,14.500000,24.750000,7,7,17.000000
2017_11_DET_CHI,2017,11,2017-11-19,CHI,DET,18.000000,28.250000,7,7,24.000000
2017_11_JAX_CLE,2017,11,2017-11-19,CLE,JAX,16.500000,12.750000,7,7,7.000000
2017_11_KC_NYG,2017,11,2017-11-19,NYG,KC,17.000000,24.250000,7,14,12.000000
2017_11_LA_MIN,2017,11,2017-11-19,MIN,LA,29.500000,10.250000,7,7,24.000000
2017_11_NE_OAK,2017,11,2017-11-19,OAK,NE,22.000000,13.250000,14,7,8.000000
2017_11_PHI_DAL,2017,11,2017-11-19,DAL,PHI,27.000000,20.000000,7,14,9.000000
2017_11_TB_MIA,2017,11,2017-11-19,MIA,TB,19.000000,21.750000,6,7,20.000000
2017_11_WAS_NO,2017,11,2017-11-19,NO,WAS,30.750000,29.750000,7,7,34.000000
2017_11_ATL_SEA,2017,11,2017-11-20,SEA,ATL,25.250000,17.500000,11,8,31.000000
2017_12_LAC_DAL,2017,12,2017-11-23,DAL,LAC,19.250000,16.250000,4,4,6.000000
2017_12_MIN_DET,2017,12,2017-11-23,DET,MIN,27.500000,17.250000,4,4,23.000000
2017_12_NYG_WAS,2017,12,2017-11-23,WAS,NYG,24.250000,28.750000,4,4,20.000000
2017_12_BUF_KC,2017,12,2017-11-26,KC,BUF,21.250000,37.250000,7,7,10.000000
2017_12_CAR_NYJ,2017,12,2017-11-26,NYJ,CAR,23.000000,14.500000,14,13,27.000000
2017_12_CHI_PHI,2017,12,2017-11-26,PHI,CHI,38.750000,18.250000,7,7,31.000000
2017_12_CLE_CIN,2017,12,2017-11-26,CIN,CLE,17.750000,25.500000,7,7,30.000000
2017_12_DEN_OAK,2017,12,2017-11-26,OAK,DEN,20.000000,35.250000,7,7,21.000000
2017_12_GB_PIT,2017,12,2017-11-26,PIT,GB,27.250000,23.750000,10,7,31.000000
2017_12_JAX_ARI,2017,12,2017-11-26,ARI,JAX,14.250000,7.750000,7,7,27.000000
2017_12_MIA_NE,2017,12,2017-11-26,NE,MIA,29.500000,35.500000,7,7,35.000000
2017_12_NO_LA,2017,12,2017-11-26,LA,NO,31.000000,15.750000,7,7,26.000000
2017_12_SEA_SF,2017,12,2017-11-26,SF,SEA,15.250000,26.250000,14,6,13.000000
2017_12_TB_ATL,2017,12,2017-11-26,ATL,TB,25.750000,19.250000,6,7,34.000000
2017_12_TEN_IND,2017,12,2017-11-26,IND,TEN,15.000000,22.250000,14,10,16.000000
2017_12_HOU_BAL,2017,12,2017-11-27,BAL,HOU,24.750000,28.750000,8,8,23.000000
2017_13_WAS_DAL,2017,13,2017-11-30,DAL,WAS,12.500000,24.000000,7,7,38.000000
2017_13_CAR_NO,2017,13,2017-12-03,NO,CAR,32.750000,17.000000,7,7,31.000000
2017_13_CLE_LAC,2017,13,2017-12-03,LAC,CLE,28.000000,30.000000,10,7,19.000000
2017_13_DEN_MIA,2017,13,2017-12-03,MIA,DEN,20.500000,33.250000,7,7,35.000000
2017_13_DET_BAL,2017,13,2017-12-03,BAL,DET,26.500000,23.750000,6,10,44.000000
2017_13_HOU_TEN,2017,13,2017-12-03,TEN,HOU,21.000000,24.250000,7,6,24.000000
2017_13_IND_JAX,2017,13,2017-12-03,JAX,IND,21.500000,19.500000,7,7,30.000000
2017_13_KC_NYJ,2017,13,2017-12-03,NYJ,KC,22.750000,18.750000,7,7,38.000000
2017_13_LA_ARI,2017,13,2017-12-03,ARI,LA,21.000000,17.000000,7,7,16.000000
2017_13_MIN_ATL,2017,13,2017-12-03,ATL,MIN,28.000000,19.000000,7,10,9.000000
2017_13_NE_BUF,2017,13,2017-12-03,BUF,NE,17.750000,13.500000,7,7,3.000000
2017_13_NYG_OAK,2017,13,2017-12-03,OAK,NYG,17.500000,27.750000,7,10,24.000000
2017_13_PHI_SEA,2017,13,2017-12-03,SEA,PHI,22.750000,11.250000,7,7,24.000000
2017_13_SF_CHI,2017,13,2017-12-03,CHI,SF,13.750000,24.500000,7,7,14.000000
2017_13_TB_GB,2017,13,2017-12-03,GB,TB,17.000000,23.500000,7,7,26.000000
2017_13_PIT_CIN,2017,13,2017-12-04,CIN,PIT,19.250000,19.250000,8,8,20.000000
2017_14_NO_ATL,2017,14,2017-12-07,ATL,NO,26.000000,22.000000,4,4,20.000000
2017_14_BAL_PIT,2017,14,2017-12-10,PIT,BAL,28.500000,14.750000,6,7,39.000000
2017_14_CHI_CIN,2017,14,2017-12-10,CIN,CHI,22.500000,24.000000,6,7,7.000000
2017_14_DAL_NYG,2017,14,2017-12-10,NYG,DAL,15.000000,26.500000,7,10,10.000000
2017_14_DET_TB,2017,14,2017-12-10,TB,DET,21.250000,30.500000,7,7,21.000000
2017_14_GB_CLE,2017,14,2017-12-10,CLE,GB,14.250000,22.500000,7,7,21.000000
2017_14_IND_BUF,2017,14,2017-12-10,BUF,IND,13.250000,21.000000,7,7,13.000000
2017_14_MIN_CAR,2017,14,2017-12-10,CAR,MIN,30.250000,17.250000,7,7,31.000000
2017_14_NYJ_DEN,2017,14,2017-12-10,DEN,NYJ,14.000000,25.500000,7,7,23.000000
2017_14_OAK_KC,2017,14,2017-12-10,KC,OAK,16.750000,22.000000,7,7,26.000000
2017_14_PHI_LA,2017,14,2017-12-10,LA,PHI,24.500000,14.750000,7,7,35.000000
2017_14_SEA_JAX,2017,14,2017-12-10,JAX,SEA,23.250000,18.250000,7,7,30.000000
2017_14_SF_HOU,2017,14,2017-12-10,HOU,SF,16.750000,19.750000,7,7,16.000000
2017_14_TEN_ARI,2017,14,2017-12-10,ARI,TEN,20.000000,22.250000,7,7,12.000000
2017_14_WAS_LAC,2017,14,2017-12-10,LAC,WAS,29.500000,30.000000,7,10,30.000000
2017_14_NE_MIA,2017,14,2017-12-11,MIA,NE,23.250000,11.000000,8,8,27.000000
2017_15_DEN_IND,2017,15,2017-12-14,IND,DEN,12.500000,19.000000,4,4,13.000000
2017_15_CHI_DET,2017,15,2017-12-16,DET,CHI,23.500000,20.000000,6,6,20.000000
2017_15_LAC_KC,2017,15,2017-12-16,KC,LAC,19.000000,13.250000,6,6,30.000000
2017_15_ARI_WAS,2017,15,2017-12-17,WAS,ARI,19.500000,23.500000,7,7,20.000000
2017_15_BAL_CLE,2017,15,2017-12-17,CLE,BAL,13.500000,18.750000,7,7,10.000000
2017_15_CIN_MIN,2017,15,2017-12-17,MIN,CIN,23.000000,22.250000,7,7,34.000000
2017_15_DAL_OAK,2017,15,2017-12-17,OAK,DAL,17.000000,22.250000,7,7,17.000000
2017_15_GB_CAR,2017,15,2017-12-17,CAR,GB,33.000000,23.750000,7,7,31.000000
2017_15_HOU_JAX,2017,15,2017-12-17,JAX,HOU,25.750000,23.500000,7,7,45.000000
2017_15_LA_SEA,2017,15,2017-12-17,SEA,LA,25.750000,25.750000,7,7,7.000000
2017_15_MIA_BUF,2017,15,2017-12-17,BUF,MIA,14.000000,23.500000,7,6,24.000000
2017_15_NE_PIT,2017,15,2017-12-17,PIT,NE,33.250000,13.750000,7,6,24.000000
2017_15_NYJ_NO,2017,15,2017-12-17,NO,NYJ,25.500000,26.000000,10,7,31.000000
2017_15_PHI_NYG,2017,15,2017-12-17,NYG,PHI,12.250000,17.750000,7,7,29.000000
2017_15_TEN_SF,2017,15,2017-12-17,SF,TEN,21.250000,20.250000,7,7,25.000000
2017_15_ATL_TB,2017,15,2017-12-18,TB,ATL,22.750000,20.500000,8,11,21.000000
2017_16_IND_BAL,2017,16,2017-12-23,BAL,IND,33.000000,22.000000,6,9,23.000000
2017_16_MIN_GB,2017,16,2017-12-23,GB,MIN,26.250000,17.500000,6,6,0.000000
2017_16_ATL_NO,2017,16,2017-12-24,NO,ATL,24.750000,18.000000,7,6,23.000000
2017_16_BUF_NE,2017,16,2017-12-24,NE,BUF,26.250000,14.000000,7,7,37.000000
2017_16_CLE_CHI,2017,16,2017-12-24,CHI,CLE,15.000000,25.750000,8,7,20.000000
2017_16_DEN_WAS,2017,16,2017-12-24,WAS,DEN,16.750000,17.250000,7,10,27.000000
2017_16_DET_CIN,2017,16,2017-12-24,CIN,DET,16.000000,26.250000,7,8,26.000000
2017_16_JAX_SF,2017,16,2017-12-24,SF,JAX,19.750000,17.000000,7,7,44.000000
2017_16_LAC_NYJ,2017,16,2017-12-24,NYJ,LAC,21.000000,14.750000,7,8,7.000000
2017_16_LA_TEN,2017,16,2017-12-24,TEN,LA,18.500000,21.500000,7,7,23.000000
2017_16_MIA_KC,2017,16,2017-12-24,KC,MIA,24.250000,22.000000,8,7,29.000000
2017_16_NYG_ARI,2017,16,2017-12-24,ARI,NYG,17.500000,27.000000,7,7,23.000000
2017_16_SEA_DAL,2017,16,2017-12-24,DAL,SEA,23.500000,23.750000,7,7,12.000000
2017_16_TB_CAR,2017,16,2017-12-24,CAR,TB,29.500000,27.000000,7,6,22.000000
2017_16_OAK_PHI,2017,16,2017-12-25,PHI,OAK,29.500000,19.250000,8,8,19.000000
2017_16_PIT_HOU,2017,16,2017-12-25,HOU,PIT,13.000000,28.250000,8,8,6.000000
2017_17_ARI_SEA,2017,17,2017-12-31,SEA,ARI,19.000000,14.750000,7,7,24.000000
2017_17_BUF_MIA,2017,17,2017-12-31,MIA,BUF,22.750000,20.750000,7,7,16.000000
2017_17_CAR_ATL,2017,17,2017-12-31,ATL,CAR,16.500000,24.500000,7,7,22.000000
2017_17_CHI_MIN,2017,17,2017-12-31,MIN,CHI,22.000000,11.250000,8,7,23.000000
2017_17_CIN_BAL,2017,17,2017-12-31,BAL,CIN,33.000000,26.750000,8,7,27.000000
2017_17_CLE_PIT,2017,17,2017-12-31,PIT,CLE,30.000000,23.250000,6,7,28.000000
2017_17_DAL_PHI,2017,17,2017-12-31,PHI,DAL,26.500000,15.500000,6,7,0.000000
2017_17_GB_DET,2017,17,2017-12-31,DET,GB,20.250000,22.000000,7,8,35.000000
2017_17_HOU_IND,2017,17,2017-12-31,IND,HOU,11.500000,32.250000,8,6,22.000000
2017_17_JAX_TEN,2017,17,2017-12-31,TEN,JAX,19.250000,21.250000,7,7,15.000000
2017_17_KC_DEN,2017,17,2017-12-31,DEN,KC,17.000000,19.750000,7,7,24.000000
2017_17_NO_TB,2017,17,2017-12-31,TB,NO,20.250000,18.250000,7,7,31.000000
2017_17_NYJ_NE,2017,17,2017-12-31,NE,NYJ,26.750000,24.750000,7,7,26.000000
2017_17_OAK_LAC,2017,17,2017-12-31,LAC,OAK,19.000000,20.500000,7,6,30.000000
2017_17_SF_LA,2017,17,2017-12-31,LA,SF,34.000000,21.500000,7,7,13.000000
2017_17_WAS_NYG,2017,17,2017-12-31,NYG,WAS,14.000000,23.500000,7,7,18.000000
2018_05_IND_NE,2018,5,2018-10-04,NE,IND,23.750000,25.000000,4,4,38.000000
2018_05_ARI_SF,2018,5,2018-10-07,SF,ARI,25.000000,23.500000,7,7,18.000000
2018_05_ATL_PIT,2018,5,2018-10-07,PIT,ATL,25.500000,30.500000,7,7,41.000000
2018_05_BAL_CLE,2018,5,2018-10-07,CLE,BAL,25.500000,16.250000,7,7,12.000000
2018_05_DAL_HOU,2018,5,2018-10-07,HOU,DAL,24.000000,19.250000,7,7,19.000000
2018_05_DEN_NYJ,2018,5,2018-10-07,NYJ,DEN,22.250000,24.250000,7,6,34.000000
2018_05_GB_DET,2018,5,2018-10-07,DET,GB,23.500000,20.750000,7,7,31.000000
2018_05_JAX_KC,2018,5,2018-10-07,KC,JAX,36.250000,14.000000,6,7,30.000000
2018_05_LA_SEA,2018,5,2018-10-07,SEA,LA,21.250000,16.750000,7,10,31.000000
2018_05_MIA_CIN,2018,5,2018-10-07,CIN,MIA,31.500000,22.500000,7,7,27.000000
2018_05_MIN_PHI,2018,5,2018-10-07,PHI,MIN,20.500000,27.500000,7,10,21.000000
2018_05_OAK_LAC,2018,5,2018-10-07,LAC,OAK,27.750000,30.750000,7,7,26.000000
2018_05_TEN_BUF,2018,5,2018-10-07,BUF,TEN,12.500000,18.250000,7,7,13.000000
2018_06_PHI_NYG,2018,6,2018-10-11,NYG,PHI,22.250000,23.000000,4,4,13.000000
2018_06_ARI_MIN,2018,6,2018-10-14,MIN,ARI,22.250000,22.000000,7,7,27.000000
2018_06_BAL_TEN,2018,6,2018-10-14,TEN,BAL,16.750000,18.500000,7,7,0.000000
2018_06_BUF_HOU,2018,6,2018-10-14,HOU,BUF,23.750000,17.750000,7,7,20.000000
2018_06_CAR_WAS,2018,6,2018-10-14,WAS,CAR,20.750000,22.750000,6,7,23.000000
2018_06_CHI_MIA,2018,6,2018-10-14,MIA,CHI,18.000000,16.250000,7,14,31.000000
2018_06_IND_NYJ,2018,6,2018-10-14,NYJ,IND,18.750000,26.000000,7,10,42.000000
2018_06_JAX_DAL,2018,6,2018-10-14,DAL,JAX,18.750000,17.750000,7,7,40.000000
2018_06_KC_NE,2018,6,2018-10-14,NE,KC,26.500000,25.250000,10,7,43.000000
2018_06_LAC_CLE,2018,6,2018-10-14,CLE,LAC,23.250000,23.000000,7,7,14.000000
2018_06_LA_DEN,2018,6,2018-10-14,DEN,LA,18.250000,21.250000,7,7,20.000000
2018_06_PIT_CIN,2018,6,2018-10-14,CIN,PIT,29.750000,28.000000,7,7,21.000000
2018_06_SEA_OAK,2018,6,2018-10-14,OAK,SEA,23.500000,21.750000,7,7,3.000000
2018_06_TB_ATL,2018,6,2018-10-14,ATL,TB,30.250000,34.750000,7,14,34.000000
2018_06_SF_GB,2018,6,2018-10-15,GB,SF,22.750000,30.500000,8,8,33.000000
2018_07_DEN_ARI,2018,7,2018-10-18,ARI,DEN,19.000000,27.750000,4,4,10.000000
2018_07_BUF_IND,2018,7,2018-10-21,IND,BUF,27.000000,15.000000,7,7,37.000000
2018_07_CAR_PHI,2018,7,2018-10-21,PHI,CAR,24.500000,26.500000,10,7,17.000000
2018_07_CIN_KC,2018,7,2018-10-21,KC,CIN,33.750000,28.000000,7,7,45.000000
2018_07_CLE_TB,2018,7,2018-10-21,TB,CLE,23.250000,27.250000,7,7,26.000000
2018_07_DAL_WAS,2018,7,2018-10-21,WAS,DAL,20.500000,18.500000,7,7,20.000000
2018_07_DET_MIA,2018,7,2018-10-21,MIA,DET,20.750000,22.250000,7,14,21.000000
2018_07_HOU_JAX,2018,7,2018-10-21,JAX,HOU,14.500000,22.500000,7,7,7.000000
2018_07_LA_SF,2018,7,2018-10-21,SF,LA,25.500000,26.250000,6,7,10.000000
2018_07_MIN_NYJ,2018,7,2018-10-21,NYJ,MIN,26.250000,25.750000,7,7,17.000000
2018_07_NE_CHI,2018,7,2018-10-21,CHI,NE,29.000000,24.250000,7,7,31.000000
2018_07_NO_BAL,2018,7,2018-10-21,BAL,NO,20.750000,23.000000,7,13,23.000000
2018_07_TEN_LAC,2018,7,2018-10-21,LAC,TEN,29.000000,15.750000,7,7,20.000000
2018_07_NYG_ATL,2018,7,2018-10-22,ATL,NYG,31.000000,30.500000,8,11,23.000000
2018_08_MIA_HOU,2018,8,2018-10-25,HOU,MIA,24.000000,31.250000,4,4,42.000000
2018_08_BAL_CAR,2018,8,2018-10-28,CAR,BAL,25.500000,12.500000,7,7,36.000000
2018_08_CLE_PIT,2018,8,2018-10-28,PIT,CLE,28.250000,29.500000,14,7,33.000000
2018_08_DEN_KC,2018,8,2018-10-28,KC,DEN,35.500000,23.500000,7,10,30.000000
2018_08_GB_LA,2018,8,2018-10-28,LA,GB,33.250000,23.000000,7,13,29.000000
2018_08_IND_OAK,2018,8,2018-10-28,OAK,IND,19.500000,30.500000,14,7,28.000000
2018_08_NO_MIN,2018,8,2018-10-28,MIN,NO,29.500000,24.250000,7,7,20.000000
2018_08_NYJ_CHI,2018,8,2018-10-28,CHI,NYJ,30.750000,29.500000,7,7,24.000000
2018_08_PHI_JAX,2018,8,2018-10-28,JAX,PHI,14.750000,20.750000,7,7,18.000000
2018_08_SEA_DET,2018,8,2018-10-28,DET,SEA,28.250000,16.500000,7,14,14.000000
2018_08_SF_ARI,2018,8,2018-10-28,ARI,SF,18.000000,32.250000,10,7,18.000000
2018_08_TB_CIN,2018,8,2018-10-28,CIN,TB,23.750000,33.750000,7,7,37.000000
2018_08_WAS_NYG,2018,8,2018-10-28,NYG,WAS,20.500000,23.500000,6,7,13.000000
2018_08_NE_BUF,2018,8,2018-10-29,BUF,NE,7.750000,25.500000,8,8,6.000000
2018_09_OAK_SF,2018,9,2018-11-01,SF,OAK,18.250000,34.250000,4,4,34.000000
2018_09_ATL_WAS,2018,9,2018-11-04,WAS,ATL,20.500000,31.750000,7,13,14.000000
2018_09_CHI_BUF,2018,9,2018-11-04,BUF,CHI,9.250000,22.250000,6,7,9.000000
2018_09_DET_MIN,2018,9,2018-11-04,MIN,DET,26.750000,24.500000,7,7,24.000000
2018_09_GB_NE,2018,9,2018-11-04,NE,GB,36.000000,22.500000,6,7,31.000000
2018_09_HOU_DEN,2018,9,2018-11-04,DEN,HOU,26.000000,14.750000,7,10,17.000000
2018_09_KC_CLE,2018,9,2018-11-04,CLE,KC,16.750000,22.500000,7,7,21.000000
2018_09_LAC_SEA,2018,9,2018-11-04,SEA,LAC,26.500000,17.500000,7,14,17.000000
2018_09_LA_NO,2018,9,2018-11-04,NO,LA,32.500000,22.000000,7,7,45.000000
2018_09_NYJ_MIA,2018,9,2018-11-04,MIA,NYJ,23.000000,27.750000,10,7,13.000000
2018_09_PIT_BAL,2018,9,2018-11-04,BAL,PIT,18.500000,20.500000,7,7,16.000000
2018_09_TB_CAR,2018,9,2018-11-04,CAR,TB,26.750000,35.500000,7,7,42.000000
2018_09_TEN_DAL,2018,9,2018-11-05,DAL,TEN,24.750000,19.250000,15,15,14.000000
2018_10_CAR_PIT,2018,10,2018-11-08,PIT,CAR,31.250000,22.250000,4,4,52.000000
2018_10_ARI_KC,2018,10,2018-11-11,KC,ARI,38.000000,26.250000,7,14,26.000000
2018_10_ATL_CLE,2018,10,2018-11-11,CLE,ATL,19.000000,26.000000,7,7,28.000000
2018_10_BUF_NYJ,2018,10,2018-11-11,NYJ,BUF,18.750000,30.750000,7,7,10.000000
2018_10_DAL_PHI,2018,10,2018-11-11,PHI,DAL,24.000000,18.500000,14,6,20.000000
2018_10_DET_CHI,2018,10,2018-11-11,CHI,DET,31.000000,24.000000,7,7,34.000000
2018_10_JAX_IND,2018,10,2018-11-11,IND,JAX,34.250000,28.500000,14,14,29.000000
2018_10_LAC_OAK,2018,10,2018-11-11,OAK,LAC,11.000000,15.000000,10,7,6.000000
2018_10_MIA_GB,2018,10,2018-11-11,GB,MIA,25.000000,27.000000,7,7,31.000000
2018_10_NE_TEN,2018,10,2018-11-11,TEN,NE,14.750000,23.500000,6,7,34.000000
2018_10_NO_CIN,2018,10,2018-11-11,CIN,NO,23.750000,24.250000,14,7,14.000000
2018_10_SEA_LA,2018,10,2018-11-11,LA,SEA,31.500000,18.750000,7,7,36.000000
2018_10_WAS_TB,2018,10,2018-11-11,TB,WAS,29.250000,21.250000,7,7,3.000000
2018_10_NYG_SF,2018,10,2018-11-12,SF,NYG,22.250000,27.500000,11,15,23.000000
2018_11_GB_SEA,2018,11,2018-11-15,SEA,GB,25.750000,25.500000,4,4,27.000000
2018_11_CAR_DET,2018,11,2018-11-18,DET,CAR,19.250000,29.500000,7,10,20.000000
2018_11_CIN_BAL,2018,11,2018-11-18,BAL,CIN,20.250000,39.500000,14,7,24.000000
2018_11_DAL_ATL,2018,11,2018-11-18,ATL,DAL,27.750000,18.750000,7,7,19.000000
2018_11_DEN_LAC,2018,11,2018-11-18,LAC,DEN,25.750000,20.500000,7,14,22.000000
2018_11_HOU_WAS,2018,11,2018-11-18,WAS,HOU,17.500000,15.000000,7,14,21.000000
2018_11_MIN_CHI,2018,11,2018-11-18,CHI,MIN,32.500000,18.250000,7,14,25.000000
2018_11_OAK_ARI,2018,11,2018-11-18,ARI,OAK,14.750000,30.750000,7,7,21.000000
2018_11_PHI_NO,2018,11,2018-11-18,NO,PHI,37.500000,19.750000,7,7,48.000000
2018_11_PIT_JAX,2018,11,2018-11-18,JAX,PIT,14.500000,19.000000,7,10,16.000000
2018_11_TB_NYG,2018,11,2018-11-18,NYG,TB,18.250000,29.500000,6,7,38.000000
2018_11_TEN_IND,2018,11,2018-11-18,IND,TEN,35.500000,16.250000,7,7,38.000000
2018_11_KC_LA,2018,11,2018-11-19,LA,KC,34.750000,17.000000,8,8,54.000000
2018_12_ATL_NO,2018,12,2018-11-22,NO,ATL,43.500000,21.000000,4,4,31.000000
2018_12_CHI_DET,2018,12,2018-11-22,DET,CHI,16.250000,15.250000,4,4,16.000000
2018_12_WAS_DAL,2018,12,2018-11-22,DAL,WAS,20.000000,19.250000,4,4,31.000000
2018_12_ARI_LAC,2018,12,2018-11-25,LAC,ARI,21.750000,27.250000,7,7,45.000000
2018_12_CLE_CIN,2018,12,2018-11-25,CIN,CLE,20.500000,28.000000,7,14,20.000000
2018_12_GB_MIN,2018,12,2018-11-25,MIN,GB,25.250000,24.750000,7,10,24.000000
2018_12_JAX_BUF,2018,12,2018-11-25,BUF,JAX,15.250000,23.250000,14,7,24.000000
2018_12_MIA_IND,2018,12,2018-11-25,IND,MIA,36.500000,27.750000,7,14,27.000000
2018_12_NE_NYJ,2018,12,2018-11-25,NYJ,NE,10.750000,22.000000,14,14,13.000000
2018_12_NYG_PHI,2018,12,2018-11-25,PHI,NYG,17.000000,25.250000,7,7,25.000000
2018_12_OAK_BAL,2018,12,2018-11-25,BAL,OAK,21.000000,29.250000,7,7,34.000000
2018_12_PIT_DEN,2018,12,2018-11-25,DEN,PIT,27.000000,17.750000,7,7,24.000000
2018_12_SEA_CAR,2018,12,2018-11-25,CAR,SEA,29.500000,24.750000,7,10,27.000000
2018_12_SF_TB,2018,12,2018-11-25,TB,SF,25.000000,21.750000,7,13,27.000000
2018_12_TEN_HOU,2018,12,2018-11-26,HOU,TEN,26.000000,20.500000,8,8,34.000000
2018_13_NO_DAL,2018,13,2018-11-29,DAL,NO,23.500000,18.250000,7,7,13.000000
2018_13_ARI_GB,2018,13,2018-12-02,GB,ARI,22.250000,27.250000,7,7,17.000000
2018_13_BAL_ATL,2018,13,2018-12-02,ATL,BAL,22.500000,24.250000,10,7,16.000000
2018_13_BUF_MIA,2018,13,2018-12-02,MIA,BUF,18.000000,24.250000,7,7,21.000000
2018_13_CAR_TB,2018,13,2018-12-02,TB,CAR,23.250000,32.500000,7,7,24.000000
2018_13_CHI_NYG,2018,13,2018-12-02,NYG,CHI,25.000000,16.750000,7,10,30.000000
2018_13_CLE_HOU,2018,13,2018-12-02,HOU,CLE,29.500000,26.500000,6,7,29.000000
2018_13_DEN_CIN,2018,13,2018-12-02,CIN,DEN,23.000000,22.000000,7,7,10.000000
2018_13_IND_JAX,2018,13,2018-12-02,JAX,IND,20.250000,22.000000,7,7,6.000000
2018_13_KC_OAK,2018,13,2018-12-02,OAK,KC,12.250000,28.000000,7,13,33.000000
2018_13_LAC_PIT,2018,13,2018-12-02,PIT,LAC,28.000000,14.000000,7,7,30.000000
2018_13_LA_DET,2018,13,2018-12-02,DET,LA,16.750000,38.500000,10,13,16.000000
2018_13_MIN_NE,2018,13,2018-12-02,NE,MIN,23.250000,20.250000,7,7,24.000000
2018_13_NYJ_TEN,2018,13,2018-12-02,TEN,NYJ,22.250000,26.250000,6,7,26.000000
2018_13_SF_SEA,2018,13,2018-12-02,SEA,SF,26.250000,18.750000,7,7,43.000000
2018_13_WAS_PHI,2018,13,2018-12-03,PHI,WAS,19.000000,23.750000,8,11,28.000000
2018_14_JAX_TEN,2018,14,2018-12-06,TEN,JAX,21.750000,18.250000,4,4,30.000000
2018_14_ATL_GB,2018,14,2018-12-09,GB,ATL,22.250000,26.750000,7,7,34.000000
2018_14_BAL_KC,2018,14,2018-12-09,KC,BAL,38.500000,19.250000,7,7,27.000000
2018_14_CAR_CLE,2018,14,2018-12-09,CLE,CAR,24.250000,31.500000,7,7,26.000000
2018_14_CIN_LAC,2018,14,2018-12-09,LAC,CIN,30.000000,33.500000,7,7,26.000000
2018_14_DEN_SF,2018,14,2018-12-09,SF,DEN,20.500000,17.000000,7,7,20.000000
2018_14_DET_ARI,2018,14,2018-12-09,ARI,DET,16.250000,26.500000,7,7,3.000000
2018_14_IND_HOU,2018,14,2018-12-09,HOU,IND,26.250000,16.500000,7,7,21.000000
2018_14_LA_CHI,2018,14,2018-12-09,CHI,LA,27.250000,35.750000,7,7,15.000000
2018_14_NE_MIA,2018,14,2018-12-09,MIA,NE,17.500000,18.500000,7,7,34.000000
2018_14_NO_TB,2018,14,2018-12-09,TB,NO,22.250000,12.750000,7,10,14.000000
2018_14_NYG_WAS,2018,14,2018-12-09,WAS,NYG,18.250000,27.500000,6,7,16.000000
2018_14_NYJ_BUF,2018,14,2018-12-09,BUF,NYJ,22.750000,26.750000,7,7,23.000000
2018_14_PHI_DAL,2018,14,2018-12-09,DAL,PHI,23.250000,27.500000,10,6,29.000000
2018_14_PIT_OAK,2018,14,2018-12-09,OAK,PIT,19.750000,23.500000,7,7,24.000000
2018_14_MIN_SEA,2018,14,2018-12-10,SEA,MIN,32.750000,18.750000,8,8,21.000000
2018_15_LAC_KC,2018,15,2018-12-13,KC,LAC,36.000000,21.000000,4,4,28.000000
2018_15_CLE_DEN,2018,15,2018-12-15,DEN,CLE,21.250000,21.250000,6,6,16.000000
2018_15_HOU_NYJ,2018,15,2018-12-15,NYJ,HOU,18.000000,18.750000,6,6,22.000000
2018_15_ARI_ATL,2018,15,2018-12-16,ATL,ARI,18.000000,25.500000,7,7,40.000000
2018_15_DAL_IND,2018,15,2018-12-16,IND,DAL,22.250000,18.750000,7,7,23.000000
2018_15_DET_BUF,2018,15,2018-12-16,BUF,DET,26.250000,18.750000,7,7,14.000000
2018_15_GB_CHI,2018,15,2018-12-16,CHI,GB,22.500000,22.750000,7,7,24.000000
2018_15_MIA_MIN,2018,15,2018-12-16,MIN,MIA,15.250000,27.000000,6,7,41.000000
2018_15_NE_PIT,2018,15,2018-12-16,PIT,NE,22.000000,22.750000,7,7,17.000000
2018_15_OAK_CIN,2018,15,2018-12-16,CIN,OAK,18.000000,29.000000,7,7,30.000000
2018_15_PHI_LA,2018,15,2018-12-16,LA,PHI,31.500000,28.000000,7,7,23.000000
2018_15_SEA_SF,2018,15,2018-12-16,SF,SEA,17.000000,18.500000,7,6,26.000000
2018_15_TB_BAL,2018,15,2018-12-16,BAL,TB,27.000000,23.000000,7,7,20.000000
2018_15_TEN_NYG,2018,15,2018-12-16,NYG,TEN,32.500000,25.750000,7,10,0.000000
2018_15_WAS_JAX,2018,15,2018-12-16,JAX,WAS,13.000000,30.500000,10,7,13.000000
2018_15_NO_CAR,2018,15,2018-12-17,CAR,NO,20.750000,12.750000,8,8,9.000000
2018_16_BAL_LAC,2018,16,2018-12-22,LAC,BAL,33.250000,18.000000,9,6,10.000000
2018_16_WAS_TEN,2018,16,2018-12-22,TEN,WAS,22.500000,28.000000,6,6,25.000000
2018_16_ATL_CAR,2018,16,2018-12-23,CAR,ATL,18.250000,26.250000,6,7,10.000000
2018_16_BUF_NE,2018,16,2018-12-23,NE,BUF,23.500000,20.500000,7,7,24.000000
2018_16_CHI_SF,2018,16,2018-12-23,SF,CHI,17.750000,17.250000,7,7,9.000000
2018_16_CIN_CLE,2018,16,2018-12-23,CLE,CIN,22.750000,25.250000,8,7,26.000000
2018_16_GB_NYJ,2018,16,2018-12-23,NYJ,GB,21.000000,22.000000,8,7,38.000000
2018_16_HOU_PHI,2018,16,2018-12-23,PHI,HOU,26.500000,19.000000,7,8,32.000000
2018_16_JAX_MIA,2018,16,2018-12-23,MIA,JAX,24.000000,17.500000,7,7,7.000000
2018_16_KC_SEA,2018,16,2018-12-23,SEA,KC,29.250000,35.000000,7,10,38.000000
2018_16_LA_ARI,2018,16,2018-12-23,ARI,LA,11.750000,28.000000,7,7,9.000000
2018_16_MIN_DET,2018,16,2018-12-23,DET,MIN,15.500000,19.750000,7,7,9.000000
2018_16_NYG_IND,2018,16,2018-12-23,IND,NYG,18.500000,21.250000,7,7,28.000000
2018_16_PIT_NO,2018,16,2018-12-23,NO,PIT,20.250000,22.750000,6,7,31.000000
2018_16_TB_DAL,2018,16,2018-12-23,DAL,TB,18.250000,18.500000,7,7,27.000000
2018_16_DEN_OAK,2018,16,2018-12-24,OAK,DEN,22.500000,16.000000,8,9,27.000000
2018_17_ARI_SEA,2018,17,2018-12-30,SEA,ARI,31.250000,26.250000,7,7,27.000000
2018_17_ATL_TB,2018,17,2018-12-30,TB,ATL,17.500000,21.000000,7,7,32.000000
2018_17_CAR_NO,2018,17,2018-12-30,NO,CAR,20.250000,21.500000,7,7,14.000000
2018_17_CHI_MIN,2018,17,2018-12-30,MIN,CHI,21.250000,15.500000,7,7,10.000000
2018_17_CIN_PIT,2018,17,2018-12-30,PIT,CIN,24.000000,23.000000,7,7,16.000000
2018_17_CLE_BAL,2018,17,2018-12-30,BAL,CLE,23.000000,20.750000,8,7,26.000000
2018_17_DAL_NYG,2018,17,2018-12-30,NYG,DAL,24.250000,19.000000,7,7,35.000000
2018_17_DET_GB,2018,17,2018-12-30,GB,DET,28.000000,18.500000,7,7,0.000000
2018_17_IND_TEN,2018,17,2018-12-30,TEN,IND,24.500000,13.500000,8,7,17.000000
2018_17_JAX_HOU,2018,17,2018-12-30,HOU,JAX,27.250000,13.250000,7,7,20.000000
2018_17_LAC_DEN,2018,17,2018-12-30,DEN,LAC,17.000000,25.250000,6,8,9.000000
2018_17_MIA_BUF,2018,17,2018-12-30,BUF,MIA,16.500000,27.000000,7,7,42.000000
2018_17_NYJ_NE,2018,17,2018-12-30,NE,NYJ,22.750000,30.500000,7,7,38.000000
2018_17_OAK_KC,2018,17,2018-12-30,KC,OAK,31.500000,26.250000,7,6,35.000000
2018_17_PHI_WAS,2018,17,2018-12-30,WAS,PHI,15.250000,23.750000,8,7,0.000000
2018_17_SF_LA,2018,17,2018-12-30,LA,SF,22.500000,23.500000,7,7,48.000000
2019_05_LA_SEA,2019,5,2019-10-03,SEA,LA,25.750000,26.000000,4,4,30.000000
2019_05_ARI_CIN,2019,5,2019-10-06,CIN,ARI,14.250000,28.750000,6,7,23.000000
2019_05_ATL_HOU,2019,5,2019-10-06,HOU,ATL,19.500000,24.750000,7,7,53.000000
2019_05_BAL_PIT,2019,5,2019-10-06,PIT,BAL,19.000000,25.000000,6,7,23.000000
2019_05_BUF_TEN,2019,5,2019-10-06,TEN,BUF,22.750000,15.750000,7,7,7.000000
2019_05_CHI_OAK,2019,5,2019-10-06,OAK,CHI,19.750000,11.250000,7,7,24.000000
2019_05_DEN_LAC,2019,5,2019-10-06,LAC,DEN,22.500000,23.250000,7,7,13.000000
2019_05_GB_DAL,2019,5,2019-10-06,DAL,GB,26.750000,17.250000,7,10,24.000000
2019_05_IND_KC,2019,5,2019-10-06,KC,IND,33.750000,25.500000,7,7,13.000000
2019_05_JAX_CAR,2019,5,2019-10-06,CAR,JAX,23.750000,21.000000,7,7,34.000000
2019_05_MIN_NYG,2019,5,2019-10-06,NYG,MIN,21.750000,15.750000,7,7,10.000000
2019_05_NE_WAS,2019,5,2019-10-06,WAS,NE,16.500000,6.750000,7,7,7.000000
2019_05_TB_NO,2019,5,2019-10-06,NO,TB,21.000000,29.250000,7,7,31.000000
2019_06_NYG_NE,2019,6,2019-10-10,NE,NYG,30.500000,22.500000,4,4,35.000000
2019_06_ATL_ARI,2019,6,2019-10-13,ARI,ATL,18.250000,31.000000,7,7,34.000000
2019_06_CAR_TB,2019,6,2019-10-13,TB,CAR,32.500000,19.250000,7,7,26.000000
2019_06_CIN_BAL,2019,6,2019-10-13,BAL,CIN,25.500000,28.750000,7,7,23.000000
2019_06_DAL_NYJ,2019,6,2019-10-13,NYJ,DAL,9.750000,18.250000,7,7,24.000000
2019_06_HOU_KC,2019,6,2019-10-13,KC,HOU,27.000000,20.000000,7,7,24.000000
2019_06_NO_JAX,2019,6,2019-10-13,JAX,NO,21.250000,22.000000,7,7,6.000000
2019_06_PHI_MIN,2019,6,2019-10-13,MIN,PHI,21.000000,21.000000,7,7,38.000000
2019_06_PIT_LAC,2019,6,2019-10-13,LAC,PIT,18.250000,20.250000,7,7,17.000000
2019_06_SEA_CLE,2019,6,2019-10-13,CLE,SEA,19.750000,24.500000,6,10,28.000000
2019_06_SF_LA,2019,6,2019-10-13,LA,SF,29.000000,14.250000,10,6,7.000000
2019_06_TEN_DEN,2019,6,2019-10-13,DEN,TEN,18.500000,15.750000,7,7,16.000000
2019_06_WAS_MIA,2019,6,2019-10-13,MIA,WAS,6.500000,29.750000,14,7,16.000000
2019_06_DET_GB,2019,6,2019-10-14,GB,DET,27.250000,23.750000,8,15,23.000000
2019_07_KC_DEN,2019,7,2019-10-17,DEN,KC,19.000000,27.000000,4,4,6.000000
2019_07_ARI_NYG,2019,7,2019-10-20,NYG,ARI,20.000000,30.250000,10,7,21.000000
2019_07_BAL_SEA,2019,7,2019-10-20,SEA,BAL,29.000000,28.250000,7,7,16.000000
2019_07_HOU_IND,2019,7,2019-10-20,IND,HOU,22.250000,23.000000,14,7,30.000000
2019_07_JAX_CIN,2019,7,2019-10-20,CIN,JAX,15.000000,19.500000,7,7,17.000000
2019_07_LAC_TEN,2019,7,2019-10-20,TEN,LAC,9.500000,20.250000,7,7,23.000000
2019_07_LA_ATL,2019,7,2019-10-20,ATL,LA,24.750000,29.500000,7,7,10.000000
2019_07_MIA_BUF,2019,7,2019-10-20,BUF,MIA,18.250000,30.250000,14,7,31.000000
2019_07_MIN_DET,2019,7,2019-10-20,DET,MIN,23.000000,15.000000,6,7,30.000000
2019_07_NO_CHI,2019,7,2019-10-20,CHI,NO,21.000000,16.750000,14,7,25.000000
2019_07_OAK_GB,2019,7,2019-10-20,GB,OAK,27.750000,26.750000,6,14,42.000000
2019_07_PHI_DAL,2019,7,2019-10-20,DAL,PHI,21.750000,24.500000,7,7,37.000000
2019_07_SF_WAS,2019,7,2019-10-20,WAS,SF,10.500000,11.750000,7,7,0.000000
2019_07_NE_NYJ,2019,7,2019-10-21,NYJ,NE,11.750000,11.250000,8,11,0.000000
2019_08_WAS_MIN,2019,8,2019-10-24,MIN,WAS,28.500000,20.500000,4,4,19.000000
2019_08_ARI_NO,2019,8,2019-10-27,NO,ARI,23.000000,26.000000,7,7,31.000000
2019_08_CAR_SF,2019,8,2019-10-27,SF,CAR,21.000000,20.750000,7,14,51.000000
2019_08_CIN_LA,2019,8,2019-10-27,LA,CIN,28.250000,25.750000,7,7,24.000000
2019_08_CLE_NE,2019,8,2019-10-27,NE,CLE,29.250000,27.000000,6,14,27.000000
2019_08_DEN_IND,2019,8,2019-10-27,IND,DEN,25.000000,17.250000,7,10,15.000000
2019_08_GB_KC,2019,8,2019-10-27,KC,GB,25.250000,26.000000,10,7,24.000000
2019_08_LAC_CHI,2019,8,2019-10-27,CHI,LAC,23.250000,19.250000,7,7,16.000000
2019_08_NYG_DET,2019,8,2019-10-27,DET,NYG,27.250000,23.250000,7,7,31.000000
2019_08_NYJ_JAX,2019,8,2019-10-27,JAX,NYJ,21.500000,29.000000,7,6,29.000000
2019_08_OAK_HOU,2019,8,2019-10-27,HOU,OAK,29.250000,30.250000,7,7,27.000000
2019_08_PHI_BUF,2019,8,2019-10-27,BUF,PHI,19.000000,27.000000,7,7,13.000000
2019_08_SEA_ATL,2019,8,2019-10-27,ATL,SEA,21.250000,24.250000,7,7,20.000000
2019_08_TB_TEN,2019,8,2019-10-27,TEN,TB,13.500000,35.000000,7,14,27.000000
2019_08_MIA_PIT,2019,8,2019-10-28,PIT,MIA,23.500000,27.250000,15,8,27.000000
2019_09_SF_ARI,2019,9,2019-10-31,ARI,SF,24.000000,5.750000,4,4,25.000000
2019_09_CHI_PHI,2019,9,2019-11-03,PHI,CHI,23.000000,20.750000,7,7,22.000000
2019_09_CLE_DEN,2019,9,2019-11-03,DEN,CLE,13.750000,28.750000,7,7,24.000000
2019_09_DET_OAK,2019,9,2019-11-03,OAK,DET,25.750000,31.250000,7,7,31.000000
2019_09_GB_LAC,2019,9,2019-11-03,LAC,GB,16.750000,23.500000,7,7,26.000000
2019_09_HOU_JAX,2019,9,2019-11-03,JAX,HOU,22.250000,27.500000,7,7,3.000000
2019_09_IND_PIT,2019,9,2019-11-03,PIT,IND,25.250000,20.000000,6,7,26.000000
2019_09_MIN_KC,2019,9,2019-11-03,KC,MIN,22.750000,17.250000,7,10,26.000000
2019_09_NE_BAL,2019,9,2019-11-03,BAL,NE,26.000000,8.500000,14,7,37.000000
2019_09_NYJ_MIA,2019,9,2019-11-03,MIA,NYJ,15.250000,28.750000,6,7,26.000000
2019_09_TB_SEA,2019,9,2019-11-03,SEA,TB,26.250000,33.750000,7,7,40.000000
2019_09_TEN_CAR,2019,9,2019-11-03,CAR,TEN,25.000000,18.250000,7,7,30.000000
2019_09_WAS_BUF,2019,9,2019-11-03,BUF,WAS,17.000000,19.250000,7,10,24.000000
2019_09_DAL_NYG,2019,9,2019-11-04,NYG,DAL,17.750000,20.000000,8,15,18.000000
2019_10_LAC_OAK,2019,10,2019-11-07,OAK,LAC,25.750000,18.500000,4,4,26.000000
2019_10_ARI_TB,2019,10,2019-11-10,TB,ARI,26.750000,28.250000,7,10,30.000000
2019_10_ATL_NO,2019,10,2019-11-10,NO,ATL,27.750000,37.750000,14,14,9.000000
2019_10_BAL_CIN,2019,10,2019-11-10,CIN,BAL,16.750000,19.000000,14,7,13.000000
2019_10_BUF_CLE,2019,10,2019-11-10,CLE,BUF,15.750000,17.000000,7,7,19.000000
2019_10_CAR_GB,2019,10,2019-11-10,GB,CAR,26.750000,31.000000,7,7,24.000000
2019_10_DET_CHI,2019,10,2019-11-10,CHI,DET,19.000000,30.500000,7,7,20.000000
2019_10_KC_TEN,2019,10,2019-11-10,TEN,KC,17.500000,22.750000,7,7,35.000000
2019_10_LA_PIT,2019,10,2019-11-10,PIT,LA,25.000000,17.500000,7,14,17.000000
2019_10_MIA_IND,2019,10,2019-11-10,IND,MIA,22.000000,23.250000,7,7,12.000000
2019_10_MIN_DAL,2019,10,2019-11-10,DAL,MIN,30.000000,21.250000,6,7,24.000000
2019_10_NYG_NYJ,2019,10,2019-11-10,NYJ,NYG,14.250000,32.500000,7,6,34.000000
2019_10_SEA_SF,2019,10,2019-11-11,SF,SEA,27.000000,28.000000,11,8,24.000000
2019_11_PIT_CLE,2019,11,2019-11-14,CLE,PIT,19.750000,16.750000,4,4,21.000000
2019_11_ARI_SF,2019,11,2019-11-17,SF,ARI,28.000000,27.500000,6,7,36.000000
2019_11_ATL_CAR,2019,11,2019-11-17,CAR,ATL,24.000000,26.750000,7,7,3.000000
2019_11_BUF_MIA,2019,11,2019-11-17,MIA,BUF,19.250000,20.000000,7,7,20.000000
2019_11_CHI_LA,2019,11,2019-11-17,LA,CHI,20.000000,22.000000,7,7,17.000000
2019_11_CIN_OAK,2019,11,2019-11-17,OAK,CIN,26.250000,30.750000,10,7,17.000000
2019_11_DAL_DET,2019,11,2019-11-17,DET,DAL,24.500000,20.000000,7,7,27.000000
2019_11_DEN_MIN,2019,11,2019-11-17,MIN,DEN,28.000000,16.000000,7,14,27.000000
2019_11_HOU_BAL,2019,11,2019-11-17,BAL,HOU,34.750000,20.250000,7,14,41.000000
2019_11_JAX_IND,2019,11,2019-11-17,IND,JAX,20.250000,17.750000,7,14,33.000000
2019_11_NE_PHI,2019,11,2019-11-17,PHI,NE,20.750000,16.000000,14,14,10.000000
2019_11_NO_TB,2019,11,2019-11-17,TB,NO,28.250000,16.500000,7,7,17.000000
2019_11_NYJ_WAS,2019,11,2019-11-17,WAS,NYJ,8.750000,28.750000,14,7,17.000000
2019_11_KC_LAC,2019,11,2019-11-18,LAC,KC,21.750000,23.750000,11,8,17.000000
2019_12_IND_HOU,2019,12,2019-11-21,HOU,IND,20.750000,17.000000,4,4,20.000000
2019_12_CAR_NO,2019,12,2019-11-24,NO,CAR,27.500000,31.000000,7,7,34.000000
2019_12_DAL_NE,2019,12,2019-11-24,NE,DAL,24.250000,20.750000,7,7,13.000000
2019_12_DEN_BUF,2019,12,2019-11-24,BUF,DEN,22.500000,22.750000,7,7,20.000000
2019_12_DET_WAS,2019,12,2019-11-24,WAS,DET,8.750000,28.000000,7,7,19.000000
2019_12_GB_SF,2019,12,2019-11-24,SF,GB,34.750000,22.500000,7,14,37.000000
2019_12_JAX_TEN,2019,12,2019-11-24,TEN,JAX,26.250000,22.750000,14,7,42.000000
2019_12_MIA_CLE,2019,12,2019-11-24,CLE,MIA,18.000000,23.500000,10,7,41.000000
2019_12_NYG_CHI,2019,12,2019-11-24,CHI,NYG,14.250000,32.250000,7,14,19.000000
2019_12_OAK_NYJ,2019,12,2019-11-24,NYJ,OAK,25.250000,21.250000,7,7,34.000000
2019_12_PIT_CIN,2019,12,2019-11-24,CIN,PIT,12.500000,17.750000,7,10,10.000000
2019_12_SEA_PHI,2019,12,2019-11-24,PHI,SEA,18.250000,27.000000,7,13,9.000000
2019_12_TB_ATL,2019,12,2019-11-24,ATL,TB,21.250000,32.000000,7,7,22.000000
2019_12_BAL_LA,2019,12,2019-11-25,LA,BAL,22.500000,14.000000,8,8,6.000000
2019_13_BUF_DAL,2019,13,2019-11-28,DAL,BUF,26.250000,12.750000,4,4,15.000000
2019_13_CHI_DET,2019,13,2019-11-28,DET,CHI,20.000000,16.500000,4,4,20.000000
2019_13_NO_ATL,2019,13,2019-11-28,ATL,NO,24.250000,20.750000,4,4,18.000000
2019_13_CLE_PIT,2019,13,2019-12-01,PIT,CLE,16.500000,17.750000,7,7,20.000000
2019_13_GB_NYG,2019,13,2019-12-01,NYG,GB,21.250000,25.750000,7,7,13.000000
2019_13_LAC_DEN,2019,13,2019-12-01,DEN,LAC,15.750000,19.250000,7,13,23.000000
2019_13_LA_ARI,2019,13,2019-12-01,ARI,LA,21.750000,19.750000,14,6,7.000000
2019_13_NE_HOU,2019,13,2019-12-01,HOU,NE,20.000000,17.250000,10,7,28.000000
2019_13_NYJ_CIN,2019,13,2019-12-01,CIN,NYJ,10.750000,18.250000,7,7,22.000000
2019_13_OAK_KC,2019,13,2019-12-01,KC,OAK,26.500000,23.000000,13,7,40.000000
2019_13_PHI_MIA,2019,13,2019-12-01,MIA,PHI,21.500000,15.250000,7,7,37.000000
2019_13_SF_BAL,2019,13,2019-12-01,BAL,SF,43.000000,21.500000,6,7,20.000000
2019_13_TB_JAX,2019,13,2019-12-01,JAX,TB,16.250000,30.750000,7,7,11.000000
2019_13_TEN_IND,2019,13,2019-12-01,IND,TEN,21.500000,26.250000,10,7,17.000000
2019_13_WAS_CAR,2019,13,2019-12-01,CAR,WAS,20.000000,23.250000,7,7,21.000000
2019_13_MIN_SEA,2019,13,2019-12-02,SEA,MIN,27.750000,20.500000,8,15,37.000000
2019_14_DAL_CHI,2019,14,2019-12-05,CHI,DAL,17.500000,23.500000,7,7,31.000000
2019_14_BAL_BUF,2019,14,2019-12-08,BUF,BAL,24.750000,10.750000,10,7,17.000000
2019_14_CAR_ATL,2019,14,2019-12-08,ATL,CAR,23.750000,29.000000,10,7,40.000000
2019_14_CIN_CLE,2019,14,2019-12-08,CLE,CIN,23.500000,22.000000,7,7,27.000000
2019_14_DEN_HOU,2019,14,2019-12-08,HOU,DEN,20.250000,21.500000,7,7,24.000000
2019_14_DET_MIN,2019,14,2019-12-08,MIN,DET,27.000000,24.500000,6,10,20.000000
2019_14_IND_TB,2019,14,2019-12-08,TB,IND,27.500000,20.000000,7,7,38.000000
2019_14_KC_NE,2019,14,2019-12-08,NE,KC,18.000000,21.000000,7,7,16.000000
2019_14_LAC_JAX,2019,14,2019-12-08,JAX,LAC,11.750000,21.000000,7,7,10.000000
2019_14_MIA_NYJ,2019,14,2019-12-08,NYJ,MIA,27.000000,30.250000,7,7,22.000000
2019_14_PIT_ARI,2019,14,2019-12-08,ARI,PIT,21.250000,14.000000,7,7,17.000000
2019_14_SEA_LA,2019,14,2019-12-08,LA,SEA,17.250000,24.250000,7,6,28.000000
2019_14_SF_NO,2019,14,2019-12-08,NO,SF,25.750000,20.250000,10,7,46.000000
2019_14_TEN_OAK,2019,14,2019-12-08,OAK,TEN,13.750000,24.750000,7,7,21.000000
2019_14_WAS_GB,2019,14,2019-12-08,GB,WAS,18.500000,23.750000,7,7,20.000000
2019_14_NYG_PHI,2019,14,2019-12-09,PHI,NYG,18.000000,30.250000,8,8,23.000000
2019_15_NYJ_BAL,2019,15,2019-12-12,BAL,NYJ,32.500000,15.750000,4,4,42.000000
2019_15_ATL_SF,2019,15,2019-12-15,SF,ATL,34.500000,21.000000,7,7,22.000000
2019_15_BUF_PIT,2019,15,2019-12-15,PIT,BUF,16.500000,15.500000,7,7,10.000000
2019_15_CHI_GB,2019,15,2019-12-15,GB,CHI,20.750000,18.750000,7,10,21.000000
2019_15_CLE_ARI,2019,15,2019-12-15,ARI,CLE,19.250000,17.500000,7,7,38.000000
2019_15_DEN_KC,2019,15,2019-12-15,KC,DEN,29.750000,22.750000,7,7,23.000000
2019_15_HOU_TEN,2019,15,2019-12-15,TEN,HOU,37.500000,29.500000,7,7,21.000000
2019_15_JAX_OAK,2019,15,2019-12-15,OAK,JAX,12.500000,37.000000,7,7,16.000000
2019_15_LA_DAL,2019,15,2019-12-15,DAL,LA,20.750000,17.750000,10,7,44.000000
2019_15_MIA_NYG,2019,15,2019-12-15,NYG,MIA,17.750000,32.750000,6,7,36.000000
2019_15_MIN_LAC,2019,15,2019-12-15,LAC,MIN,26.500000,22.750000,7,7,10.000000
2019_15_NE_CIN,2019,15,2019-12-15,CIN,NE,15.250000,17.500000,7,7,13.000000
2019_15_PHI_WAS,2019,15,2019-12-15,WAS,PHI,20.000000,22.000000,7,6,27.000000
2019_15_SEA_CAR,2019,15,2019-12-15,CAR,SEA,18.750000,22.750000,7,7,24.000000
2019_15_TB_DET,2019,15,2019-12-15,DET,TB,17.500000,25.500000,7,7,17.000000
2019_15_IND_NO,2019,15,2019-12-16,NO,IND,35.000000,25.500000,8,8,34.000000
2019_16_BUF_NE,2019,16,2019-12-21,NE,BUF,21.250000,13.000000,7,7,24.000000
2019_16_HOU_TB,2019,16,2019-12-21,TB,HOU,34.750000,24.500000,7,7,20.000000
2019_16_LA_SF,2019,16,2019-12-21,SF,LA,31.000000,27.000000,7,7,34.000000
2019_16_ARI_SEA,2019,16,2019-12-22,SEA,ARI,24.000000,29.250000,7,7,13.000000
2019_16_BAL_CLE,2019,16,2019-12-22,CLE,BAL,26.250000,15.250000,7,10,15.000000
2019_16_CAR_IND,2019,16,2019-12-22,IND,CAR,19.000000,33.250000,6,7,38.000000
2019_16_CIN_MIA,2019,16,2019-12-22,MIA,CIN,25.500000,20.750000,7,7,38.000000
2019_16_DAL_PHI,2019,16,2019-12-22,PHI,DAL,25.000000,22.750000,7,7,17.000000
2019_16_DET_DEN,2019,16,2019-12-22,DEN,DET,16.750000,25.250000,7,7,27.000000
2019_16_JAX_ATL,2019,16,2019-12-22,ATL,JAX,27.250000,32.750000,7,7,24.000000
2019_16_KC_CHI,2019,16,2019-12-22,CHI,KC,21.750000,11.250000,7,7,3.000000
2019_16_NO_TEN,2019,16,2019-12-22,TEN,NO,34.000000,26.000000,7,6,28.000000
2019_16_NYG_WAS,2019,16,2019-12-22,WAS,NYG,22.500000,23.250000,7,7,35.000000
2019_16_OAK_LAC,2019,16,2019-12-22,LAC,OAK,23.000000,34.000000,7,7,17.000000
2019_16_PIT_NYJ,2019,16,2019-12-22,NYJ,PIT,20.750000,14.250000,10,7,16.000000
2019_16_GB_MIN,2019,16,2019-12-23,MIN,GB,29.000000,19.500000,8,8,10.000000
2019_17_ARI_LA,2019,17,2019-12-29,LA,ARI,28.500000,23.500000,7,7,31.000000
2019_17_ATL_TB,2019,17,2019-12-29,TB,ATL,31.000000,20.000000,7,7,22.000000
2019_17_CHI_MIN,2019,17,2019-12-29,MIN,CHI,24.750000,22.750000,6,7,19.000000
2019_17_CLE_CIN,2019,17,2019-12-29,CIN,CLE,22.250000,27.000000,7,7,33.000000
2019_17_GB_DET,2019,17,2019-12-29,DET,GB,15.250000,12.750000,7,6,20.000000
2019_17_IND_JAX,2019,17,2019-12-29,JAX,IND,13.250000,27.250000,7,7,38.000000
2019_17_LAC_KC,2019,17,2019-12-29,KC,LAC,28.000000,24.000000,7,7,31.000000
2019_17_MIA_NE,2019,17,2019-12-29,NE,MIA,24.000000,31.000000,7,7,24.000000
2019_17_NO_CAR,2019,17,2019-12-29,CAR,NO,17.750000,25.250000,7,7,10.000000
2019_17_NYJ_BUF,2019,17,2019-12-29,BUF,NYJ,19.250000,23.750000,7,7,6.000000
2019_17_OAK_DEN,2019,17,2019-12-29,DEN,OAK,22.750000,29.750000,7,7,16.000000
2019_17_PHI_NYG,2019,17,2019-12-29,NYG,PHI,26.750000,22.500000,7,7,17.000000
2019_17_PIT_BAL,2019,17,2019-12-29,BAL,PIT,29.250000,15.750000,7,7,28.000000
2019_17_SF_SEA,2019,17,2019-12-29,SEA,SF,23.000000,31.500000,7,7,21.000000
2019_17_TEN_HOU,2019,17,2019-12-29,HOU,TEN,24.750000,25.000000,7,7,14.000000
2019_17_WAS_DAL,2019,17,2019-12-29,DAL,WAS,23.000000,29.750000,7,7,47.000000
2020_05_TB_CHI,2020,5,2020-10-08,CHI,TB,21.250000,23.000000,4,4,20.000000
2020_05_ARI_NYJ,2020,5,2020-10-11,NYJ,ARI,16.250000,23.000000,10,7,10.000000
2020_05_CAR_ATL,2020,5,2020-10-11,ATL,CAR,26.500000,25.500000,6,7,16.000000
2020_05_CIN_BAL,2020,5,2020-10-11,BAL,CIN,30.500000,24.750000,7,7,27.000000
2020_05_IND_CLE,2020,5,2020-10-11,CLE,IND,31.000000,14.000000,7,7,32.000000
2020_05_JAX_HOU,2020,5,2020-10-11,HOU,JAX,20.000000,29.250000,7,7,30.000000
2020_05_LA_WAS,2020,5,2020-10-11,WAS,LA,19.750000,20.000000,7,7,10.000000
2020_05_LV_KC,2020,5,2020-10-11,KC,LV,29.250000,30.000000,6,7,32.000000
2020_05_MIA_SF,2020,5,2020-10-11,SF,MIA,26.750000,24.000000,7,7,17.000000
2020_05_MIN_SEA,2020,5,2020-10-11,SEA,MIN,35.500000,31.250000,7,7,27.000000
2020_05_NYG_DAL,2020,5,2020-10-11,DAL,NYG,31.500000,24.000000,7,7,37.000000
2020_05_LAC_NO,2020,5,2020-10-12,NO,LAC,30.750000,23.750000,8,8,30.000000
2020_06_ATL_MIN,2020,6,2020-10-18,MIN,ATL,24.500000,30.750000,7,7,23.000000
2020_06_BAL_PHI,2020,6,2020-10-18,PHI,BAL,24.000000,17.500000,7,7,28.000000
2020_06_CHI_CAR,2020,6,2020-10-18,CAR,CHI,23.000000,19.250000,7,10,16.000000
2020_06_CIN_IND,2020,6,2020-10-18,IND,CIN,26.500000,27.500000,7,7,31.000000
2020_06_CLE_PIT,2020,6,2020-10-18,PIT,CLE,29.500000,27.750000,7,7,38.000000
2020_06_DEN_NE,2020,6,2020-10-18,NE,DEN,24.250000,24.500000,13,17,12.000000
2020_06_DET_JAX,2020,6,2020-10-18,JAX,DET,20.500000,31.750000,7,14,16.000000
2020_06_GB_TB,2020,6,2020-10-18,TB,GB,29.000000,25.250000,10,13,38.000000
2020_06_HOU_TEN,2020,6,2020-10-18,TEN,HOU,30.500000,26.500000,5,7,42.000000
2020_06_LA_SF,2020,6,2020-10-18,SF,LA,26.000000,18.250000,7,7,24.000000
2020_06_NYJ_MIA,2020,6,2020-10-18,MIA,NYJ,31.250000,33.500000,7,7,24.000000
2020_06_WAS_NYG,2020,6,2020-10-18,NYG,WAS,16.250000,31.250000,7,7,20.000000
2020_06_ARI_DAL,2020,6,2020-10-19,DAL,ARI,36.500000,20.500000,8,8,10.000000
2020_06_KC_BUF,2020,6,2020-10-19,BUF,KC,28.000000,22.500000,6,8,17.000000
2020_07_NYG_PHI,2020,7,2020-10-22,PHI,NYG,26.250000,27.250000,4,4,22.000000
2020_07_BUF_NYJ,2020,7,2020-10-25,NYJ,BUF,11.250000,30.750000,7,6,10.000000
2020_07_CAR_NO,2020,7,2020-10-25,NO,CAR,29.750000,19.000000,13,7,27.000000
2020_07_CLE_CIN,2020,7,2020-10-25,CIN,CLE,21.500000,29.750000,7,7,34.000000
2020_07_DAL_WAS,2020,7,2020-10-25,WAS,DAL,16.500000,39.750000,7,6,25.000000
2020_07_DET_ATL,2020,7,2020-10-25,ATL,DET,24.500000,29.000000,7,7,22.000000
2020_07_GB_HOU,2020,7,2020-10-25,HOU,GB,27.500000,26.250000,7,7,20.000000
2020_07_JAX_LAC,2020,7,2020-10-25,LAC,JAX,23.500000,32.000000,13,7,39.000000
2020_07_KC_DEN,2020,7,2020-10-25,DEN,KC,21.500000,21.750000,7,6,16.000000
2020_07_PIT_TEN,2020,7,2020-10-25,TEN,PIT,37.000000,19.500000,7,7,24.000000
2020_07_SEA_ARI,2020,7,2020-10-25,ARI,SEA,28.000000,27.500000,6,14,37.000000
2020_07_SF_NE,2020,7,2020-10-25,NE,SF,22.000000,23.250000,7,7,6.000000
2020_07_TB_LV,2020,7,2020-10-25,LV,TB,29.250000,17.750000,14,7,20.000000
2020_07_CHI_LA,2020,7,2020-10-26,LA,CHI,23.750000,20.000000,8,8,24.000000
2020_08_ATL_CAR,2020,8,2020-10-29,CAR,ATL,23.500000,24.750000,4,4,17.000000
2020_08_DAL_PHI,2020,8,2020-11-01,PHI,DAL,26.000000,36.500000,10,7,23.000000
2020_08_IND_DET,2020,8,2020-11-01,DET,IND,28.000000,19.250000,7,14,21.000000
2020_08_LAC_DEN,2020,8,2020-11-01,DEN,LAC,20.250000,29.500000,7,7,31.000000
2020_08_LA_MIA,2020,8,2020-11-01,MIA,LA,30.250000,13.250000,14,6,28.000000
2020_08_LV_CLE,2020,8,2020-11-01,CLE,LV,31.250000,35.750000,7,7,6.000000
2020_08_MIN_GB,2020,8,2020-11-01,GB,MIN,28.000000,30.250000,7,14,22.000000
2020_08_NE_BUF,2020,8,2020-11-01,BUF,NE,20.250000,24.250000,7,7,24.000000
2020_08_NO_CHI,2020,8,2020-11-01,CHI,NO,16.000000,29.250000,6,7,23.000000
2020_08_NYJ_KC,2020,8,2020-11-01,KC,NYJ,31.750000,27.250000,7,7,35.000000
2020_08_PIT_BAL,2020,8,2020-11-01,BAL,PIT,27.000000,20.250000,14,7,24.000000
2020_08_SF_SEA,2020,8,2020-11-01,SEA,SF,32.500000,22.500000,7,7,37.000000
2020_08_TEN_CIN,2020,8,2020-11-01,CIN,TEN,24.250000,27.250000,7,7,31.000000
2020_08_TB_NYG,2020,8,2020-11-02,NYG,TB,21.000000,20.250000,11,8,23.000000
2020_09_GB_SF,2020,9,2020-11-05,SF,GB,25.250000,25.500000,4,4,17.000000
2020_09_BAL_IND,2020,9,2020-11-08,IND,BAL,28.500000,19.000000,7,7,10.000000
2020_09_CAR_KC,2020,9,2020-11-08,KC,CAR,34.000000,22.750000,7,10,33.000000
2020_09_CHI_TEN,2020,9,2020-11-08,TEN,CHI,32.000000,21.250000,7,7,24.000000
2020_09_DEN_ATL,2020,9,2020-11-08,ATL,DEN,25.750000,28.250000,10,7,34.000000
2020_09_DET_MIN,2020,9,2020-11-08,MIN,DET,27.000000,28.500000,7,7,34.000000
2020_09_HOU_JAX,2020,9,2020-11-08,JAX,HOU,21.000000,30.500000,14,14,25.000000
2020_09_LV_LAC,2020,9,2020-11-08,LAC,LV,31.750000,28.250000,7,7,26.000000
2020_09_MIA_ARI,2020,9,2020-11-08,ARI,MIA,31.500000,16.250000,14,7,31.000000
2020_09_NO_TB,2020,9,2020-11-08,TB,NO,31.750000,25.750000,6,7,3.000000
2020_09_NYG_WAS,2020,9,2020-11-08,WAS,NYG,17.750000,25.750000,14,6,20.000000
2020_09_PIT_DAL,2020,9,2020-11-08,DAL,PIT,14.750000,21.000000,7,7,19.000000
2020_09_SEA_BUF,2020,9,2020-11-08,BUF,SEA,18.750000,28.250000,7,7,44.000000
2020_09_NE_NYJ,2020,9,2020-11-09,NYJ,NE,7.250000,25.250000,8,8,27.000000
2020_10_IND_TEN,2020,10,2020-11-12,TEN,IND,27.500000,26.000000,4,4,17.000000
2020_10_BAL_NE,2020,10,2020-11-15,NE,BAL,17.250000,17.250000,6,7,23.000000
2020_10_BUF_ARI,2020,10,2020-11-15,ARI,BUF,34.000000,22.750000,7,7,32.000000
2020_10_CIN_PIT,2020,10,2020-11-15,PIT,CIN,29.250000,28.750000,7,14,36.000000
2020_10_DEN_LV,2020,10,2020-11-15,LV,DEN,26.750000,29.750000,7,7,37.000000
2020_10_HOU_CLE,2020,10,2020-11-15,CLE,HOU,20.500000,29.000000,14,7,10.000000
2020_10_JAX_GB,2020,10,2020-11-15,GB,JAX,25.250000,32.500000,10,7,24.000000
2020_10_LAC_MIA,2020,10,2020-11-15,MIA,LAC,32.250000,30.250000,7,7,29.000000
2020_10_PHI_NYG,2020,10,2020-11-15,NYG,PHI,21.750000,24.500000,7,14,27.000000
2020_10_SEA_LA,2020,10,2020-11-15,LA,SEA,21.750000,33.500000,14,7,23.000000
2020_10_SF_NO,2020,10,2020-11-15,NO,SF,30.250000,23.250000,7,10,27.000000
2020_10_TB_CAR,2020,10,2020-11-15,CAR,TB,22.000000,22.750000,7,7,23.000000
2020_10_WAS_DET,2020,10,2020-11-15,DET,WAS,24.500000,19.000000,7,7,30.000000
2020_10_MIN_CHI,2020,10,2020-11-16,CHI,MIN,18.250000,27.250000,8,8,13.000000
2020_11_ARI_SEA,2020,11,2020-11-19,SEA,ARI,30.250000,27.000000,4,4,28.000000
2020_11_ATL_NO,2020,11,2020-11-22,NO,ATL,29.500000,22.500000,7,14,24.000000
2020_11_CIN_WAS,2020,11,2020-11-22,WAS,CIN,22.750000,31.000000,7,7,20.000000
2020_11_DAL_MIN,2020,11,2020-11-22,MIN,DAL,26.000000,27.500000,6,14,28.000000
2020_11_DET_CAR,2020,11,2020-11-22,CAR,DET,23.750000,31.000000,7,7,20.000000
2020_11_GB_IND,2020,11,2020-11-22,IND,GB,29.000000,21.250000,10,7,34.000000
2020_11_KC_LV,2020,11,2020-11-22,LV,KC,26.000000,18.250000,7,14,31.000000
2020_11_MIA_DEN,2020,11,2020-11-22,DEN,MIA,21.500000,17.250000,7,7,20.000000
2020_11_NE_HOU,2020,11,2020-11-22,HOU,NE,22.500000,25.250000,7,7,27.000000
2020_11_NYJ_LAC,2020,11,2020-11-22,LAC,NYJ,29.000000,26.750000,7,13,34.000000
2020_11_PHI_CLE,2020,11,2020-11-22,CLE,PHI,15.000000,21.750000,7,7,22.000000
2020_11_PIT_JAX,2020,11,2020-11-22,JAX,PIT,22.500000,19.250000,7,7,3.000000
2020_11_TEN_BAL,2020,11,2020-11-22,BAL,TEN,23.750000,27.250000,7,10,24.000000
2020_11_LA_TB,2020,11,2020-11-23,TB,LA,29.750000,19.500000,8,8,24.000000
2020_12_HOU_DET,2020,12,2020-11-26,DET,HOU,17.750000,22.500000,4,4,25.000000
2020_12_WAS_DAL,2020,12,2020-11-26,DAL,WAS,15.500000,16.250000,4,4,16.000000
2020_12_ARI_NE,2020,12,2020-11-29,NE,ARI,23.500000,31.500000,7,10,20.000000
2020_12_CAR_MIN,2020,12,2020-11-29,MIN,CAR,27.250000,26.000000,7,7,28.000000
2020_12_CHI_GB,2020,12,2020-11-29,GB,CHI,27.750000,23.250000,7,13,41.000000
2020_12_CLE_JAX,2020,12,2020-11-29,JAX,CLE,19.250000,18.500000,7,7,25.000000
2020_12_KC_TB,2020,12,2020-11-29,TB,KC,24.500000,21.750000,6,7,24.000000
2020_12_LAC_BUF,2020,12,2020-11-29,BUF,LAC,29.000000,29.750000,14,7,27.000000
2020_12_LV_ATL,2020,12,2020-11-29,ATL,LV,22.500000,19.750000,7,7,43.000000
2020_12_MIA_NYJ,2020,12,2020-11-29,NYJ,MIA,18.500000,22.250000,7,7,3.000000
2020_12_NO_DEN,2020,12,2020-11-29,DEN,NO,22.500000,12.000000,7,7,3.000000
2020_12_NYG_CIN,2020,12,2020-11-29,CIN,NYG,21.000000,21.000000,7,14,17.000000
2020_12_SF_LA,2020,12,2020-11-29,LA,SF,22.750000,26.000000,6,14,20.000000
2020_12_TEN_IND,2020,12,2020-11-29,IND,TEN,29.750000,26.500000,7,7,26.000000
2020_12_SEA_PHI,2020,12,2020-11-30,PHI,SEA,19.750000,28.750000,8,11,17.000000
2020_12_BAL_PIT,2020,12,2020-12-02,PIT,BAL,28.750000,22.750000,10,10,19.000000
2020_13_CIN_MIA,2020,13,2020-12-06,MIA,CIN,24.000000,23.750000,7,7,19.000000
2020_13_CLE_TEN,2020,13,2020-12-06,TEN,CLE,29.000000,16.250000,7,7,35.000000
2020_13_DEN_KC,2020,13,2020-12-06,KC,DEN,32.500000,28.750000,7,7,22.000000
2020_13_DET_CHI,2020,13,2020-12-06,CHI,DET,19.500000,30.500000,7,10,30.000000
2020_13_IND_HOU,2020,13,2020-12-06,HOU,IND,25.500000,29.250000,10,7,20.000000
2020_13_JAX_MIN,2020,13,2020-12-06,MIN,JAX,27.250000,26.250000,7,7,27.000000
2020_13_LA_ARI,2020,13,2020-12-06,ARI,LA,25.250000,22.750000,7,7,28.000000
2020_13_LV_NYJ,2020,13,2020-12-06,NYJ,LV,16.750000,29.000000,7,7,28.000000
2020_13_NE_LAC,2020,13,2020-12-06,LAC,NE,24.500000,22.000000,7,7,0.000000
2020_13_NO_ATL,2020,13,2020-12-06,ATL,NO,27.750000,7.000000,7,7,16.000000
2020_13_NYG_SEA,2020,13,2020-12-06,SEA,NYG,25.250000,19.750000,6,7,12.000000
2020_13_PHI_GB,2020,13,2020-12-06,GB,PHI,32.500000,20.250000,7,6,30.000000
2020_13_BUF_SF,2020,13,2020-12-07,SF,BUF,20.000000,26.000000,8,8,24.000000
2020_13_WAS_PIT,2020,13,2020-12-07,PIT,WAS,26.500000,19.500000,5,11,17.000000
2020_13_DAL_BAL,2020,13,2020-12-08,BAL,DAL,19.750000,29.000000,6,12,34.000000
2020_14_NE_LA,2020,14,2020-12-10,LA,NE,27.000000,15.250000,4,4,24.000000
2020_14_ARI_NYG,2020,14,2020-12-13,NYG,ARI,21.500000,29.000000,7,7,7.000000
2020_14_ATL_LAC,2020,14,2020-12-13,LAC,ATL,18.000000,19.500000,7,7,20.000000
2020_14_DAL_CIN,2020,14,2020-12-13,CIN,DAL,10.750000,31.750000,7,5,7.000000
2020_14_DEN_CAR,2020,14,2020-12-13,CAR,DEN,25.250000,25.750000,14,7,27.000000
2020_14_GB_DET,2020,14,2020-12-13,DET,GB,22.250000,23.750000,7,7,24.000000
2020_14_HOU_CHI,2020,14,2020-12-13,CHI,HOU,21.250000,20.250000,7,7,36.000000
2020_14_IND_LV,2020,14,2020-12-13,LV,IND,26.250000,28.250000,7,7,27.000000
2020_14_KC_MIA,2020,14,2020-12-13,MIA,KC,20.250000,25.500000,7,7,27.000000
2020_14_MIN_TB,2020,14,2020-12-13,TB,MIN,24.250000,23.750000,14,7,26.000000
2020_14_NO_PHI,2020,14,2020-12-13,PHI,NO,16.750000,10.250000,7,7,24.000000
2020_14_NYJ_SEA,2020,14,2020-12-13,SEA,NYJ,19.750000,28.750000,7,7,40.000000
2020_14_PIT_BUF,2020,14,2020-12-13,BUF,PIT,33.750000,12.500000,6,6,26.000000
2020_14_TEN_JAX,2020,14,2020-12-13,JAX,TEN,18.000000,31.250000,7,7,10.000000
2020_14_WAS_SF,2020,14,2020-12-13,SF,WAS,19.250000,18.000000,6,6,15.000000
2020_14_BAL_CLE,2020,14,2020-12-14,CLE,BAL,25.000000,22.250000,8,6,42.000000
2020_15_LAC_LV,2020,15,2020-12-17,LV,LAC,23.750000,29.250000,4,4,27.000000
2020_15_BUF_DEN,2020,15,2020-12-19,DEN,BUF,17.750000,22.000000,6,6,19.000000
2020_15_CAR_GB,2020,15,2020-12-19,GB,CAR,33.250000,26.500000,6,6,24.000000
2020_15_CHI_MIN,2020,15,2020-12-20,MIN,CHI,24.250000,25.250000,7,7,27.000000
2020_15_CLE_NYG,2020,15,2020-12-20,NYG,CLE,17.500000,31.000000,7,6,6.000000
2020_15_DET_TEN,2020,15,2020-12-20,TEN,DET,35.250000,30.500000,7,7,46.000000
2020_15_HOU_IND,2020,15,2020-12-20,IND,HOU,32.500000,26.750000,7,7,27.000000
2020_15_JAX_BAL,2020,15,2020-12-20,BAL,JAX,29.750000,28.000000,6,7,40.000000
2020_15_KC_NO,2020,15,2020-12-20,NO,KC,24.250000,24.500000,7,7,29.000000
2020_15_NE_MIA,2020,15,2020-12-20,MIA,NE,19.750000,17.000000,7,10,22.000000
2020_15_NYJ_LA,2020,15,2020-12-20,LA,NYJ,27.250000,31.250000,10,7,20.000000
2020_15_PHI_ARI,2020,15,2020-12-20,ARI,PHI,23.000000,24.000000,7,7,33.000000
2020_15_SEA_WAS,2020,15,2020-12-20,WAS,SEA,26.750000,14.500000,7,7,15.000000
2020_15_SF_DAL,2020,15,2020-12-20,DAL,SF,23.500000,26.000000,7,7,41.000000
2020_15_TB_ATL,2020,15,2020-12-20,ATL,TB,21.250000,22.750000,7,7,27.000000
2020_15_PIT_CIN,2020,15,2020-12-21,CIN,PIT,10.000000,16.500000,8,8,27.000000
2020_16_MIN_NO,2020,16,2020-12-25,NO,MIN,25.500000,27.500000,5,5,52.000000
2020_16_MIA_LV,2020,16,2020-12-26,LV,MIA,22.750000,13.750000,9,6,25.000000
2020_16_SF_ARI,2020,16,2020-12-26,ARI,SF,26.000000,29.500000,6,6,12.000000
2020_16_TB_DET,2020,16,2020-12-26,DET,TB,27.000000,23.750000,6,6,7.000000
2020_16_ATL_KC,2020,16,2020-12-27,KC,ATL,28.500000,19.500000,7,7,17.000000
2020_16_CAR_WAS,2020,16,2020-12-27,WAS,CAR,25.500000,21.000000,7,8,13.000000
2020_16_CHI_JAX,2020,16,2020-12-27,JAX,CHI,18.250000,27.250000,7,7,17.000000
2020_16_CIN_HOU,2020,16,2020-12-27,HOU,CIN,22.000000,21.250000,7,6,31.000000
2020_16_CLE_NYJ,2020,16,2020-12-27,NYJ,CLE,14.250000,28.250000,7,7,23.000000
2020_16_DEN_LAC,2020,16,2020-12-27,LAC,DEN,16.750000,32.000000,10,8,19.000000
2020_16_IND_PIT,2020,16,2020-12-27,PIT,IND,17.000000,28.000000,6,7,28.000000
2020_16_LA_SEA,2020,16,2020-12-27,SEA,LA,23.750000,19.250000,7,7,20.000000
2020_16_NYG_BAL,2020,16,2020-12-27,BAL,NYG,33.750000,18.750000,7,7,27.000000
2020_16_PHI_DAL,2020,16,2020-12-27,DAL,PHI,26.000000,26.750000,7,7,37.000000
2020_16_TEN_GB,2020,16,2020-12-27,GB,TEN,31.500000,25.500000,8,7,40.000000
2020_16_BUF_NE,2020,16,2020-12-28,NE,BUF,20.000000,18.750000,8,9,9.000000
2020_17_ARI_LA,2020,17,2021-01-03,LA,ARI,22.750000,22.750000,7,8,18.000000
2020_17_ATL_TB,2020,17,2021-01-03,TB,ATL,32.000000,22.250000,8,7,44.000000
2020_17_BAL_CIN,2020,17,2021-01-03,CIN,BAL,19.500000,21.500000,7,7,3.000000
2020_17_DAL_NYG,2020,17,2021-01-03,NYG,DAL,10.750000,22.750000,7,7,23.000000
2020_17_GB_CHI,2020,17,2021-01-03,CHI,GB,35.000000,17.500000,7,7,16.000000
2020_17_JAX_IND,2020,17,2021-01-03,IND,JAX,30.250000,34.750000,7,7,28.000000
2020_17_LAC_KC,2020,17,2021-01-03,KC,LAC,26.000000,26.250000,7,7,21.000000
2020_17_LV_DEN,2020,17,2021-01-03,DEN,LV,20.750000,32.000000,7,8,31.000000
2020_17_MIA_BUF,2020,17,2021-01-03,BUF,MIA,36.500000,19.250000,6,8,56.000000
2020_17_MIN_DET,2020,17,2021-01-03,DET,MIN,22.500000,33.750000,8,9,35.000000
2020_17_NO_CAR,2020,17,2021-01-03,CAR,NO,22.500000,26.250000,7,9,7.000000
2020_17_NYJ_NE,2020,17,2021-01-03,NE,NYJ,17.250000,26.750000,6,7,28.000000
2020_17_PIT_CLE,2020,17,2021-01-03,CLE,PIT,29.750000,25.000000,7,7,24.000000
2020_17_SEA_SF,2020,17,2021-01-03,SF,SEA,23.000000,11.000000,8,7,23.000000
2020_17_TEN_HOU,2020,17,2021-01-03,HOU,TEN,19.500000,29.000000,7,7,38.000000
2020_17_WAS_PHI,2020,17,2021-01-03,PHI,WAS,20.750000,18.000000,7,7,14.000000
2021_05_LA_SEA,2021,5,2021-10-07,SEA,LA,25.750000,24.750000,4,4,17.000000
2021_05_BUF_KC,2021,5,2021-10-10,KC,BUF,33.500000,11.000000,7,7,20.000000
2021_05_CHI_LV,2021,5,2021-10-10,LV,CHI,26.000000,22.750000,6,7,9.000000
2021_05_CLE_LAC,2021,5,2021-10-10,LAC,CLE,23.750000,16.750000,6,7,47.000000
2021_05_DEN_PIT,2021,5,2021-10-10,PIT,DEN,16.750000,12.250000,7,7,27.000000
2021_05_DET_MIN,2021,5,2021-10-10,MIN,DET,23.500000,29.750000,7,7,19.000000
2021_05_GB_CIN,2021,5,2021-10-10,CIN,GB,23.000000,25.000000,10,7,22.000000
2021_05_MIA_TB,2021,5,2021-10-10,TB,MIA,30.500000,27.250000,7,7,45.000000
2021_05_NE_HOU,2021,5,2021-10-10,HOU,NE,16.750000,17.500000,7,7,22.000000
2021_05_NO_WAS,2021,5,2021-10-10,WAS,NO,25.250000,17.250000,7,7,22.000000
2021_05_NYG_DAL,2021,5,2021-10-10,DAL,NYG,31.500000,23.750000,7,7,44.000000
2021_05_NYJ_ATL,2021,5,2021-10-10,ATL,NYJ,19.500000,23.500000,7,7,27.000000
2021_05_PHI_CAR,2021,5,2021-10-10,CAR,PHI,24.250000,26.500000,7,7,18.000000
2021_05_SF_ARI,2021,5,2021-10-10,ARI,SF,35.000000,25.500000,7,7,17.000000
2021_05_TEN_JAX,2021,5,2021-10-10,JAX,TEN,18.500000,27.750000,10,7,19.000000
2021_05_IND_BAL,2021,5,2021-10-11,BAL,IND,26.250000,24.250000,8,8,31.000000
2021_06_TB_PHI,2021,6,2021-10-14,PHI,TB,20.750000,23.250000,4,4,22.000000
2021_06_ARI_CLE,2021,6,2021-10-17,CLE,ARI,28.250000,20.500000,7,7,14.000000
2021_06_CIN_DET,2021,6,2021-10-17,DET,CIN,16.250000,19.000000,7,7,11.000000
2021_06_DAL_NE,2021,6,2021-10-17,NE,DAL,20.000000,21.500000,7,7,29.000000
2021_06_GB_CHI,2021,6,2021-10-17,CHI,GB,17.500000,21.000000,7,7,14.000000
2021_06_HOU_IND,2021,6,2021-10-17,IND,HOU,23.000000,30.000000,6,7,31.000000
2021_06_KC_WAS,2021,6,2021-10-17,WAS,KC,26.750000,33.500000,7,7,13.000000
2021_06_LAC_BAL,2021,6,2021-10-17,BAL,LAC,27.250000,25.000000,6,7,34.000000
2021_06_LA_NYG,2021,6,2021-10-17,NYG,LA,22.500000,25.500000,7,10,11.000000
2021_06_LV_DEN,2021,6,2021-10-17,DEN,LV,18.750000,23.250000,7,7,24.000000
2021_06_MIA_JAX,2021,6,2021-10-17,JAX,MIA,18.000000,34.500000,7,7,23.000000
2021_06_MIN_CAR,2021,6,2021-10-17,CAR,MIN,24.000000,20.500000,7,7,28.000000
2021_06_SEA_PIT,2021,6,2021-10-17,PIT,SEA,17.750000,27.500000,7,10,23.000000
2021_06_BUF_TEN,2021,6,2021-10-18,TEN,BUF,29.750000,10.250000,8,8,34.000000
2021_07_DEN_CLE,2021,7,2021-10-21,CLE,DEN,24.000000,21.000000,4,4,17.000000
2021_07_ATL_MIA,2021,7,2021-10-24,MIA,ATL,20.500000,29.000000,7,14,28.000000
2021_07_CAR_NYG,2021,7,2021-10-24,NYG,CAR,18.000000,25.000000,7,7,25.000000
2021_07_CHI_TB,2021,7,2021-10-24,TB,CHI,29.000000,18.250000,10,7,38.000000
2021_07_CIN_BAL,2021,7,2021-10-24,BAL,CIN,26.750000,16.750000,7,7,17.000000
2021_07_DET_LA,2021,7,2021-10-24,LA,DET,29.500000,24.000000,7,7,28.000000
2021_07_HOU_ARI,2021,7,2021-10-24,ARI,HOU,30.500000,30.000000,7,7,31.000000
2021_07_IND_SF,2021,7,2021-10-24,SF,IND,19.000000,19.000000,14,7,18.000000
2021_07_KC_TEN,2021,7,2021-10-24,TEN,KC,30.000000,27.750000,6,7,27.000000
2021_07_NYJ_NE,2021,7,2021-10-24,NE,NYJ,21.000000,25.500000,7,14,54.000000
2021_07_PHI_LV,2021,7,2021-10-24,LV,PHI,22.000000,32.250000,7,10,33.000000
2021_07_WAS_GB,2021,7,2021-10-24,GB,WAS,26.500000,34.250000,7,7,24.000000
2021_07_NO_SEA,2021,7,2021-10-25,SEA,NO,20.500000,22.000000,8,15,10.000000
2021_08_GB_ARI,2021,8,2021-10-28,ARI,GB,30.500000,15.750000,4,4,21.000000
2021_08_CAR_ATL,2021,8,2021-10-31,ATL,CAR,26.000000,29.000000,7,7,13.000000
2021_08_CIN_NYJ,2021,8,2021-10-31,NYJ,CIN,15.000000,18.500000,7,7,34.000000
2021_08_DAL_MIN,2021,8,2021-10-31,MIN,DAL,22.500000,24.500000,14,14,16.000000
2021_08_JAX_SEA,2021,8,2021-10-31,SEA,JAX,18.750000,28.000000,6,14,31.000000
2021_08_LA_HOU,2021,8,2021-10-31,HOU,LA,7.500000,21.000000,7,7,22.000000
2021_08_MIA_BUF,2021,8,2021-10-31,BUF,MIA,38.000000,31.250000,13,7,26.000000
2021_08_NE_LAC,2021,8,2021-10-31,LAC,NE,27.750000,22.250000,14,7,24.000000
2021_08_PHI_DET,2021,8,2021-10-31,DET,PHI,15.250000,30.250000,7,7,6.000000
2021_08_PIT_CLE,2021,8,2021-10-31,CLE,PIT,21.750000,22.500000,10,14,10.000000
2021_08_SF_CHI,2021,8,2021-10-31,CHI,SF,15.250000,26.250000,7,7,22.000000
2021_08_TB_NO,2021,8,2021-10-31,NO,TB,23.750000,14.750000,6,7,36.000000
2021_08_TEN_IND,2021,8,2021-10-31,IND,TEN,28.250000,20.000000,7,7,31.000000
2021_08_WAS_DEN,2021,8,2021-10-31,DEN,WAS,16.000000,29.500000,10,7,17.000000
2021_08_NYG_KC,2021,8,2021-11-01,KC,NYG,24.000000,26.500000,8,8,20.000000
2021_09_NYJ_IND,2021,9,2021-11-04,IND,NYJ,29.250000,34.000000,4,4,45.000000
2021_09_ARI_SF,2021,9,2021-11-07,SF,ARI,20.500000,13.250000,7,10,17.000000
2021_09_ATL_NO,2021,9,2021-11-07,NO,ATL,25.750000,25.250000,7,7,25.000000
2021_09_BUF_JAX,2021,9,2021-11-07,JAX,BUF,17.500000,16.250000,7,7,9.000000
2021_09_CLE_CIN,2021,9,2021-11-07,CIN,CLE,32.000000,28.250000,7,7,16.000000
2021_09_DEN_DAL,2021,9,2021-11-07,DAL,DEN,33.750000,22.000000,7,7,16.000000
2021_09_GB_KC,2021,9,2021-11-07,KC,GB,18.500000,16.750000,6,10,13.000000
2021_09_HOU_MIA,2021,9,2021-11-07,MIA,HOU,19.000000,31.250000,7,7,17.000000
2021_09_LAC_PHI,2021,9,2021-11-07,PHI,LAC,27.250000,29.250000,7,7,24.000000
2021_09_LV_NYG,2021,9,2021-11-07,NYG,LV,18.250000,23.500000,6,14,23.000000
2021_09_MIN_BAL,2021,9,2021-11-07,BAL,MIN,26.250000,19.750000,14,7,34.000000
2021_09_NE_CAR,2021,9,2021-11-07,CAR,NE,17.000000,23.500000,7,7,6.000000
2021_09_TEN_LA,2021,9,2021-11-07,LA,TEN,32.500000,21.000000,7,7,16.000000
2021_09_CHI_PIT,2021,9,2021-11-08,PIT,CHI,20.500000,26.000000,8,8,29.000000
2021_10_BAL_MIA,2021,10,2021-11-11,MIA,BAL,19.000000,25.750000,4,4,22.000000
2021_10_ATL_DAL,2021,10,2021-11-14,DAL,ATL,28.750000,23.000000,7,7,43.000000
2021_10_BUF_NYJ,2021,10,2021-11-14,NYJ,BUF,24.250000,18.500000,10,7,17.000000
2021_10_CAR_ARI,2021,10,2021-11-14,ARI,CAR,30.000000,24.000000,7,7,10.000000
2021_10_CLE_NE,2021,10,2021-11-14,NE,CLE,33.500000,20.500000,7,7,45.000000
2021_10_DET_PIT,2021,10,2021-11-14,PIT,DET,23.500000,31.250000,6,14,16.000000
2021_10_JAX_IND,2021,10,2021-11-14,IND,JAX,34.250000,23.500000,10,7,23.000000
2021_10_KC_LV,2021,10,2021-11-14,LV,KC,23.000000,16.000000,7,7,14.000000
2021_10_MIN_LAC,2021,10,2021-11-14,LAC,MIN,26.000000,24.750000,7,7,20.000000
2021_10_NO_TEN,2021,10,2021-11-14,TEN,NO,30.750000,21.500000,7,7,23.000000
2021_10_PHI_DEN,2021,10,2021-11-14,DEN,PHI,21.250000,23.500000,7,7,13.000000
2021_10_SEA_GB,2021,10,2021-11-14,GB,SEA,19.750000,17.250000,7,14,17.000000
2021_10_TB_WAS,2021,10,2021-11-14,WAS,TB,13.750000,19.500000,14,14,29.000000
2021_10_LA_SF,2021,10,2021-11-15,SF,LA,19.500000,20.000000,8,8,31.000000
2021_11_NE_ATL,2021,11,2021-11-18,ATL,NE,18.250000,12.500000,4,4,0.000000
2021_11_ARI_SEA,2021,11,2021-11-21,SEA,ARI,15.250000,20.000000,7,7,13.000000
2021_11_BAL_CHI,2021,11,2021-11-21,CHI,BAL,16.500000,25.000000,13,10,13.000000
2021_11_CIN_LV,2021,11,2021-11-21,LV,CIN,24.250000,25.750000,7,14,13.000000
2021_11_DAL_KC,2021,11,2021-11-21,KC,DAL,19.250000,19.500000,7,7,19.000000
2021_11_DET_CLE,2021,11,2021-11-21,CLE,DET,18.750000,30.500000,7,7,13.000000
2021_11_GB_MIN,2021,11,2021-11-21,MIN,GB,27.000000,11.000000,7,7,34.000000
2021_11_HOU_TEN,2021,11,2021-11-21,TEN,HOU,28.000000,29.250000,7,14,13.000000
2021_11_IND_BUF,2021,11,2021-11-21,BUF,IND,27.000000,24.750000,7,7,15.000000
2021_11_MIA_NYJ,2021,11,2021-11-21,NYJ,MIA,23.500000,18.750000,7,10,17.000000
2021_11_NO_PHI,2021,11,2021-11-21,PHI,NO,30.000000,21.750000,7,7,40.000000
2021_11_PIT_LAC,2021,11,2021-11-21,LAC,PIT,19.250000,18.250000,7,7,41.000000
2021_11_SF_JAX,2021,11,2021-11-21,JAX,SF,14.000000,23.250000,7,6,10.000000
2021_11_WAS_CAR,2021,11,2021-11-21,CAR,WAS,15.500000,22.750000,7,7,21.000000
2021_11_NYG_TB,2021,11,2021-11-22,TB,NYG,28.000000,19.250000,8,15,30.000000
2021_12_BUF_NO,2021,12,2021-11-25,NO,BUF,27.750000,19.500000,4,4,6.000000
2021_12_CHI_DET,2021,12,2021-11-25,DET,CHI,12.750000,29.000000,4,4,14.000000
2021_12_LV_DAL,2021,12,2021-11-25,DAL,LV,22.000000,29.500000,4,4,33.000000
2021_12_ATL_JAX,2021,12,2021-11-28,JAX,ATL,10.750000,28.000000,7,10,14.000000
2021_12_CAR_MIA,2021,12,2021-11-28,MIA,CAR,18.500000,18.500000,7,7,33.000000
2021_12_CLE_BAL,2021,12,2021-11-28,BAL,CLE,19.250000,21.500000,7,7,16.000000
2021_12_LAC_DEN,2021,12,2021-11-28,DEN,LAC,18.500000,28.750000,14,7,28.000000
2021_12_LA_GB,2021,12,2021-11-28,GB,LA,19.750000,25.000000,7,13,36.000000
2021_12_MIN_SF,2021,12,2021-11-28,SF,MIN,27.750000,26.250000,7,7,34.000000
2021_12_NYJ_HOU,2021,12,2021-11-28,HOU,NYJ,14.500000,36.250000,7,7,14.000000
2021_12_PHI_NYG,2021,12,2021-11-28,NYG,PHI,18.750000,18.750000,6,7,13.000000
2021_12_PIT_CIN,2021,12,2021-11-28,CIN,PIT,30.000000,23.500000,7,7,41.000000
2021_12_TB_IND,2021,12,2021-11-28,IND,TB,35.000000,19.500000,7,6,31.000000
2021_12_TEN_NE,2021,12,2021-11-28,NE,TEN,30.250000,22.500000,10,7,36.000000
2021_12_SEA_WAS,2021,12,2021-11-29,WAS,SEA,19.000000,15.000000,8,8,17.000000
2021_13_DAL_NO,2021,13,2021-12-02,NO,DAL,20.250000,22.000000,7,7,17.000000
2021_13_ARI_CHI,2021,13,2021-12-05,CHI,ARI,19.500000,22.000000,10,14,22.000000
2021_13_BAL_PIT,2021,13,2021-12-05,PIT,BAL,23.000000,19.000000,7,7,20.000000
2021_13_DEN_KC,2021,13,2021-12-05,KC,DEN,23.250000,17.250000,14,7,22.000000
2021_13_IND_HOU,2021,13,2021-12-05,HOU,IND,16.750000,25.000000,7,7,0.000000
2021_13_JAX_LA,2021,13,2021-12-05,LA,JAX,23.000000,20.000000,7,7,37.000000
2021_13_LAC_CIN,2021,13,2021-12-05,CIN,LAC,30.000000,29.000000,7,7,22.000000
2021_13_MIN_DET,2021,13,2021-12-05,DET,MIN,11.500000,29.750000,10,7,29.000000
2021_13_NYG_MIA,2021,13,2021-12-05,MIA,NYG,24.000000,18.250000,7,7,20.000000
2021_13_PHI_NYJ,2021,13,2021-12-05,NYJ,PHI,21.250000,20.500000,7,7,18.000000
2021_13_SF_SEA,2021,13,2021-12-05,SEA,SF,14.750000,19.250000,6,7,30.000000
2021_13_TB_ATL,2021,13,2021-12-05,ATL,TB,12.750000,26.500000,7,7,17.000000
2021_13_WAS_LV,2021,13,2021-12-05,LV,WAS,19.750000,18.000000,10,6,15.000000
2021_13_NE_BUF,2021,13,2021-12-06,BUF,NE,24.250000,6.500000,11,8,10.000000
2021_14_PIT_MIN,2021,14,2021-12-09,MIN,PIT,28.500000,29.250000,4,4,36.000000
2021_14_ATL_CAR,2021,14,2021-12-12,CAR,ATL,17.750000,28.000000,14,7,21.000000
2021_14_BAL_CLE,2021,14,2021-12-12,CLE,BAL,17.750000,16.250000,14,7,24.000000
2021_14_BUF_TB,2021,14,2021-12-12,TB,BUF,29.250000,19.500000,7,6,33.000000
2021_14_CHI_GB,2021,14,2021-12-12,GB,CHI,22.750000,23.000000,14,7,45.000000
2021_14_DAL_WAS,2021,14,2021-12-12,WAS,DAL,22.500000,18.750000,7,10,20.000000
2021_14_DET_DEN,2021,14,2021-12-12,DEN,DET,20.000000,18.000000,7,7,38.000000
2021_14_JAX_TEN,2021,14,2021-12-12,TEN,JAX,19.250000,27.750000,14,7,20.000000
2021_14_LV_KC,2021,14,2021-12-12,KC,LV,23.750000,30.750000,7,7,48.000000
2021_14_NO_NYJ,2021,14,2021-12-12,NYJ,NO,18.250000,30.250000,7,10,9.000000
2021_14_NYG_LAC,2021,14,2021-12-12,LAC,NYG,28.750000,18.250000,7,7,37.000000
2021_14_SEA_HOU,2021,14,2021-12-12,HOU,SEA,11.250000,20.000000,7,7,13.000000
2021_14_SF_CIN,2021,14,2021-12-12,CIN,SF,27.750000,19.000000,7,7,23.000000
2021_14_LA_ARI,2021,14,2021-12-13,ARI,LA,24.250000,25.500000,8,8,23.000000
2021_15_KC_LAC,2021,15,2021-12-16,LAC,KC,33.000000,10.250000,4,4,28.000000
2021_15_NE_IND,2021,15,2021-12-18,IND,NE,31.500000,7.500000,14,13,27.000000
2021_15_ARI_DET,2021,15,2021-12-19,DET,ARI,15.750000,24.750000,7,6,30.000000
2021_15_ATL_SF,2021,15,2021-12-19,SF,ATL,28.250000,22.500000,7,7,31.000000
2021_15_CAR_BUF,2021,15,2021-12-19,BUF,CAR,20.750000,24.750000,7,7,31.000000
2021_15_CIN_DEN,2021,15,2021-12-19,DEN,CIN,22.000000,22.500000,7,7,10.000000
2021_15_DAL_NYG,2021,15,2021-12-19,NYG,DAL,13.250000,23.000000,7,7,6.000000
2021_15_GB_BAL,2021,15,2021-12-19,BAL,GB,18.250000,23.000000,7,7,30.000000
2021_15_HOU_JAX,2021,15,2021-12-19,JAX,HOU,7.750000,24.500000,7,7,16.000000
2021_15_NO_TB,2021,15,2021-12-19,TB,NO,32.750000,26.750000,7,7,0.000000
2021_15_NYJ_MIA,2021,15,2021-12-19,MIA,NYJ,24.750000,25.250000,14,7,31.000000
2021_15_TEN_PIT,2021,15,2021-12-19,PIT,TEN,23.750000,19.750000,10,7,19.000000
2021_15_LV_CLE,2021,15,2021-12-20,CLE,LV,13.500000,32.500000,7,7,14.000000
2021_15_MIN_CHI,2021,15,2021-12-20,CHI,MIN,20.250000,30.500000,8,11,9.000000
2021_15_SEA_LA,2021,15,2021-12-21,LA,SEA,26.250000,19.000000,6,7,20.000000
2021_15_WAS_PHI,2021,15,2021-12-21,PHI,WAS,27.500000,19.500000,14,7,27.000000
2021_16_SF_TEN,2021,16,2021-12-23,TEN,SF,14.750000,23.000000,4,4,20.000000
2021_16_CLE_GB,2021,16,2021-12-25,GB,CLE,35.750000,16.000000,6,6,24.000000
2021_16_IND_ARI,2021,16,2021-12-25,ARI,IND,22.750000,17.500000,6,6,16.000000
2021_16_BAL_CIN,2021,16,2021-12-26,CIN,BAL,25.250000,21.250000,7,7,41.000000
2021_16_BUF_NE,2021,16,2021-12-26,NE,BUF,23.000000,16.750000,7,7,21.000000
2021_16_CHI_SEA,2021,16,2021-12-26,SEA,CHI,22.000000,27.250000,7,6,24.000000
2021_16_DEN_LV,2021,16,2021-12-26,LV,DEN,19.000000,15.000000,7,7,17.000000
2021_16_DET_ATL,2021,16,2021-12-26,ATL,DET,20.000000,23.250000,7,7,20.000000
2021_16_JAX_NYJ,2021,16,2021-12-26,NYJ,JAX,18.000000,27.000000,7,7,26.000000
2021_16_LAC_HOU,2021,16,2021-12-26,HOU,LAC,14.250000,26.250000,7,10,41.000000
2021_16_LA_MIN,2021,16,2021-12-26,MIN,LA,26.500000,19.000000,6,7,23.000000
2021_16_NYG_PHI,2021,16,2021-12-26,PHI,NYG,26.750000,21.250000,7,7,34.000000
2021_16_PIT_KC,2021,16,2021-12-26,KC,PIT,30.750000,27.250000,10,7,36.000000
2021_16_TB_CAR,2021,16,2021-12-26,CAR,TB,16.500000,21.000000,7,7,6.000000
2021_16_WAS_DAL,2021,16,2021-12-26,DAL,WAS,27.000000,21.000000,7,7,56.000000
2021_16_MIA_NO,2021,16,2021-12-27,NO,MIA,15.500000,15.000000,8,8,3.000000
2021_17_ARI_DAL,2021,17,2022-01-02,DAL,ARI,32.750000,26.000000,7,8,22.000000
2021_17_ATL_BUF,2021,17,2022-01-02,BUF,ATL,25.250000,24.500000,7,7,29.000000
2021_17_CAR_NO,2021,17,2022-01-02,NO,CAR,14.750000,31.250000,6,7,18.000000
2021_17_DEN_LAC,2021,17,2022-01-02,LAC,DEN,33.750000,16.000000,7,7,34.000000
2021_17_DET_SEA,2021,17,2022-01-02,SEA,DET,24.250000,24.250000,7,7,51.000000
2021_17_HOU_SF,2021,17,2022-01-02,SF,HOU,24.250000,27.250000,10,7,23.000000
2021_17_JAX_NE,2021,17,2022-01-02,NE,JAX,22.000000,28.250000,7,7,50.000000
2021_17_KC_CIN,2021,17,2022-01-02,CIN,KC,25.250000,14.000000,7,7,34.000000
2021_17_LA_BAL,2021,17,2022-01-02,BAL,LA,23.000000,15.750000,7,7,19.000000
2021_17_LV_IND,2021,17,2022-01-02,IND,LV,27.750000,23.000000,8,7,20.000000
2021_17_MIA_TEN,2021,17,2022-01-02,TEN,MIA,16.500000,11.500000,10,6,34.000000
2021_17_MIN_GB,2021,17,2022-01-02,GB,MIN,34.000000,24.000000,8,7,37.000000
2021_17_NYG_CHI,2021,17,2022-01-02,CHI,NYG,21.500000,28.000000,7,7,29.000000
2021_17_PHI_WAS,2021,17,2022-01-02,WAS,PHI,17.000000,14.500000,7,7,16.000000
2021_17_TB_NYJ,2021,17,2022-01-02,NYJ,TB,19.250000,14.750000,7,7,24.000000
2021_17_CLE_PIT,2021,17,2022-01-03,PIT,CLE,19.250000,19.500000,8,9,26.000000
2021_18_DAL_PHI,2021,18,2022-01-08,PHI,DAL,28.500000,16.250000,7,7,26.000000
2021_18_KC_DEN,2021,18,2022-01-08,DEN,KC,18.500000,20.250000,7,7,24.000000
2021_18_CAR_TB,2021,18,2022-01-09,TB,CAR,23.250000,27.500000,7,7,41.000000
2021_18_CHI_MIN,2021,18,2022-01-09,MIN,CHI,21.500000,22.250000,7,7,31.000000
2021_18_CIN_CLE,2021,18,2022-01-09,CLE,CIN,18.500000,22.000000,6,7,21.000000
2021_18_GB_DET,2021,18,2022-01-09,DET,GB,21.250000,23.000000,7,7,37.000000
2021_18_IND_JAX,2021,18,2022-01-09,JAX,IND,11.750000,14.000000,7,7,26.000000
2021_18_LAC_LV,2021,18,2022-01-09,LV,LAC,16.250000,27.250000,7,7,35.000000
2021_18_NE_MIA,2021,18,2022-01-09,MIA,NE,18.500000,20.000000,7,7,33.000000
2021_18_NO_ATL,2021,18,2022-01-09,ATL,NO,19.250000,9.750000,7,7,20.000000
2021_18_NYJ_BUF,2021,18,2022-01-09,BUF,NYJ,30.000000,27.500000,7,7,27.000000
2021_18_PIT_BAL,2021,18,2022-01-09,BAL,PIT,23.000000,24.750000,7,6,13.000000
2021_18_SEA_ARI,2021,18,2022-01-09,ARI,SEA,19.000000,21.750000,7,7,30.000000
2021_18_SF_LA,2021,18,2022-01-09,LA,SF,25.000000,15.750000,7,7,24.000000
2021_18_TEN_HOU,2021,18,2022-01-09,HOU,TEN,22.750000,9.750000,7,7,25.000000
2021_18_WAS_NYG,2021,18,2022-01-09,NYG,WAS,10.000000,32.500000,7,7,7.000000
2022_05_IND_DEN,2022,5,2022-10-06,DEN,IND,16.500000,21.250000,4,4,9.000000
2022_05_ATL_TB,2022,5,2022-10-09,TB,ATL,20.500000,25.250000,7,7,21.000000
2022_05_CHI_MIN,2022,5,2022-10-09,MIN,CHI,21.500000,19.250000,7,7,29.000000
2022_05_CIN_BAL,2022,5,2022-10-09,BAL,CIN,29.750000,17.500000,7,10,19.000000
2022_05_DAL_LA,2022,5,2022-10-09,LA,DAL,17.500000,15.500000,6,7,10.000000
2022_05_DET_NE,2022,5,2022-10-09,NE,DET,18.500000,35.250000,7,7,29.000000
2022_05_HOU_JAX,2022,5,2022-10-09,JAX,HOU,26.250000,23.250000,7,7,6.000000
2022_05_LAC_CLE,2022,5,2022-10-09,CLE,LAC,26.250000,27.000000,7,7,28.000000
2022_05_MIA_NYJ,2022,5,2022-10-09,NYJ,MIA,19.000000,22.750000,7,10,40.000000
2022_05_NYG_GB,2022,5,2022-10-09,GB,NYG,18.750000,17.750000,7,7,22.000000
2022_05_PHI_ARI,2022,5,2022-10-09,ARI,PHI,22.000000,17.750000,7,7,17.000000
2022_05_PIT_BUF,2022,5,2022-10-09,BUF,PIT,28.500000,22.500000,7,7,38.000000
2022_05_SEA_NO,2022,5,2022-10-09,NO,SEA,19.000000,28.750000,7,7,39.000000
2022_05_SF_CAR,2022,5,2022-10-09,CAR,SF,19.500000,11.500000,7,6,15.000000
2022_05_TEN_WAS,2022,5,2022-10-09,WAS,TEN,18.250000,25.250000,7,7,17.000000
2022_05_LV_KC,2022,5,2022-10-10,KC,LV,32.250000,25.000000,8,8,30.000000
2022_06_WAS_CHI,2022,6,2022-10-13,CHI,WAS,16.750000,26.500000,4,4,7.000000
2022_06_ARI_SEA,2022,6,2022-10-16,SEA,ARI,27.500000,19.750000,7,7,19.000000
2022_06_BAL_NYG,2022,6,2022-10-16,NYG,BAL,20.500000,27.000000,7,7,24.000000
2022_06_BUF_KC,2022,6,2022-10-16,KC,BUF,28.750000,12.750000,6,7,20.000000
2022_06_CAR_LA,2022,6,2022-10-16,LA,CAR,17.500000,24.000000,7,7,24.000000
2022_06_CIN_NO,2022,6,2022-10-16,NO,CIN,22.000000,16.500000,7,7,26.000000
2022_06_DAL_PHI,2022,6,2022-10-16,PHI,DAL,24.250000,13.250000,7,7,26.000000
2022_06_JAX_IND,2022,6,2022-10-16,IND,JAX,12.250000,13.000000,10,7,34.000000
2022_06_MIN_MIA,2022,6,2022-10-16,MIA,MIN,23.750000,23.750000,7,7,16.000000
2022_06_NE_CLE,2022,6,2022-10-16,CLE,NE,26.750000,19.500000,7,7,15.000000
2022_06_NYJ_GB,2022,6,2022-10-16,GB,NYJ,22.500000,23.500000,7,7,10.000000
2022_06_SF_ATL,2022,6,2022-10-16,ATL,SF,23.000000,10.500000,7,7,28.000000
2022_06_TB_PIT,2022,6,2022-10-16,PIT,TB,13.500000,20.000000,7,7,20.000000
2022_06_DEN_LAC,2022,6,2022-10-17,LAC,DEN,24.500000,15.750000,8,11,19.000000
2022_07_NO_ARI,2022,7,2022-10-20,ARI,NO,16.000000,28.000000,4,4,42.000000
2022_07_ATL_CIN,2022,7,2022-10-23,CIN,ATL,25.250000,19.500000,7,7,35.000000
2022_07_CLE_BAL,2022,7,2022-10-23,BAL,CLE,24.000000,27.000000,7,7,23.000000
2022_07_DET_DAL,2022,7,2022-10-23,DAL,DET,21.750000,33.000000,7,14,24.000000
2022_07_GB_WAS,2022,7,2022-10-23,WAS,GB,11.750000,22.500000,10,7,23.000000
2022_07_HOU_LV,2022,7,2022-10-23,LV,HOU,26.500000,19.750000,13,14,38.000000
2022_07_IND_TEN,2022,7,2022-10-23,TEN,IND,19.000000,19.250000,14,7,19.000000
2022_07_KC_SF,2022,7,2022-10-23,SF,KC,21.250000,26.000000,7,7,23.000000
2022_07_NYG_JAX,2022,7,2022-10-23,JAX,NYG,23.000000,19.250000,7,7,17.000000
2022_07_NYJ_DEN,2022,7,2022-10-23,DEN,NYJ,14.750000,18.500000,6,7,9.000000
2022_07_PIT_MIA,2022,7,2022-10-23,MIA,PIT,17.250000,27.250000,7,7,16.000000
2022_07_SEA_LAC,2022,7,2022-10-23,LAC,SEA,23.250000,30.000000,6,7,23.000000
2022_07_TB_CAR,2022,7,2022-10-23,CAR,TB,15.750000,22.500000,7,7,21.000000
2022_07_CHI_NE,2022,7,2022-10-24,NE,CHI,29.250000,20.250000,8,11,14.000000
2022_08_BAL_TB,2022,8,2022-10-27,TB,BAL,18.250000,21.000000,4,4,22.000000
2022_08_ARI_MIN,2022,8,2022-10-30,MIN,ARI,27.250000,22.250000,14,10,34.000000
2022_08_CAR_ATL,2022,8,2022-10-30,ATL,CAR,20.750000,22.500000,7,7,37.000000
2022_08_CHI_DAL,2022,8,2022-10-30,DAL,CHI,22.000000,18.750000,7,6,49.000000
2022_08_DEN_JAX,2022,8,2022-10-30,JAX,DEN,17.750000,19.750000,7,7,17.000000
2022_08_GB_BUF,2022,8,2022-10-30,BUF,GB,26.000000,25.250000,14,7,27.000000
2022_08_LV_NO,2022,8,2022-10-30,NO,LV,31.000000,24.250000,10,7,24.000000
2022_08_MIA_DET,2022,8,2022-10-30,DET,MIA,18.750000,25.250000,7,7,27.000000
2022_08_NE_NYJ,2022,8,2022-10-30,NYJ,NE,26.750000,18.750000,7,6,17.000000
2022_08_NYG_SEA,2022,8,2022-10-30,SEA,NYG,34.000000,17.750000,7,7,27.000000
2022_08_PIT_PHI,2022,8,2022-10-30,PHI,PIT,24.750000,24.000000,14,7,35.000000
2022_08_SF_LA,2022,8,2022-10-30,LA,SF,15.750000,24.000000,14,7,14.000000
2022_08_TEN_HOU,2022,8,2022-10-30,HOU,TEN,19.250000,16.500000,7,7,10.000000
2022_08_WAS_IND,2022,8,2022-10-30,IND,WAS,18.250000,18.500000,7,7,16.000000
2022_08_CIN_CLE,2022,8,2022-10-31,CLE,CIN,20.750000,19.250000,8,8,32.000000
2022_09_PHI_HOU,2022,9,2022-11-03,HOU,PHI,16.750000,17.000000,4,4,17.000000
2022_09_BUF_NYJ,2022,9,2022-11-06,NYJ,BUF,25.000000,15.000000,7,7,20.000000
2022_09_CAR_CIN,2022,9,2022-11-06,CIN,CAR,23.750000,25.250000,6,7,42.000000
2022_09_GB_DET,2022,9,2022-11-06,DET,GB,19.500000,26.000000,7,7,15.000000
2022_09_IND_NE,2022,9,2022-11-06,NE,IND,25.750000,18.000000,7,7,26.000000
2022_09_LAC_ATL,2022,9,2022-11-06,ATL,LAC,24.250000,26.250000,7,14,17.000000
2022_09_LA_TB,2022,9,2022-11-06,TB,LA,16.000000,21.750000,10,7,16.000000
2022_09_LV_JAX,2022,9,2022-11-06,JAX,LV,16.750000,24.250000,7,7,27.000000
2022_09_MIA_CHI,2022,9,2022-11-06,CHI,MIA,22.750000,25.250000,7,7,32.000000
2022_09_MIN_WAS,2022,9,2022-11-06,WAS,MIN,17.250000,22.250000,7,7,17.000000
2022_09_SEA_ARI,2022,9,2022-11-06,ARI,SEA,23.500000,21.000000,7,7,21.000000
2022_09_TEN_KC,2022,9,2022-11-06,KC,TEN,33.750000,13.500000,14,7,20.000000
2022_09_BAL_NO,2022,9,2022-11-07,NO,BAL,30.750000,20.750000,8,11,13.000000
2022_10_ATL_CAR,2022,10,2022-11-10,CAR,ATL,21.500000,25.750000,4,4,25.000000
2022_10_ARI_LA,2022,10,2022-11-13,LA,ARI,15.250000,29.500000,7,7,17.000000
2022_10_CLE_MIA,2022,10,2022-11-13,MIA,CLE,24.500000,26.000000,7,13,39.000000
2022_10_DAL_GB,2022,10,2022-11-13,GB,DAL,14.250000,17.750000,7,14,31.000000
2022_10_DEN_TEN,2022,10,2022-11-13,TEN,DEN,18.500000,16.000000,7,14,17.000000
2022_10_DET_CHI,2022,10,2022-11-13,CHI,DET,25.250000,23.250000,7,7,30.000000
2022_10_HOU_NYG,2022,10,2022-11-13,NYG,HOU,21.750000,22.500000,14,10,24.000000
2022_10_IND_LV,2022,10,2022-11-13,LV,IND,21.750000,22.250000,7,7,20.000000
2022_10_JAX_KC,2022,10,2022-11-13,KC,JAX,28.500000,24.500000,7,7,27.000000
2022_10_LAC_SF,2022,10,2022-11-13,SF,LAC,26.250000,24.500000,14,7,22.000000
2022_10_MIN_BUF,2022,10,2022-11-13,BUF,MIN,26.500000,20.250000,7,7,30.000000
2022_10_NO_PIT,2022,10,2022-11-13,PIT,NO,11.500000,24.750000,14,6,20.000000
2022_10_SEA_TB,2022,10,2022-11-13,TB,SEA,14.750000,16.500000,7,7,21.000000
2022_10_WAS_PHI,2022,10,2022-11-14,PHI,WAS,27.500000,16.000000,11,8,21.000000
2022_11_TEN_GB,2022,11,2022-11-17,GB,TEN,19.500000,12.500000,4,4,17.000000
2022_11_CAR_BAL,2022,11,2022-11-20,BAL,CAR,24.250000,24.250000,13,10,13.000000
2022_11_CHI_ATL,2022,11,2022-11-20,ATL,CHI,21.500000,32.250000,10,7,27.000000
2022_11_CIN_PIT,2022,11,2022-11-20,PIT,CIN,15.750000,24.000000,7,14,30.000000
2022_11_CLE_BUF,2022,11,2022-11-20,BUF,CLE,24.500000,28.250000,7,7,31.000000
2022_11_DAL_MIN,2022,11,2022-11-20,MIN,DAL,27.750000,23.000000,7,7,3.000000
2022_11_DET_NYG,2022,11,2022-11-20,NYG,DET,21.000000,23.500000,7,7,18.000000
2022_11_KC_LAC,2022,11,2022-11-20,LAC,KC,19.500000,20.250000,7,7,27.000000
2022_11_LA_NO,2022,11,2022-11-20,NO,LA,20.250000,21.000000,7,7,27.000000
2022_11_LV_DEN,2022,11,2022-11-20,DEN,LV,14.000000,24.000000,7,7,16.000000
2022_11_NYJ_NE,2022,11,2022-11-20,NE,NYJ,25.000000,14.500000,14,14,10.000000
2022_11_PHI_IND,2022,11,2022-11-20,IND,PHI,13.500000,19.750000,7,6,16.000000
2022_11_WAS_HOU,2022,11,2022-11-20,HOU,WAS,15.750000,19.500000,7,6,10.000000
2022_11_SF_ARI,2022,11,2022-11-21,ARI,SF,29.000000,25.500000,8,8,10.000000
2022_12_BUF_DET,2022,12,2022-11-24,DET,BUF,26.000000,23.250000,4,4,25.000000
2022_12_NE_MIN,2022,12,2022-11-24,MIN,NE,22.500000,14.000000,4,4,33.000000
2022_12_NYG_DAL,2022,12,2022-11-24,DAL,NYG,35.250000,22.750000,4,4,28.000000
2022_12_ATL_WAS,2022,12,2022-11-27,WAS,ATL,22.250000,25.750000,7,7,19.000000
2022_12_BAL_JAX,2022,12,2022-11-27,JAX,BAL,19.500000,14.500000,14,7,28.000000
2022_12_CHI_NYJ,2022,12,2022-11-27,NYJ,CHI,14.000000,35.500000,7,7,31.000000
2022_12_CIN_TEN,2022,12,2022-11-27,TEN,CIN,19.500000,25.000000,10,7,16.000000
2022_12_DEN_CAR,2022,12,2022-11-27,CAR,DEN,20.750000,18.000000,7,7,23.000000
2022_12_GB_PHI,2022,12,2022-11-27,PHI,GB,25.500000,24.250000,7,10,40.000000
2022_12_HOU_MIA,2022,12,2022-11-27,MIA,HOU,30.250000,23.250000,14,7,30.000000
2022_12_LAC_ARI,2022,12,2022-11-27,ARI,LAC,21.000000,26.500000,6,7,24.000000
2022_12_LA_KC,2022,12,2022-11-27,KC,LA,30.250000,25.250000,7,7,26.000000
2022_12_LV_SEA,2022,12,2022-11-27,SEA,LV,27.750000,23.000000,14,7,34.000000
2022_12_NO_SF,2022,12,2022-11-27,SF,NO,28.500000,16.750000,6,7,13.000000
2022_12_TB_CLE,2022,12,2022-11-27,CLE,TB,23.000000,19.250000,7,14,23.000000
2022_12_PIT_IND,2022,12,2022-11-28,IND,PIT,15.000000,24.500000,8,8,17.000000
2022_13_BUF_NE,2022,13,2022-12-01,NE,BUF,21.000000,25.250000,7,7,10.000000
2022_13_CLE_HOU,2022,13,2022-12-04,HOU,CLE,14.500000,25.000000,7,7,14.000000
2022_13_DEN_BAL,2022,13,2022-12-04,BAL,DEN,23.500000,19.750000,7,7,10.000000
2022_13_GB_CHI,2022,13,2022-12-04,CHI,GB,24.000000,27.500000,7,7,19.000000
2022_13_IND_DAL,2022,13,2022-12-04,DAL,IND,36.250000,21.750000,10,6,54.000000
2022_13_JAX_DET,2022,13,2022-12-04,DET,JAX,25.500000,23.750000,10,7,40.000000
2022_13_KC_CIN,2022,13,2022-12-04,CIN,KC,28.000000,17.750000,7,7,27.000000
2022_13_LAC_LV,2022,13,2022-12-04,LV,LAC,25.500000,23.250000,7,7,27.000000
2022_13_MIA_SF,2022,13,2022-12-04,SF,MIA,26.000000,22.750000,7,7,33.000000
2022_13_NYJ_MIN,2022,13,2022-12-04,MIN,NYJ,22.250000,14.750000,10,7,27.000000
2022_13_PIT_ATL,2022,13,2022-12-04,ATL,PIT,18.000000,24.750000,7,6,16.000000
2022_13_SEA_LA,2022,13,2022-12-04,LA,SEA,15.000000,23.750000,7,7,23.000000
2022_13_TEN_PHI,2022,13,2022-12-04,PHI,TEN,26.750000,16.750000,7,7,35.000000
2022_13_WAS_NYG,2022,13,2022-12-04,NYG,WAS,18.750000,16.000000,10,7,20.000000
2022_13_NO_TB,2022,13,2022-12-05,TB,NO,19.000000,20.000000,8,8,17.000000
2022_14_LV_LA,2022,14,2022-12-08,LA,LV,17.500000,23.750000,4,4,17.000000
2022_14_BAL_PIT,2022,14,2022-12-11,PIT,BAL,23.250000,13.250000,7,7,14.000000
2022_14_CAR_SEA,2022,14,2022-12-11,SEA,CAR,27.000000,20.000000,7,14,24.000000
2022_14_CLE_CIN,2022,14,2022-12-11,CIN,CLE,31.500000,25.250000,7,7,23.000000
2022_14_HOU_DAL,2022,14,2022-12-11,DAL,HOU,37.500000,26.000000,7,7,27.000000
2022_14_JAX_TEN,2022,14,2022-12-11,TEN,JAX,17.500000,28.500000,7,7,22.000000
2022_14_KC_DEN,2022,14,2022-12-11,DEN,KC,11.250000,20.250000,7,7,28.000000
2022_14_MIA_LAC,2022,14,2022-12-11,LAC,MIA,22.000000,24.250000,7,7,23.000000
2022_14_MIN_DET,2022,14,2022-12-11,DET,MIN,31.750000,29.500000,7,7,34.000000
2022_14_NYJ_BUF,2022,14,2022-12-11,BUF,NYJ,28.250000,16.000000,10,7,20.000000
2022_14_PHI_NYG,2022,14,2022-12-11,NYG,PHI,20.500000,22.750000,7,7,22.000000
2022_14_TB_SF,2022,14,2022-12-11,SF,TB,26.500000,17.000000,7,6,35.000000
2022_14_NE_ARI,2022,14,2022-12-12,ARI,NE,20.500000,15.750000,15,11,13.000000
2022_15_SF_SEA,2022,15,2022-12-15,SEA,SF,25.250000,8.500000,4,4,13.000000
2022_15_BAL_CLE,2022,15,2022-12-17,CLE,BAL,20.750000,13.500000,6,6,13.000000
2022_15_IND_MIN,2022,15,2022-12-17,MIN,IND,21.500000,28.750000,6,13,39.000000
2022_15_MIA_BUF,2022,15,2022-12-17,BUF,MIA,25.750000,22.000000,6,6,32.000000
2022_15_ARI_DEN,2022,15,2022-12-18,DEN,ARI,15.750000,26.750000,7,6,24.000000
2022_15_ATL_NO,2022,15,2022-12-18,NO,ATL,13.250000,21.750000,13,14,21.000000
2022_15_CIN_TB,2022,15,2022-12-18,TB,CIN,15.500000,20.000000,7,7,23.000000
2022_15_DAL_JAX,2022,15,2022-12-18,JAX,DAL,23.750000,16.250000,7,7,40.000000
2022_15_DET_NYJ,2022,15,2022-12-18,NYJ,DET,17.000000,20.750000,7,7,17.000000
2022_15_KC_HOU,2022,15,2022-12-18,HOU,KC,15.500000,23.000000,7,7,24.000000
2022_15_NE_LV,2022,15,2022-12-18,LV,NE,26.250000,18.250000,10,6,30.000000
2022_15_NYG_WAS,2022,15,2022-12-18,WAS,NYG,23.500000,31.750000,14,7,12.000000
2022_15_PHI_CHI,2022,15,2022-12-18,CHI,PHI,20.750000,20.250000,14,7,20.000000
2022_15_PIT_CAR,2022,15,2022-12-18,CAR,PIT,20.250000,21.500000,7,7,16.000000
2022_15_TEN_LAC,2022,15,2022-12-18,LAC,TEN,23.750000,27.000000,7,7,17.000000
2022_15_LA_GB,2022,15,2022-12-19,GB,LA,27.250000,24.000000,15,11,24.000000
2022_16_JAX_NYJ,2022,16,2022-12-22,NYJ,JAX,20.500000,30.750000,4,4,3.000000
2022_16_ATL_BAL,2022,16,2022-12-24,BAL,ATL,14.000000,20.750000,7,6,17.000000
2022_16_BUF_CHI,2022,16,2022-12-24,CHI,BUF,18.250000,19.000000,6,7,13.000000
2022_16_CIN_NE,2022,16,2022-12-24,NE,CIN,21.750000,18.250000,6,6,18.000000
2022_16_DET_CAR,2022,16,2022-12-24,CAR,DET,18.000000,20.500000,6,6,37.000000
2022_16_HOU_TEN,2022,16,2022-12-24,TEN,HOU,15.500000,28.500000,6,6,14.000000
2022_16_LV_PIT,2022,16,2022-12-24,PIT,LV,20.250000,23.750000,6,6,13.000000
2022_16_NO_CLE,2022,16,2022-12-24,CLE,NO,18.250000,17.000000,7,6,10.000000
2022_16_NYG_MIN,2022,16,2022-12-24,MIN,NYG,30.500000,27.000000,7,6,27.000000
2022_16_PHI_DAL,2022,16,2022-12-24,DAL,PHI,35.750000,21.250000,6,6,40.000000
2022_16_SEA_KC,2022,16,2022-12-24,KC,SEA,28.500000,28.500000,6,9,24.000000
2022_16_WAS_SF,2022,16,2022-12-24,SF,WAS,25.500000,15.750000,9,6,37.000000
2022_16_DEN_LA,2022,16,2022-12-25,LA,DEN,15.500000,20.500000,6,7,51.000000
2022_16_GB_MIA,2022,16,2022-12-25,MIA,GB,23.250000,24.500000,8,6,20.000000
2022_16_TB_ARI,2022,16,2022-12-25,ARI,TB,15.500000,27.000000,7,7,16.000000
2022_16_LAC_IND,2022,16,2022-12-26,IND,LAC,22.000000,20.500000,9,8,3.000000
2022_17_DAL_TEN,2022,17,2022-12-29,TEN,DAL,15.000000,29.000000,5,5,13.000000
2022_17_ARI_ATL,2022,17,2023-01-01,ATL,ARI,14.000000,23.750000,8,7,20.000000
2022_17_CAR_TB,2022,17,2023-01-01,TB,CAR,16.500000,20.250000,7,8,30.000000
2022_17_CHI_DET,2022,17,2023-01-01,DET,CHI,29.250000,29.750000,8,8,41.000000
2022_17_CLE_WAS,2022,17,2023-01-01,WAS,CLE,17.750000,14.250000,8,8,10.000000
2022_17_DEN_KC,2022,17,2023-01-01,KC,DEN,28.000000,27.500000,8,7,27.000000
2022_17_IND_NYG,2022,17,2023-01-01,NYG,IND,21.500000,34.250000,8,6,38.000000
2022_17_JAX_HOU,2022,17,2023-01-01,HOU,JAX,20.000000,24.750000,8,10,3.000000
2022_17_LA_LAC,2022,17,2023-01-01,LAC,LA,20.000000,20.250000,6,7,31.000000
2022_17_MIA_NE,2022,17,2023-01-01,NE,MIA,19.750000,28.500000,8,7,23.000000
2022_17_MIN_GB,2022,17,2023-01-01,GB,MIN,27.750000,29.000000,7,8,41.000000
2022_17_NO_PHI,2022,17,2023-01-01,PHI,NO,35.500000,14.500000,8,8,10.000000
2022_17_NYJ_SEA,2022,17,2023-01-01,SEA,NYJ,18.500000,21.500000,8,10,23.000000
2022_17_PIT_BAL,2022,17,2023-01-01,BAL,PIT,11.500000,14.500000,8,8,13.000000
2022_17_SF_LV,2022,17,2023-01-01,LV,SF,20.750000,14.250000,8,8,34.000000
2022_18_KC_LV,2022,18,2023-01-07,LV,KC,22.500000,21.500000,6,6,13.000000
2022_18_TEN_JAX,2022,18,2023-01-07,JAX,TEN,31.500000,24.750000,6,9,20.000000
2022_18_ARI_SF,2022,18,2023-01-08,SF,ARI,32.500000,22.500000,7,7,38.000000
2022_18_BAL_CIN,2022,18,2023-01-08,CIN,BAL,26.500000,13.000000,6,7,27.000000
2022_18_CAR_NO,2022,18,2023-01-08,NO,CAR,18.500000,25.250000,7,7,7.000000
2022_18_CLE_PIT,2022,18,2023-01-08,PIT,CLE,16.750000,13.250000,7,7,28.000000
2022_18_DAL_WAS,2022,18,2023-01-08,WAS,DAL,15.500000,27.500000,7,10,26.000000
2022_18_DET_GB,2022,18,2023-01-08,GB,DET,29.750000,21.750000,7,7,16.000000
2022_18_HOU_IND,2022,18,2023-01-08,IND,HOU,17.000000,25.500000,7,7,31.000000
2022_18_LAC_DEN,2022,18,2023-01-08,DEN,LAC,22.500000,11.000000,7,7,31.000000
2022_18_LA_SEA,2022,18,2023-01-08,SEA,LA,17.500000,21.250000,7,7,19.000000
2022_18_MIN_CHI,2022,18,2023-01-08,CHI,MIN,15.500000,33.750000,7,7,13.000000
2022_18_NE_BUF,2022,18,2023-01-08,BUF,NE,27.750000,21.500000,6,7,35.000000
2022_18_NYG_PHI,2022,18,2023-01-08,PHI,NYG,29.250000,24.250000,7,7,22.000000
2022_18_NYJ_MIA,2022,18,2023-01-08,MIA,NYJ,21.750000,20.500000,7,7,11.000000
2022_18_TB_ATL,2022,18,2023-01-08,ATL,TB,15.750000,27.250000,7,7,30.000000
2023_05_CHI_WAS,2023,5,2023-10-05,WAS,CHI,22.250000,34.250000,4,4,20.000000
2023_05_BAL_PIT,2023,5,2023-10-08,PIT,BAL,15.500000,14.500000,7,7,17.000000
2023_05_CAR_DET,2023,5,2023-10-08,DET,CAR,26.500000,25.500000,10,7,42.000000
2023_05_CIN_ARI,2023,5,2023-10-08,ARI,CIN,22.000000,23.500000,7,7,20.000000
2023_05_DAL_SF,2023,5,2023-10-08,SF,DAL,31.250000,10.250000,7,7,42.000000
2023_05_HOU_ATL,2023,5,2023-10-08,ATL,HOU,15.500000,19.750000,7,7,21.000000
2023_05_JAX_BUF,2023,5,2023-10-08,BUF,JAX,34.750000,20.500000,7,7,20.000000
2023_05_KC_MIN,2023,5,2023-10-08,MIN,KC,22.500000,15.000000,7,7,20.000000
2023_05_NO_NE,2023,5,2023-10-08,NE,NO,13.750000,19.000000,7,7,0.000000
2023_05_NYG_MIA,2023,5,2023-10-08,MIA,NYG,37.500000,30.500000,7,6,31.000000
2023_05_NYJ_DEN,2023,5,2023-10-08,DEN,NYJ,25.000000,21.000000,7,7,21.000000
2023_05_PHI_LA,2023,5,2023-10-08,LA,PHI,24.500000,22.500000,7,7,14.000000
2023_05_TEN_IND,2023,5,2023-10-08,IND,TEN,24.250000,17.500000,7,7,23.000000
2023_05_GB_LV,2023,5,2023-10-09,LV,GB,15.500000,24.000000,8,11,17.000000
2023_06_DEN_KC,2023,6,2023-10-12,KC,DEN,27.000000,41.000000,4,4,19.000000
2023_06_ARI_LA,2023,6,2023-10-15,LA,ARI,20.500000,29.000000,7,7,26.000000
2023_06_BAL_TEN,2023,6,2023-10-15,TEN,BAL,18.250000,16.500000,7,7,16.000000
2023_06_CAR_MIA,2023,6,2023-10-15,MIA,CAR,36.250000,30.000000,7,7,42.000000
2023_06_DET_TB,2023,6,2023-10-15,TB,DET,21.000000,21.750000,14,7,6.000000
2023_06_IND_JAX,2023,6,2023-10-15,JAX,IND,18.500000,21.000000,7,7,37.000000
2023_06_MIN_CHI,2023,6,2023-10-15,CHI,MIN,23.750000,25.500000,10,7,13.000000
2023_06_NE_LV,2023,6,2023-10-15,LV,NE,15.500000,26.500000,6,7,21.000000
2023_06_NO_HOU,2023,6,2023-10-15,HOU,NO,26.500000,15.250000,7,7,20.000000
2023_06_NYG_BUF,2023,6,2023-10-15,BUF,NYG,35.750000,28.250000,7,7,14.000000
2023_06_PHI_NYJ,2023,6,2023-10-15,NYJ,PHI,17.750000,21.000000,7,7,20.000000
2023_06_SEA_CIN,2023,6,2023-10-15,CIN,SEA,20.000000,22.750000,7,13,17.000000
2023_06_SF_CLE,2023,6,2023-10-15,CLE,SF,19.000000,15.250000,14,7,19.000000
2023_06_WAS_ATL,2023,6,2023-10-15,ATL,WAS,14.750000,36.000000,7,10,16.000000
2023_06_DAL_LAC,2023,6,2023-10-16,LAC,DAL,27.500000,20.750000,15,8,17.000000
2023_07_JAX_NO,2023,7,2023-10-19,NO,JAX,18.250000,21.000000,4,4,24.000000
2023_07_ARI_SEA,2023,7,2023-10-22,SEA,ARI,27.750000,27.750000,7,7,20.000000
2023_07_ATL_TB,2023,7,2023-10-22,TB,ATL,17.500000,21.500000,7,7,13.000000
2023_07_BUF_NE,2023,7,2023-10-22,NE,BUF,8.750000,14.250000,7,7,29.000000
2023_07_CLE_IND,2023,7,2023-10-22,IND,CLE,22.000000,18.500000,7,7,38.000000
2023_07_DET_BAL,2023,7,2023-10-22,BAL,DET,20.250000,14.000000,7,7,38.000000
2023_07_GB_DEN,2023,7,2023-10-22,DEN,GB,20.000000,23.250000,10,13,19.000000
2023_07_LAC_KC,2023,7,2023-10-22,KC,LAC,27.500000,22.000000,10,6,31.000000
2023_07_LV_CHI,2023,7,2023-10-22,CHI,LV,22.750000,19.250000,7,7,30.000000
2023_07_MIA_PHI,2023,7,2023-10-22,PHI,MIA,24.000000,26.250000,7,7,31.000000
2023_07_PIT_LA,2023,7,2023-10-22,LA,PIT,21.250000,20.000000,7,14,17.000000
2023_07_WAS_NYG,2023,7,2023-10-22,NYG,WAS,10.000000,31.750000,7,7,14.000000
2023_07_SF_MIN,2023,7,2023-10-23,MIN,SF,21.000000,14.250000,8,8,22.000000
2023_08_TB_BUF,2023,8,2023-10-26,BUF,TB,26.750000,17.500000,4,4,24.000000
2023_08_ATL_TEN,2023,8,2023-10-29,TEN,ATL,15.500000,19.750000,14,7,28.000000
2023_08_BAL_ARI,2023,8,2023-10-29,ARI,BAL,13.750000,10.500000,7,7,24.000000
2023_08_CHI_LAC,2023,8,2023-10-29,LAC,CHI,21.500000,20.500000,7,7,30.000000
2023_08_CIN_SF,2023,8,2023-10-29,SF,CIN,27.750000,19.000000,6,14,17.000000
2023_08_CLE_SEA,2023,8,2023-10-29,SEA,CLE,23.500000,21.500000,7,7,24.000000
2023_08_HOU_CAR,2023,8,2023-10-29,CAR,HOU,21.250000,14.250000,14,14,15.000000
2023_08_JAX_PIT,2023,8,2023-10-29,PIT,JAX,17.500000,17.750000,7,10,10.000000
2023_08_KC_DEN,2023,8,2023-10-29,DEN,KC,19.750000,16.250000,7,7,24.000000
2023_08_LA_DAL,2023,8,2023-10-29,DAL,LA,21.000000,19.750000,13,7,43.000000
2023_08_MIN_GB,2023,8,2023-10-29,GB,MIN,17.000000,17.500000,7,6,10.000000
2023_08_NE_MIA,2023,8,2023-10-29,MIA,NE,27.500000,29.500000,7,7,31.000000
2023_08_NO_IND,2023,8,2023-10-29,IND,NO,26.000000,19.250000,7,10,27.000000
2023_08_NYJ_NYG,2023,8,2023-10-29,NYG,NYJ,10.500000,18.250000,7,14,10.000000
2023_08_PHI_WAS,2023,8,2023-10-29,WAS,PHI,20.500000,20.500000,7,7,31.000000
2023_08_LV_DET,2023,8,2023-10-30,DET,LV,25.500000,21.000000,8,8,26.000000
2023_09_TEN_PIT,2023,9,2023-11-02,PIT,TEN,14.250000,18.250000,4,4,20.000000
2023_09_ARI_CLE,2023,9,2023-11-05,CLE,ARI,20.250000,27.750000,7,7,27.000000
2023_09_BUF_CIN,2023,9,2023-11-05,CIN,BUF,21.250000,20.250000,7,10,24.000000
2023_09_CHI_NO,2023,9,2023-11-05,NO,CHI,27.250000,20.250000,7,7,24.000000
2023_09_DAL_PHI,2023,9,2023-11-05,PHI,DAL,26.500000,20.500000,7,7,28.000000
2023_09_IND_CAR,2023,9,2023-11-05,CAR,IND,18.250000,32.500000,7,7,13.000000
2023_09_LA_GB,2023,9,2023-11-05,GB,LA,15.000000,24.750000,7,7,20.000000
2023_09_MIA_KC,2023,9,2023-11-05,KC,MIA,21.500000,21.250000,7,7,21.000000
2023_09_MIN_ATL,2023,9,2023-11-05,ATL,MIN,19.000000,16.750000,7,7,28.000000
2023_09_NYG_LV,2023,9,2023-11-05,LV,NYG,16.000000,16.250000,6,7,30.000000
2023_09_SEA_BAL,2023,9,2023-11-05,BAL,SEA,25.750000,12.500000,7,7,37.000000
2023_09_TB_HOU,2023,9,2023-11-05,HOU,TB,20.500000,17.250000,7,10,39.000000
2023_09_WAS_NE,2023,9,2023-11-05,NE,WAS,15.750000,27.000000,7,7,17.000000
2023_09_LAC_NYJ,2023,9,2023-11-06,NYJ,LAC,21.000000,20.250000,8,8,6.000000
2023_10_CAR_CHI,2023,10,2023-11-09,CHI,CAR,18.250000,31.000000,4,4,16.000000
2023_10_ATL_ARI,2023,10,2023-11-12,ARI,ATL,10.750000,24.000000,7,7,25.000000
2023_10_CLE_BAL,2023,10,2023-11-12,BAL,CLE,32.500000,19.750000,7,7,31.000000
2023_10_DET_LAC,2023,10,2023-11-12,LAC,DET,22.750000,20.500000,6,13,38.000000
2023_10_GB_PIT,2023,10,2023-11-12,PIT,GB,17.750000,15.750000,10,7,23.000000
2023_10_HOU_CIN,2023,10,2023-11-12,CIN,HOU,26.500000,21.500000,7,7,27.000000
2023_10_IND_NE,2023,10,2023-11-12,NE,IND,20.000000,31.750000,7,7,6.000000
2023_10_NO_MIN,2023,10,2023-11-12,MIN,NO,24.000000,23.750000,7,7,27.000000
2023_10_NYG_DAL,2023,10,2023-11-12,DAL,NYG,24.000000,16.000000,7,7,49.000000
2023_10_NYJ_LV,2023,10,2023-11-12,LV,NYJ,19.250000,18.000000,7,6,16.000000
2023_10_SF_JAX,2023,10,2023-11-12,JAX,SF,28.250000,20.500000,14,14,3.000000
2023_10_TEN_TB,2023,10,2023-11-12,TB,TEN,18.500000,22.500000,7,10,20.000000
2023_10_WAS_SEA,2023,10,2023-11-12,SEA,WAS,15.000000,21.250000,7,7,29.000000
2023_10_DEN_BUF,2023,10,2023-11-13,BUF,DEN,20.250000,19.000000,8,15,22.000000
2023_11_CIN_BAL,2023,11,2023-11-16,BAL,CIN,34.250000,19.500000,4,4,34.000000
2023_11_ARI_HOU,2023,11,2023-11-19,HOU,ARI,25.500000,25.250000,7,7,21.000000
2023_11_CHI_DET,2023,11,2023-11-19,DET,CHI,23.250000,19.750000,7,10,31.000000
2023_11_DAL_CAR,2023,11,2023-11-19,CAR,DAL,15.500000,20.500000,10,7,10.000000
2023_11_LAC_GB,2023,11,2023-11-19,GB,LAC,16.500000,22.750000,7,7,23.000000
2023_11_LV_MIA,2023,11,2023-11-19,MIA,LV,26.000000,18.500000,14,7,20.000000
2023_11_MIN_DEN,2023,11,2023-11-19,DEN,MIN,18.750000,18.500000,6,7,21.000000
2023_11_NYG_WAS,2023,11,2023-11-19,WAS,NYG,21.000000,24.750000,7,7,19.000000
2023_11_NYJ_BUF,2023,11,2023-11-19,BUF,NYJ,22.250000,16.750000,6,7,32.000000
2023_11_PIT_CLE,2023,11,2023-11-19,CLE,PIT,29.750000,18.000000,7,7,13.000000
2023_11_SEA_LA,2023,11,2023-11-19,LA,SEA,16.500000,23.250000,14,7,17.000000
2023_11_TB_SF,2023,11,2023-11-19,SF,TB,21.250000,21.250000,7,7,27.000000
2023_11_TEN_JAX,2023,11,2023-11-19,JAX,TEN,22.750000,21.750000,7,7,34.000000
2023_11_PHI_KC,2023,11,2023-11-20,KC,PHI,20.000000,22.750000,15,15,17.000000
2023_12_GB_DET,2023,12,2023-11-23,DET,GB,26.000000,17.500000,4,4,22.000000
2023_12_SF_SEA,2023,12,2023-11-23,SEA,SF,18.000000,17.500000,4,4,13.000000
2023_12_WAS_DAL,2023,12,2023-11-23,DAL,WAS,37.000000,28.750000,4,4,45.000000
2023_12_MIA_NYJ,2023,12,2023-11-24,NYJ,MIA,9.250000,20.500000,5,5,13.000000
2023_12_BAL_LAC,2023,12,2023-11-26,LAC,BAL,28.750000,20.000000,7,10,10.000000
2023_12_BUF_PHI,2023,12,2023-11-26,PHI,BUF,29.500000,18.000000,6,7,37.000000
2023_12_CAR_TEN,2023,12,2023-11-26,TEN,CAR,16.000000,22.250000,7,7,17.000000
2023_12_CLE_DEN,2023,12,2023-11-26,DEN,CLE,22.000000,16.250000,7,7,29.000000
2023_12_JAX_HOU,2023,12,2023-11-26,HOU,JAX,25.750000,20.500000,7,7,21.000000
2023_12_KC_LV,2023,12,2023-11-26,LV,KC,18.250000,19.000000,7,6,17.000000
2023_12_LA_ARI,2023,12,2023-11-26,ARI,LA,16.250000,25.750000,7,7,14.000000
2023_12_NE_NYG,2023,12,2023-11-26,NYG,NE,16.000000,21.500000,7,14,10.000000
2023_12_NO_ATL,2023,12,2023-11-26,ATL,NO,22.500000,25.500000,14,14,24.000000
2023_12_PIT_CIN,2023,12,2023-11-26,CIN,PIT,25.500000,17.000000,10,7,10.000000
2023_12_TB_IND,2023,12,2023-11-26,IND,TB,25.500000,24.000000,14,7,27.000000
2023_12_CHI_MIN,2023,12,2023-11-27,MIN,CHI,25.500000,24.500000,8,8,10.000000
2023_13_SEA_DAL,2023,13,2023-11-30,DAL,SEA,37.500000,27.750000,7,7,41.000000
2023_13_ARI_PIT,2023,13,2023-12-03,PIT,ARI,17.250000,27.000000,7,7,10.000000
2023_13_ATL_NYJ,2023,13,2023-12-03,NYJ,ATL,9.250000,24.750000,9,7,8.000000
2023_13_CAR_TB,2023,13,2023-12-03,TB,CAR,22.750000,23.250000,7,7,21.000000
2023_13_CLE_LA,2023,13,2023-12-03,LA,CLE,19.250000,17.500000,7,7,36.000000
2023_13_DEN_HOU,2023,13,2023-12-03,HOU,DEN,27.750000,15.750000,7,7,22.000000
2023_13_DET_NO,2023,13,2023-12-03,NO,DET,24.000000,26.750000,7,10,28.000000
2023_13_IND_TEN,2023,13,2023-12-03,TEN,IND,13.250000,19.250000,7,7,28.000000
2023_13_KC_GB,2023,13,2023-12-03,GB,KC,22.750000,19.000000,10,7,27.000000
2023_13_LAC_NE,2023,13,2023-12-03,NE,LAC,11.750000,22.500000,7,7,0.000000
2023_13_MIA_WAS,2023,13,2023-12-03,WAS,MIA,18.750000,16.000000,10,9,15.000000
2023_13_SF_PHI,2023,13,2023-12-03,PHI,SF,31.000000,15.250000,7,10,19.000000
2023_13_CIN_JAX,2023,13,2023-12-04,JAX,CIN,20.250000,24.500000,8,8,31.000000
2023_14_NE_PIT,2023,14,2023-12-07,PIT,NE,14.750000,11.500000,4,4,18.000000
2023_14_BUF_KC,2023,14,2023-12-10,KC,BUF,22.000000,22.750000,7,14,17.000000
2023_14_CAR_NO,2023,14,2023-12-10,NO,CAR,21.500000,21.750000,7,7,28.000000
2023_14_DEN_LAC,2023,14,2023-12-10,LAC,DEN,18.500000,19.000000,7,7,7.000000
2023_14_DET_CHI,2023,14,2023-12-10,CHI,DET,17.750000,30.250000,13,7,28.000000
2023_14_HOU_NYJ,2023,14,2023-12-10,NYJ,HOU,9.750000,21.000000,7,7,30.000000
2023_14_IND_CIN,2023,14,2023-12-10,CIN,IND,22.750000,16.750000,6,7,34.000000
2023_14_JAX_CLE,2023,14,2023-12-10,CLE,JAX,19.250000,25.750000,7,6,31.000000
2023_14_LA_BAL,2023,14,2023-12-10,BAL,LA,30.500000,17.250000,14,7,37.000000
2023_14_MIN_LV,2023,14,2023-12-10,LV,MIN,19.000000,20.000000,14,13,0.000000
2023_14_PHI_DAL,2023,14,2023-12-10,DAL,PHI,42.000000,29.000000,10,7,33.000000
2023_14_SEA_SF,2023,14,2023-12-10,SF,SEA,33.500000,28.750000,7,10,28.000000
2023_14_TB_ATL,2023,14,2023-12-10,ATL,TB,22.000000,19.500000,7,7,25.000000
2023_14_GB_NYG,2023,14,2023-12-11,NYG,GB,16.000000,21.000000,15,8,24.000000
2023_14_TEN_MIA,2023,14,2023-12-11,MIA,TEN,28.250000,23.750000,8,8,27.000000
2023_15_LAC_LV,2023,15,2023-12-14,LV,LAC,11.500000,16.750000,4,4,63.000000
2023_15_DEN_DET,2023,15,2023-12-16,DET,DEN,24.750000,15.250000,6,6,42.000000
2023_15_MIN_CIN,2023,15,2023-12-16,CIN,MIN,24.500000,13.000000,6,6,27.000000
2023_15_PIT_IND,2023,15,2023-12-16,IND,PIT,20.500000,17.000000,6,9,30.000000
2023_15_ATL_CAR,2023,15,2023-12-17,CAR,ATL,11.000000,19.250000,7,7,9.000000
2023_15_BAL_JAX,2023,15,2023-12-17,JAX,BAL,29.000000,23.500000,7,7,7.000000
2023_15_CHI_CLE,2023,15,2023-12-17,CLE,CHI,18.750000,16.750000,7,7,20.000000
2023_15_DAL_BUF,2023,15,2023-12-17,BUF,DAL,27.000000,17.000000,7,7,31.000000
2023_15_HOU_TEN,2023,15,2023-12-17,TEN,HOU,21.750000,21.750000,6,7,16.000000
2023_15_KC_NE,2023,15,2023-12-17,NE,KC,8.500000,21.250000,10,7,17.000000
2023_15_NYG_NO,2023,15,2023-12-17,NO,NYG,22.500000,24.250000,7,6,24.000000
2023_15_NYJ_MIA,2023,15,2023-12-17,MIA,NYJ,31.500000,21.250000,6,7,30.000000
2023_15_SF_ARI,2023,15,2023-12-17,ARI,SF,19.750000,15.500000,14,7,29.000000
2023_15_TB_GB,2023,15,2023-12-17,GB,TB,25.250000,24.250000,6,7,20.000000
2023_15_WAS_LA,2023,15,2023-12-17,LA,WAS,30.250000,37.500000,7,14,28.000000
2023_15_PHI_SEA,2023,15,2023-12-18,SEA,PHI,20.000000,31.500000,8,8,20.000000
2023_16_NO_LA,2023,16,2023-12-21,LA,NO,33.000000,17.250000,4,4,30.000000
2023_16_BUF_LAC,2023,16,2023-12-23,LAC,BUF,11.000000,17.500000,9,6,22.000000
2023_16_CIN_PIT,2023,16,2023-12-23,PIT,CIN,14.250000,21.250000,7,7,34.000000
2023_16_ARI_CHI,2023,16,2023-12-24,CHI,ARI,20.750000,28.250000,7,7,27.000000
2023_16_CLE_HOU,2023,16,2023-12-24,HOU,CLE,17.000000,27.250000,7,7,22.000000
2023_16_DAL_MIA,2023,16,2023-12-24,MIA,DAL,34.000000,22.250000,7,7,22.000000
2023_16_DET_MIN,2023,16,2023-12-24,MIN,DET,14.250000,25.500000,8,8,24.000000
2023_16_GB_CAR,2023,16,2023-12-24,CAR,GB,10.750000,24.750000,7,7,30.000000
2023_16_IND_ATL,2023,16,2023-12-24,ATL,IND,17.250000,23.750000,7,8,29.000000
2023_16_JAX_TB,2023,16,2023-12-24,TB,JAX,26.000000,27.250000,7,7,30.000000
2023_16_NE_DEN,2023,16,2023-12-24,DEN,NE,21.750000,15.250000,8,7,23.000000
2023_16_SEA_TEN,2023,16,2023-12-24,TEN,SEA,22.250000,29.250000,7,6,17.000000
2023_16_WAS_NYJ,2023,16,2023-12-24,NYJ,WAS,12.750000,37.250000,7,7,30.000000
2023_16_BAL_SF,2023,16,2023-12-25,SF,BAL,36.500000,17.000000,8,8,19.000000
2023_16_LV_KC,2023,16,2023-12-25,KC,LV,23.500000,18.750000,8,11,14.000000
2023_16_NYG_PHI,2023,16,2023-12-25,PHI,NYG,21.500000,18.000000,7,8,33.000000
2023_17_NYJ_CLE,2023,17,2023-12-28,CLE,NYJ,26.500000,19.250000,4,4,37.000000
2023_17_DET_DAL,2023,17,2023-12-30,DAL,DET,26.000000,24.250000,6,6,20.000000
2023_17_ARI_PHI,2023,17,2023-12-31,PHI,ARI,20.500000,29.750000,6,7,31.000000
2023_17_ATL_CHI,2023,17,2023-12-31,CHI,ATL,21.000000,14.000000,7,7,37.000000
2023_17_CAR_JAX,2023,17,2023-12-31,JAX,CAR,19.250000,22.250000,7,7,26.000000
2023_17_CIN_KC,2023,17,2023-12-31,KC,CIN,19.250000,25.750000,6,8,25.000000
2023_17_GB_MIN,2023,17,2023-12-31,MIN,GB,15.250000,26.750000,7,7,10.000000
2023_17_LAC_DEN,2023,17,2023-12-31,DEN,LAC,20.250000,27.750000,7,8,16.000000
2023_17_LA_NYG,2023,17,2023-12-31,NYG,LA,16.250000,24.500000,6,10,25.000000
2023_17_LV_IND,2023,17,2023-12-31,IND,LV,21.250000,17.250000,7,6,23.000000
2023_17_MIA_BAL,2023,17,2023-12-31,BAL,MIA,28.250000,15.750000,6,7,56.000000
2023_17_NE_BUF,2023,17,2023-12-31,BUF,NE,27.250000,18.500000,8,7,27.000000
2023_17_NO_TB,2023,17,2023-12-31,TB,NO,28.500000,18.750000,7,10,13.000000
2023_17_PIT_SEA,2023,17,2023-12-31,SEA,PIT,22.750000,21.500000,7,8,23.000000
2023_17_SF_WAS,2023,17,2023-12-31,WAS,SF,18.250000,24.250000,7,6,10.000000
2023_17_TEN_HOU,2023,17,2023-12-31,HOU,TEN,17.250000,24.250000,7,7,26.000000
2023_18_HOU_IND,2023,18,2024-01-06,IND,HOU,19.250000,21.250000,6,6,19.000000
2023_18_PIT_BAL,2023,18,2024-01-06,BAL,PIT,37.250000,21.250000,6,6,10.000000
2023_18_ATL_NO,2023,18,2024-01-07,NO,ATL,24.250000,21.250000,7,7,48.000000
2023_18_BUF_MIA,2023,18,2024-01-07,MIA,BUF,24.500000,17.500000,7,7,14.000000
2023_18_CHI_GB,2023,18,2024-01-07,GB,CHI,27.000000,16.500000,7,7,17.000000
2023_18_CLE_CIN,2023,18,2024-01-07,CIN,CLE,22.250000,21.500000,7,10,31.000000
2023_18_DAL_WAS,2023,18,2024-01-07,WAS,DAL,18.250000,21.250000,7,8,10.000000
2023_18_DEN_LV,2023,18,2024-01-07,LV,DEN,25.750000,21.000000,7,7,27.000000
2023_18_JAX_TEN,2023,18,2024-01-07,TEN,JAX,16.000000,21.000000,7,7,28.000000
2023_18_KC_LAC,2023,18,2024-01-07,LAC,KC,14.750000,18.500000,7,7,12.000000
2023_18_LA_SF,2023,18,2024-01-07,SF,LA,29.750000,26.000000,7,7,20.000000
2023_18_MIN_DET,2023,18,2024-01-07,DET,MIN,26.000000,22.500000,8,7,30.000000
2023_18_NYJ_NE,2023,18,2024-01-07,NE,NYJ,21.250000,25.250000,7,10,3.000000
2023_18_PHI_NYG,2023,18,2024-01-07,NYG,PHI,20.000000,28.250000,7,7,27.000000
2023_18_SEA_ARI,2023,18,2024-01-07,ARI,SEA,26.000000,23.000000,7,7,20.000000
2023_18_TB_CAR,2023,18,2024-01-07,CAR,TB,11.250000,20.000000,7,7,0.000000
2024_05_TB_ATL,2024,5,2024-10-03,ATL,TB,18.750000,19.500000,4,4,36.000000
2024_05_ARI_SF,2024,5,2024-10-06,SF,ARI,25.750000,26.500000,7,7,23.000000
2024_05_BAL_CIN,2024,5,2024-10-06,CIN,BAL,25.500000,22.000000,7,7,38.000000
2024_05_BUF_HOU,2024,5,2024-10-06,HOU,BUF,19.750000,20.750000,7,7,23.000000
2024_05_CAR_CHI,2024,5,2024-10-06,CHI,CAR,19.250000,32.250000,7,7,36.000000
2024_05_CLE_WAS,2024,5,2024-10-06,WAS,CLE,30.250000,21.750000,7,7,34.000000
2024_05_DAL_PIT,2024,5,2024-10-06,PIT,DAL,18.750000,26.000000,7,10,17.000000
2024_05_GB_LA,2024,5,2024-10-06,LA,GB,18.750000,22.250000,7,7,19.000000
2024_05_IND_JAX,2024,5,2024-10-06,JAX,IND,15.000000,21.250000,7,7,37.000000
2024_05_LV_DEN,2024,5,2024-10-06,DEN,LV,15.500000,24.250000,7,7,34.000000
2024_05_MIA_NE,2024,5,2024-10-06,NE,MIA,13.000000,25.750000,7,6,10.000000
2024_05_NYG_SEA,2024,5,2024-10-06,SEA,NYG,25.500000,21.000000,6,10,20.000000
2024_05_NYJ_MIN,2024,5,2024-10-06,MIN,NYJ,29.000000,15.500000,7,7,23.000000
2024_05_NO_KC,2024,5,2024-10-07,KC,NO,23.000000,17.500000,8,8,26.000000
2024_06_SF_SEA,2024,6,2024-10-10,SEA,SF,24.000000,21.750000,4,4,24.000000
2024_06_ARI_GB,2024,6,2024-10-13,GB,ARI,24.750000,23.750000,7,7,34.000000
2024_06_ATL_CAR,2024,6,2024-10-13,CAR,ATL,18.250000,24.250000,7,10,20.000000
2024_06_CIN_NYG,2024,6,2024-10-13,NYG,CIN,20.750000,32.250000,7,7,7.000000
2024_06_CLE_PHI,2024,6,2024-10-13,PHI,CLE,21.500000,22.000000,14,7,20.000000
2024_06_DET_DAL,2024,6,2024-10-13,DAL,DET,21.000000,20.500000,7,13,9.000000
2024_06_HOU_NE,2024,6,2024-10-13,NE,HOU,11.500000,21.750000,7,7,21.000000
2024_06_IND_TEN,2024,6,2024-10-13,TEN,IND,19.750000,23.250000,13,7,17.000000
2024_06_JAX_CHI,2024,6,2024-10-13,CHI,JAX,22.250000,30.750000,7,7,35.000000
2024_06_LAC_DEN,2024,6,2024-10-13,DEN,LAC,19.000000,12.500000,7,14,16.000000
2024_06_PIT_LV,2024,6,2024-10-13,LV,PIT,21.500000,15.750000,7,7,13.000000
2024_06_TB_NO,2024,6,2024-10-13,NO,TB,23.250000,23.500000,6,10,27.000000
2024_06_WAS_BAL,2024,6,2024-10-13,BAL,WAS,31.750000,19.500000,7,7,30.000000
2024_06_BUF_NYJ,2024,6,2024-10-14,NYJ,BUF,18.500000,19.500000,8,8,20.000000
2024_07_DEN_NO,2024,7,2024-10-17,NO,DEN,19.000000,14.250000,4,4,10.000000
2024_07_CAR_WAS,2024,7,2024-10-20,WAS,CAR,34.250000,32.500000,7,7,40.000000
2024_07_CIN_CLE,2024,7,2024-10-20,CLE,CIN,15.000000,27.500000,7,7,14.000000
2024_07_DET_MIN,2024,7,2024-10-20,MIN,DET,27.750000,17.750000,14,7,29.000000
2024_07_HOU_GB,2024,7,2024-10-20,GB,HOU,29.250000,23.750000,7,7,24.000000
2024_07_KC_SF,2024,7,2024-10-20,SF,KC,28.250000,16.250000,10,13,18.000000
2024_07_LV_LA,2024,7,2024-10-20,LA,LV,18.500000,29.500000,14,7,20.000000
2024_07_MIA_IND,2024,7,2024-10-20,IND,MIA,25.500000,24.000000,7,14,16.000000
2024_07_NE_JAX,2024,7,2024-10-20,JAX,NE,20.750000,27.500000,7,7,32.000000
2024_07_NYJ_PIT,2024,7,2024-10-20,PIT,NYJ,23.250000,14.750000,7,6,37.000000
2024_07_PHI_NYG,2024,7,2024-10-20,NYG,PHI,18.000000,20.750000,7,7,3.000000
2024_07_SEA_ATL,2024,7,2024-10-20,ATL,SEA,29.250000,27.500000,7,10,14.000000
2024_07_TEN_BUF,2024,7,2024-10-20,BUF,TEN,25.000000,21.500000,6,7,34.000000
2024_07_BAL_TB,2024,7,2024-10-21,TB,BAL,30.250000,24.000000,8,8,31.000000
2024_07_LAC_ARI,2024,7,2024-10-21,ARI,LAC,16.000000,14.000000,8,8,17.000000
2024_08_MIN_LA,2024,8,2024-10-24,LA,MIN,21.000000,21.000000,4,4,30.000000
2024_08_ARI_MIA,2024,8,2024-10-27,MIA,ARI,10.000000,28.500000,7,6,27.000000
2024_08_ATL_TB,2024,8,2024-10-27,TB,ATL,36.250000,27.000000,6,7,26.000000
2024_08_BAL_CLE,2024,8,2024-10-27,CLE,BAL,14.750000,25.500000,7,6,29.000000
2024_08_BUF_SEA,2024,8,2024-10-27,SEA,BUF,26.750000,22.000000,7,7,10.000000
2024_08_CAR_DEN,2024,8,2024-10-27,DEN,CAR,23.250000,37.000000,10,7,28.000000
2024_08_CHI_WAS,2024,8,2024-10-27,WAS,CHI,34.750000,16.250000,7,14,18.000000
2024_08_DAL_SF,2024,8,2024-10-27,SF,DAL,26.750000,26.750000,7,14,30.000000
2024_08_GB_JAX,2024,8,2024-10-27,JAX,GB,26.250000,21.250000,7,7,27.000000
2024_08_IND_HOU,2024,8,2024-10-27,HOU,IND,27.500000,22.000000,7,7,23.000000
2024_08_KC_LV,2024,8,2024-10-27,LV,KC,16.500000,14.500000,7,7,20.000000
2024_08_NO_LAC,2024,8,2024-10-27,LAC,NO,14.500000,34.000000,6,10,26.000000
2024_08_NYJ_NE,2024,8,2024-10-27,NE,NYJ,15.000000,23.250000,7,7,25.000000
2024_08_PHI_CIN,2024,8,2024-10-27,CIN,PHI,27.500000,16.000000,7,7,17.000000
2024_08_TEN_DET,2024,8,2024-10-27,DET,TEN,35.000000,24.000000,7,7,52.000000
2024_08_NYG_PIT,2024,8,2024-10-28,PIT,NYG,27.500000,21.250000,8,8,26.000000
2024_09_HOU_NYJ,2024,9,2024-10-31,NYJ,HOU,18.500000,21.250000,4,4,21.000000
2024_09_CHI_ARI,2024,9,2024-11-03,ARI,CHI,20.500000,15.500000,7,7,29.000000
2024_09_DAL_ATL,2024,9,2024-11-03,ATL,DAL,29.750000,27.250000,7,7,27.000000
2024_09_DEN_BAL,2024,9,2024-11-03,BAL,DEN,34.000000,16.250000,7,7,41.000000
2024_09_DET_GB,2024,9,2024-11-03,GB,DET,28.000000,20.250000,7,7,14.000000
2024_09_IND_MIN,2024,9,2024-11-03,MIN,IND,25.750000,21.750000,10,7,21.000000
2024_09_JAX_PHI,2024,9,2024-11-03,PHI,JAX,25.250000,28.750000,7,7,28.000000
2024_09_LAC_CLE,2024,9,2024-11-03,CLE,LAC,18.000000,14.500000,7,7,10.000000
2024_09_LA_SEA,2024,9,2024-11-03,SEA,LA,22.000000,20.750000,7,10,20.000000
2024_09_LV_CIN,2024,9,2024-11-03,CIN,LV,23.250000,28.250000,7,7,41.000000
2024_09_MIA_BUF,2024,9,2024-11-03,BUF,MIA,27.000000,21.250000,7,7,30.000000
2024_09_NE_TEN,2024,9,2024-11-03,TEN,NE,18.000000,27.500000,7,7,20.000000
2024_09_NO_CAR,2024,9,2024-11-03,CAR,NO,12.750000,34.000000,7,7,23.000000
2024_09_WAS_NYG,2024,9,2024-11-03,NYG,WAS,14.250000,16.250000,6,7,22.000000
2024_09_TB_KC,2024,9,2024-11-04,KC,TB,24.500000,33.750000,8,8,30.000000
2024_10_CIN_BAL,2024,10,2024-11-07,BAL,CIN,34.000000,20.500000,4,4,35.000000
2024_10_ATL_NO,2024,10,2024-11-10,NO,ATL,16.750000,25.250000,7,7,20.000000
2024_10_BUF_IND,2024,10,2024-11-10,IND,BUF,17.250000,16.750000,7,7,20.000000
2024_10_DEN_KC,2024,10,2024-11-10,KC,DEN,27.750000,22.000000,6,7,16.000000
2024_10_DET_HOU,2024,10,2024-11-10,HOU,DET,24.750000,16.500000,10,7,23.000000
2024_10_MIN_JAX,2024,10,2024-11-10,JAX,MIN,24.500000,22.750000,7,7,7.000000
2024_10_NE_CHI,2024,10,2024-11-10,CHI,NE,23.750000,28.750000,7,7,3.000000
2024_10_NYG_CAR,2024,10,2024-11-10,CAR,NYG,16.000000,24.500000,7,7,20.000000
2024_10_NYJ_ARI,2024,10,2024-11-10,ARI,NYJ,21.750000,24.500000,7,10,31.000000
2024_10_PHI_DAL,2024,10,2024-11-10,DAL,PHI,18.500000,14.750000,7,7,6.000000
2024_10_PIT_WAS,2024,10,2024-11-10,WAS,PIT,27.000000,16.500000,7,13,27.000000
2024_10_SF_TB,2024,10,2024-11-10,TB,SF,33.000000,25.000000,6,14,20.000000
2024_10_TEN_LAC,2024,10,2024-11-10,LAC,TEN,22.750000,30.750000,7,7,27.000000
2024_10_MIA_LA,2024,10,2024-11-11,LA,MIA,23.750000,21.000000,8,8,15.000000
2024_11_WAS_PHI,2024,11,2024-11-14,PHI,WAS,31.750000,18.000000,4,4,26.000000
2024_11_ATL_DEN,2024,11,2024-11-17,DEN,ATL,21.250000,25.250000,7,7,38.000000
2024_11_BAL_PIT,2024,11,2024-11-17,PIT,BAL,30.750000,26.000000,7,10,18.000000
2024_11_CIN_LAC,2024,11,2024-11-17,LAC,CIN,23.750000,27.500000,7,10,34.000000
2024_11_CLE_NO,2024,11,2024-11-17,NO,CLE,15.000000,23.000000,7,14,35.000000
2024_11_GB_CHI,2024,11,2024-11-17,CHI,GB,15.500000,21.500000,7,14,19.000000
2024_11_IND_NYJ,2024,11,2024-11-17,NYJ,IND,16.000000,21.000000,7,7,27.000000
2024_11_JAX_DET,2024,11,2024-11-17,DET,JAX,33.250000,21.500000,7,7,52.000000
2024_11_KC_BUF,2024,11,2024-11-17,BUF,KC,31.250000,19.000000,7,7,30.000000
2024_11_LA_NE,2024,11,2024-11-17,NE,LA,19.250000,19.500000,7,6,22.000000
2024_11_LV_MIA,2024,11,2024-11-17,MIA,LV,21.750000,30.000000,6,14,34.000000
2024_11_MIN_TEN,2024,11,2024-11-17,TEN,MIN,15.250000,20.250000,7,7,13.000000
2024_11_SEA_SF,2024,11,2024-11-17,SF,SEA,26.750000,26.750000,7,14,17.000000
2024_11_HOU_DAL,2024,11,2024-11-18,DAL,HOU,15.000000,22.750000,8,8,10.000000
2024_12_PIT_CLE,2024,12,2024-11-21,CLE,PIT,16.750000,19.000000,4,4,24.000000
2024_12_ARI_SEA,2024,12,2024-11-24,SEA,ARI,21.000000,14.250000,7,14,16.000000
2024_12_DAL_WAS,2024,12,2024-11-24,WAS,DAL,22.500000,31.250000,10,6,26.000000
2024_12_DEN_LV,2024,12,2024-11-24,LV,DEN,19.500000,19.250000,7,7,19.000000
2024_12_DET_IND,2024,12,2024-11-24,IND,DET,20.250000,14.250000,7,7,6.000000
2024_12_KC_CAR,2024,12,2024-11-24,CAR,KC,16.000000,22.000000,14,7,27.000000
2024_12_MIN_CHI,2024,12,2024-11-24,CHI,MIN,11.500000,15.750000,7,7,27.000000
2024_12_NE_MIA,2024,12,2024-11-24,MIA,NE,27.750000,18.250000,7,7,34.000000
2024_12_PHI_LA,2024,12,2024-11-24,LA,PHI,24.750000,16.000000,7,10,20.000000
2024_12_SF_GB,2024,12,2024-11-24,GB,SF,22.000000,23.000000,7,7,38.000000
2024_12_TB_NYG,2024,12,2024-11-24,NYG,TB,15.000000,31.250000,14,14,7.000000
2024_12_TEN_HOU,2024,12,2024-11-24,HOU,TEN,23.250000,29.750000,6,7,27.000000
2024_12_BAL_LAC,2024,12,2024-11-25,LAC,BAL,28.500000,22.750000,8,8,23.000000
2024_13_CHI_DET,2024,13,2024-11-28,DET,CHI,31.500000,24.500000,4,4,23.000000
2024_13_MIA_GB,2024,13,2024-11-28,GB,MIA,25.500000,19.750000,4,4,30.000000
2024_13_NYG_DAL,2024,13,2024-11-28,DAL,NYG,17.750000,25.750000,4,4,27.000000
2024_13_LV_KC,2024,13,2024-11-29,KC,LV,24.250000,32.750000,5,5,19.000000
2024_13_ARI_MIN,2024,13,2024-12-01,MIN,ARI,21.500000,14.500000,7,7,23.000000
2024_13_HOU_JAX,2024,13,2024-12-01,JAX,HOU,15.750000,22.250000,14,7,20.000000
2024_13_IND_NE,2024,13,2024-12-01,NE,IND,18.250000,25.500000,7,7,24.000000
2024_13_LAC_ATL,2024,13,2024-12-01,ATL,LAC,20.250000,21.000000,14,6,13.000000
2024_13_LA_NO,2024,13,2024-12-01,NO,LA,21.250000,25.500000,14,7,14.000000
2024_13_PHI_BAL,2024,13,2024-12-01,BAL,PHI,30.500000,16.750000,6,7,19.000000
2024_13_PIT_CIN,2024,13,2024-12-01,CIN,PIT,29.750000,21.250000,14,10,38.000000
2024_13_SEA_NYJ,2024,13,2024-12-01,NYJ,SEA,19.000000,20.000000,14,7,21.000000
2024_13_SF_BUF,2024,13,2024-12-01,BUF,SF,30.250000,25.500000,14,7,35.000000
2024_13_TB_CAR,2024,13,2024-12-01,CAR,TB,21.000000,22.750000,7,7,23.000000
2024_13_TEN_WAS,2024,13,2024-12-01,WAS,TEN,24.500000,23.500000,7,7,42.000000
2024_13_CLE_DEN,2024,13,2024-12-02,DEN,CLE,22.750000,26.250000,8,11,41.000000
2024_14_GB_DET,2024,14,2024-12-05,DET,GB,31.250000,17.500000,7,7,34.000000
2024_14_ATL_MIN,2024,14,2024-12-08,MIN,ATL,22.000000,24.000000,7,7,42.000000
2024_14_BUF_LA,2024,14,2024-12-08,LA,BUF,21.000000,19.500000,7,7,44.000000
2024_14_CAR_PHI,2024,14,2024-12-08,PHI,CAR,30.250000,23.750000,7,7,22.000000
2024_14_CHI_SF,2024,14,2024-12-08,SF,CHI,15.000000,23.000000,7,10,38.000000
2024_14_CLE_PIT,2024,14,2024-12-08,PIT,CLE,27.250000,30.500000,7,6,27.000000
2024_14_JAX_TEN,2024,14,2024-12-08,TEN,JAX,20.250000,28.750000,7,7,6.000000
2024_14_LAC_KC,2024,14,2024-12-08,KC,LAC,21.500000,21.750000,9,7,19.000000
2024_14_LV_TB,2024,14,2024-12-08,TB,LV,25.000000,30.750000,7,9,28.000000
2024_14_NO_NYG,2024,14,2024-12-08,NYG,NO,16.500000,18.750000,10,7,11.000000
2024_14_NYJ_MIA,2024,14,2024-12-08,MIA,NYJ,27.000000,24.500000,10,7,32.000000
2024_14_SEA_ARI,2024,14,2024-12-08,ARI,SEA,22.000000,17.500000,7,7,18.000000
2024_14_CIN_DAL,2024,14,2024-12-09,DAL,CIN,19.250000,34.250000,11,8,20.000000
2024_15_LA_SF,2024,15,2024-12-12,SF,LA,18.750000,28.750000,4,4,6.000000
2024_15_BAL_NYG,2024,15,2024-12-15,NYG,BAL,13.750000,24.750000,7,14,14.000000
2024_15_BUF_DET,2024,15,2024-12-15,DET,BUF,33.250000,23.750000,10,7,42.000000
2024_15_CIN_TEN,2024,15,2024-12-15,TEN,CIN,17.500000,33.250000,7,6,27.000000
2024_15_DAL_CAR,2024,15,2024-12-15,CAR,DAL,21.500000,26.750000,7,6,14.000000
2024_15_GB_SEA,2024,15,2024-12-15,SEA,GB,23.000000,20.000000,7,10,13.000000
2024_15_IND_DEN,2024,15,2024-12-15,DEN,IND,30.500000,26.250000,13,14,31.000000
2024_15_KC_CLE,2024,15,2024-12-15,CLE,KC,21.000000,22.750000,7,7,7.000000
2024_15_MIA_HOU,2024,15,2024-12-15,HOU,MIA,26.750000,22.500000,14,7,20.000000
2024_15_NE_ARI,2024,15,2024-12-15,ARI,NE,19.250000,22.500000,7,14,30.000000
2024_15_NYJ_JAX,2024,15,2024-12-15,JAX,NYJ,10.750000,29.250000,7,7,25.000000
2024_15_PIT_PHI,2024,15,2024-12-15,PHI,PIT,27.250000,23.000000,7,7,27.000000
2024_15_TB_LAC,2024,15,2024-12-15,LAC,TB,22.750000,16.500000,7,7,17.000000
2024_15_WAS_NO,2024,15,2024-12-15,NO,WAS,20.750000,26.750000,7,14,19.000000
2024_15_ATL_LV,2024,15,2024-12-16,LV,ATL,17.000000,29.250000,8,8,9.000000
2024_15_CHI_MIN,2024,15,2024-12-16,MIN,CHI,29.500000,27.750000,8,8,30.000000
2024_16_DEN_LAC,2024,16,2024-12-19,LAC,DEN,18.500000,17.500000,4,4,34.000000
2024_16_HOU_KC,2024,16,2024-12-21,KC,HOU,22.250000,18.500000,6,6,27.000000
2024_16_PIT_BAL,2024,16,2024-12-21,BAL,PIT,25.000000,25.750000,6,6,34.000000
2024_16_ARI_CAR,2024,16,2024-12-22,CAR,ARI,20.000000,21.500000,7,7,36.000000
2024_16_CLE_CIN,2024,16,2024-12-22,CIN,CLE,32.250000,27.000000,7,7,24.000000
2024_16_DET_CHI,2024,16,2024-12-22,CHI,DET,18.000000,26.250000,6,7,17.000000
2024_16_JAX_LV,2024,16,2024-12-22,LV,JAX,14.500000,28.250000,6,7,19.000000
2024_16_LA_NYJ,2024,16,2024-12-22,NYJ,LA,26.500000,24.750000,7,10,9.000000
2024_16_MIN_SEA,2024,16,2024-12-22,SEA,MIN,21.250000,20.500000,7,6,24.000000
2024_16_NE_BUF,2024,16,2024-12-22,BUF,NE,38.750000,29.250000,7,7,24.000000
2024_16_NYG_ATL,2024,16,2024-12-22,ATL,NYG,13.750000,26.500000,6,7,34.000000
2024_16_PHI_WAS,2024,16,2024-12-22,WAS,PHI,26.500000,17.000000,7,7,36.000000
2024_16_SF_MIA,2024,16,2024-12-22,MIA,SF,23.750000,24.500000,7,10,29.000000
2024_16_TB_DAL,2024,16,2024-12-22,DAL,TB,27.750000,15.000000,7,7,26.000000
2024_16_TEN_IND,2024,16,2024-12-22,IND,TEN,18.000000,29.000000,7,7,38.000000
2024_16_NO_GB,2024,16,2024-12-23,GB,NO,32.250000,16.500000,8,8,34.000000
2024_17_BAL_HOU,2024,17,2024-12-25,HOU,BAL,22.250000,19.500000,4,4,2.000000
2024_17_KC_PIT,2024,17,2024-12-25,PIT,KC,25.250000,15.000000,4,4,10.000000
2024_17_SEA_CHI,2024,17,2024-12-26,CHI,SEA,15.500000,24.000000,4,4,3.000000
2024_17_ARI_LA,2024,17,2024-12-28,LA,ARI,24.000000,26.500000,6,6,13.000000
2024_17_DEN_CIN,2024,17,2024-12-28,CIN,DEN,31.500000,24.500000,6,9,30.000000
2024_17_LAC_NE,2024,17,2024-12-28,NE,LAC,19.250000,24.750000,6,9,7.000000
2024_17_ATL_WAS,2024,17,2024-12-29,WAS,ATL,31.000000,18.750000,7,7,30.000000
2024_17_CAR_TB,2024,17,2024-12-29,TB,CAR,29.500000,27.000000,7,7,48.000000
2024_17_DAL_PHI,2024,17,2024-12-29,PHI,DAL,26.500000,21.250000,7,7,41.000000
2024_17_GB_MIN,2024,17,2024-12-29,MIN,GB,30.500000,16.000000,7,6,27.000000
2024_17_IND_NYG,2024,17,2024-12-29,NYG,IND,13.000000,27.250000,7,7,45.000000
2024_17_LV_NO,2024,17,2024-12-29,NO,LV,11.750000,19.000000,6,7,10.000000
2024_17_MIA_CLE,2024,17,2024-12-29,CLE,MIA,14.750000,23.250000,7,7,3.000000
2024_17_NYJ_BUF,2024,17,2024-12-29,BUF,NYJ,37.250000,25.500000,7,7,40.000000
2024_17_TEN_JAX,2024,17,2024-12-29,JAX,TEN,17.250000,31.750000,7,7,20.000000
2024_17_DET_SF,2024,17,2024-12-30,SF,DET,17.750000,29.000000,8,8,34.000000
2024_18_CIN_PIT,2024,18,2025-01-04,PIT,CIN,16.750000,19.250000,10,7,17.000000
2024_18_CLE_BAL,2024,18,2025-01-04,BAL,CLE,29.750000,23.000000,10,6,35.000000
2024_18_BUF_NE,2024,18,2025-01-05,NE,BUF,17.250000,30.250000,8,7,23.000000
2024_18_CAR_ATL,2024,18,2025-01-05,ATL,CAR,23.500000,32.500000,7,7,38.000000
2024_18_CHI_GB,2024,18,2025-01-05,GB,CHI,30.000000,27.000000,7,10,22.000000
2024_18_HOU_TEN,2024,18,2025-01-05,TEN,HOU,19.000000,22.500000,7,11,14.000000
2024_18_JAX_IND,2024,18,2025-01-05,IND,JAX,27.250000,17.500000,7,7,26.000000
2024_18_KC_DEN,2024,18,2025-01-05,DEN,KC,30.750000,13.250000,8,11,38.000000
2024_18_LAC_LV,2024,18,2025-01-05,LV,LAC,16.500000,23.250000,7,8,20.000000
2024_18_MIA_NYJ,2024,18,2025-01-05,NYJ,MIA,20.250000,16.500000,7,7,32.000000
2024_18_MIN_DET,2024,18,2025-01-05,DET,MIN,37.500000,20.500000,6,7,31.000000
2024_18_NO_TB,2024,18,2025-01-05,TB,NO,35.000000,22.500000,7,7,27.000000
2024_18_NYG_PHI,2024,18,2025-01-05,PHI,NYG,30.750000,29.000000,7,7,20.000000
2024_18_SEA_LA,2024,18,2025-01-05,LA,SEA,22.000000,19.500000,8,10,25.000000
2024_18_SF_ARI,2024,18,2025-01-05,ARI,SF,21.750000,23.500000,8,6,47.000000
2024_18_WAS_DAL,2024,18,2025-01-05,DAL,WAS,20.750000,23.750000,7,7,19.000000
