event_id,match_id,player_id,team_id,period,x_pct,y_pct,distance_pct,lateral_offset_pct,head_or_body,goal
177959212,2499719,25413,1609,1H,88,41,15.000000,9,0,1
177959247,2499719,26150,1631,1H,85,52,15.132746,2,0,0
177959280,2499719,14763,1631,1H,96,52,4.472136,2,1,1
177959289,2499719,7868,1609,1H,81,33,25.495098,17,0,0
177959429,2499719,7868,1609,1H,75,30,32.015621,20,0,0
177959606,2499719,7945,1609,1H,90,39,14.866069,11,0,0
177959611,2499719,49876,1609,1H,69,36,34.014703,14,0,0
177959714,2499719,7945,1609,1H,86,58,16.124515,8,0,0
177959740,2499719,14869,1609,1H,90,32,20.591260,18,0,0
177959749,2499719,120339,1609,1H,73,36,30.413813,14,0,0
177959759,2499719,12829,1631,1H,94,54,7.211103,4,0,1
177959853,2499719,14763,1631,1H,92,58,11.313708,8,1,0
177959948,2499719,49876,1609,1H,72,40,29.732137,10,0,0
177960130,2499719,7945,1609,1H,92,50,8.000000,0,0,1
177960131,2499719,25413,1609,1H,87,48,13.152946,2,0,0
177960206,2499719,3319,1609,2H,71,64,32.202484,14,0,0
177960274,2499719,26150,1631,2H,92,50,8.000000,0,1,0
177960369,2499719,26150,1631,2H,75,59,26.570661,9,0,0
177960379,2499719,12829,1631,2H,92,54,8.944272,4,1,1
177960382,2499719,7868,1609,2H,77,55,23.537205,5,0,0
177960457,2499719,167145,1609,2H,91,68,20.124612,18,0,0
177960557,2499719,7870,1609,2H,90,56,11.661904,6,1,0
177960594,2499719,49876,1609,2H,72,56,28.635642,6,0,0
177960609,2499719,3319,1609,2H,87,47,13.341664,3,0,0
177960681,2499719,7868,1609,2H,86,72,26.076810,22,0,0
177960688,2499719,7868,1609,2H,66,66,37.576588,16,0,0
177960697,2499719,3319,1609,2H,92,33,18.788294,17,0,0
177960786,2499719,7868,1609,2H,73,66,31.384710,16,0,0
177960827,2499719,49876,1609,2H,68,54,32.249031,4,0,0
177960831,2499719,7870,1609,2H,92,32,19.697716,18,1,0
177960849,2499719,7870,1609,2H,94,63,14.317821,13,0,1
177960899,2499719,25413,1609,2H,90,34,18.867962,16,0,0
177960902,2499719,26010,1609,2H,91,44,10.816654,6,1,1
177961036,2499719,7870,1609,2H,73,58,28.160256,8,0,0
178147383,2499720,340386,1625,1H,89,37,17.029386,13,0,0
178147515,2499720,70083,1625,1H,80,29,29.000000,21,0,0
178147599,2499720,105339,1625,1H,89,59,14.212670,9,1,0
178147857,2499720,340386,1625,1H,92,56,10.000000,6,0,0
178147864,2499720,340386,1625,1H,93,42,10.630146,8,0,0
178148040,2499720,9097,1651,1H,88,38,16.970563,12,1,0
178148051,2499720,340386,1625,1H,77,41,24.698178,9,0,0
178148089,2499720,70086,1625,1H,79,29,29.698485,21,0,0
178148227,2499720,105339,1625,2H,80,38,23.323808,12,0,0
178148269,2499720,8325,1625,2H,86,34,21.260292,16,0,0
178148296,2499720,466,1651,2H,74,39,28.231188,11,0,0
178148303,2499720,8242,1651,2H,88,44,13.416408,6,0,0
178148310,2499720,9097,1651,2H,87,55,13.928388,5,0,0
178148311,2499720,9097,1651,2H,87,48,13.152946,2,0,0
178148315,2499720,466,1651,2H,72,66,32.249031,16,0,0
178148363,2499720,38021,1625,2H,71,58,30.083218,8,0,0
178148512,2499720,38021,1625,2H,78,67,27.802878,17,0,0
178148575,2499720,8325,1625,2H,89,55,12.083046,5,0,1
178122128,2499721,8944,1646,1H,92,26,25.298221,24,1,0
178122290,2499721,14748,1610,1H,75,76,36.069378,26,0,0
178122511,2499721,9127,1646,1H,87,52,13.152946,2,0,1
178122670,2499721,8032,1610,1H,81,30,27.586228,20,0,0
178122800,2499721,7892,1610,1H,74,47,26.172505,3,0,0
178122852,2499721,31528,1610,1H,75,34,29.681644,16,0,0
178122857,2499721,31528,1610,1H,79,39,23.706539,11,0,0
178122911,2499721,8433,1646,1H,91,24,27.513633,26,0,1
178122930,2499721,9127,1646,1H,93,46,8.062258,4,1,1
178122950,2499721,9623,1646,1H,89,24,28.231188,26,0,0
178123016,2499721,14748,1610,2H,71,33,33.615473,17,0,0
178123047,2499721,8032,1610,2H,78,23,34.828150,27,0,0
178123128,2499721,38093,1610,2H,84,43,17.464249,7,0,0
178123204,2499721,9127,1646,2H,93,47,7.615773,3,1,0
178123216,2499721,3324,1610,2H,76,23,36.124784,27,0,0
178123237,2499721,8032,1610,2H,89,37,17.029386,13,0,0
178123253,2499721,7892,1610,2H,90,51,10.049876,1,0,0
178123325,2499721,9623,1646,2H,97,40,10.440307,10,1,0
178123328,2499721,3324,1610,2H,95,49,5.099020,1,1,1
178123460,2499721,8944,1646,2H,92,57,10.630146,7,1,0
178123463,2499721,31528,1610,2H,77,49,23.021729,1,0,0
178123532,2499721,3324,1610,2H,81,55,19.646883,5,0,0
178123586,2499721,7892,1610,2H,90,42,12.806248,8,0,1
178123618,2499721,9623,1646,2H,86,55,14.866069,5,0,0
178203881,2499722,9419,1673,1H,88,43,13.892444,7,0,0
178204233,2499722,303357,1673,1H,76,30,31.240999,20,0,0
178204317,2499722,214654,1673,1H,93,48,7.280110,2,1,1
178204327,2499722,235555,1628,1H,86,35,20.518285,15,0,0
178204397,2499722,55979,1673,1H,93,56,9.219544,6,1,0
178204462,2499722,8422,1628,1H,91,67,19.235384,17,0,0
178204570,2499722,8422,1628,1H,87,30,23.853721,20,0,0
178204609,2499722,38031,1628,1H,91,47,9.486833,3,1,0
178204696,2499722,214654,1673,2H,96,61,11.704700,11,0,0
178204854,2499722,38031,1628,2H,93,50,7.000000,0,1,0
178204898,2499722,8422,1628,2H,97,34,16.278821,16,0,0
178205094,2499722,454,1628,2H,84,28,27.202941,22,0,0
178205146,2499722,214654,1673,2H,85,60,18.027756,10,0,1
178205191,2499722,8186,1628,2H,91,49,9.055385,1,0,0
178205261,2499722,8554,1628,2H,86,57,15.652476,7,0,0
178205277,2499722,38031,1628,2H,95,54,6.403124,4,1,0
178205427,2499722,279709,1673,1H,81,59,21.023796,9,0,0
178613773,2499722,8142,1628,1H,82,33,24.758837,17,0,0
180597338,2499722,14796,1673,2H,68,28,38.832976,22,0,0
178214652,2499723,77548,1639,1H,76,65,28.301943,15,0,0
178214661,2499723,77548,1639,1H,83,67,24.041631,17,0,0
178214801,2499723,5911,1623,1H,83,45,17.720045,5,0,0
178214880,2499723,15054,1639,1H,83,73,28.600699,23,0,0
178214895,2499723,20450,1639,1H,88,24,28.635642,26,0,0
178215005,2499723,25706,1623,1H,79,72,30.413813,22,0,0
178215088,2499723,9532,1639,2H,86,30,24.413111,20,0,0
178215090,2499723,25706,1623,1H,83,59,19.235384,9,0,0
178215274,2499723,7932,1639,2H,75,35,29.154759,15,0,0
178215488,2499723,15054,1639,2H,87,61,17.029386,11,0,0
178215655,2499723,7944,1623,1H,94,49,6.082763,1,1,1
178215659,2499723,8747,1639,2H,87,61,17.029386,11,0,0
178215667,2499723,15198,1639,2H,88,67,20.808652,17,0,0
178215756,2499723,49872,1639,2H,77,35,27.459060,15,0,0
178215822,2499723,293687,1623,2H,89,63,17.029386,13,0,0
178215908,2499723,293687,1623,2H,90,52,10.198039,2,1,0
178215997,2499723,293687,1623,2H,92,31,20.615528,19,0,0
178216026,2499723,5911,1623,2H,82,35,23.430749,15,0,0
178494555,2499724,105338,1611,1H,89,70,22.825424,20,0,0
178494630,2499724,105338,1611,1H,74,51,26.019224,1,0,0
178494646,2499724,38,1611,1H,83,26,29.410882,24,0,0
178494821,2499724,38,1611,1H,71,37,31.780497,13,0,0
178494830,2499724,397178,1611,1H,91,27,24.698178,23,0,0
178494917,2499724,70122,1611,1H,75,50,25.000000,0,0,0
178494948,2499724,7905,1611,1H,92,37,15.264338,13,0,1
178495024,2499724,7938,1611,1H,78,70,29.732137,20,0,0
178495072,2499724,8561,1633,1H,79,31,28.319605,19,0,0
178495136,2499724,265318,1633,1H,78,67,27.802878,17,0,0
178495214,2499724,265318,1633,1H,86,52,14.142136,2,0,0
178495289,2499724,397178,1611,2H,90,33,19.723083,17,0,0
178495325,2499724,7905,1611,2H,92,52,8.246211,2,1,1
178495431,2499724,14703,1633,2H,87,59,15.811388,9,1,0
178495454,2499724,7905,1611,2H,87,66,20.615528,16,0,0
178495462,2499724,7936,1611,2H,86,67,22.022716,17,0,0
178495479,2499724,397178,1611,2H,87,33,21.400935,17,0,0
178495494,2499724,105338,1611,2H,82,52,18.110770,2,0,0
178495622,2499724,38,1611,2H,89,33,20.248457,17,0,0
178495679,2499724,7905,1611,2H,75,43,25.961510,7,0,0
178495779,2499724,14703,1633,2H,90,67,19.723083,17,0,0
178495872,2499724,7936,1611,2H,89,30,22.825424,20,0,0
178495924,2499724,134513,1611,2H,88,42,14.422205,8,0,1
178495956,2499724,7936,1611,2H,71,38,31.384710,12,0,1
178495975,2499724,8582,1633,2H,93,32,19.313208,18,0,0
178496002,2499724,397178,1611,2H,85,29,25.806976,21,0,0
178496014,2499724,7941,1633,2H,77,63,26.419690,13,0,0
178496028,2499724,397178,1611,2H,85,27,27.459060,23,0,0
178442326,2499725,11152,1624,1H,82,51,18.027756,1,0,0
178442483,2499725,54,1624,1H,74,46,26.305893,4,0,0
178442509,2499725,12536,1613,1H,87,33,21.400935,17,0,0
178442583,2499725,8717,1624,1H,95,49,5.099020,1,1,0
178442682,2499725,54,1624,1H,85,33,22.671568,17,0,0
178442821,2499725,8717,1624,1H,88,43,13.892444,7,1,0
178442956,2499725,54,1624,1H,77,26,33.241540,24,0,0
178442965,2499725,13484,1624,1H,72,53,28.160256,3,0,0
178443159,2499725,8717,1624,2H,75,51,25.019992,1,0,0
178443225,2499725,12536,1613,2H,94,37,14.317821,13,0,0
178443269,2499725,8717,1624,2H,89,50,11.000000,0,0,0
178443347,2499725,54,1624,2H,74,63,29.068884,13,0,0
178443456,2499725,13484,1624,2H,94,48,6.324555,2,0,1
178443472,2499725,8717,1624,2H,86,34,21.260292,16,0,0
178443477,2499725,54,1624,2H,92,36,16.124515,14,0,0
178443622,2499725,136441,1624,2H,88,47,12.369317,3,0,1
178443741,2499725,210044,1624,2H,75,51,25.019992,1,0,0
178443839,2499725,70215,1613,2H,82,36,22.803509,14,0,0
178443884,2499725,70215,1613,2H,96,39,11.704700,11,0,0
178443938,2499725,8004,1613,2H,90,35,18.027756,15,0,0
178444034,2499725,8717,1624,2H,89,58,13.601471,8,0,0
178444076,2499725,54,1624,1H,71,47,29.154759,3,0,0
178218714,2499726,20857,1619,1H,95,64,14.866069,14,1,0
178218726,2499726,383,1619,1H,94,43,9.219544,7,0,0
178218750,2499726,7885,1619,1H,76,31,30.610456,19,0,0
178218921,2499726,20857,1619,1H,95,45,7.071068,5,0,0
178218952,2499726,8144,1619,1H,89,41,14.212670,9,0,0
178218961,2499726,343951,10531,1H,94,52,6.324555,2,1,0
178218986,2499726,8116,1619,1H,93,33,18.384776,17,0,0
178219017,2499726,8116,1619,1H,80,32,26.907248,18,0,0
178219065,2499726,8144,1619,1H,78,49,22.022716,1,0,0
178219196,2499726,8144,1619,1H,86,46,14.560220,4,0,0
178219197,2499726,70389,1619,1H,86,74,27.784888,24,0,0
178219216,2499726,61988,1619,1H,78,50,22.000000,0,0,0
178219224,2499726,703,1619,1H,93,55,8.602325,5,0,0
178219508,2499726,383,1619,2H,81,49,19.026298,1,0,0
178219510,2499726,8116,1619,2H,80,25,32.015621,25,0,0
178219555,2499726,20857,1619,2H,93,66,17.464249,16,0,0
178219653,2499726,343951,10531,2H,91,61,14.212670,11,0,0
178219655,2499726,262,10531,2H,91,66,18.357560,16,0,0
178219695,2499726,8116,1619,2H,90,43,12.206556,7,1,0
178219702,2499726,20857,1619,2H,81,60,21.470911,10,0,0
178219732,2499726,8192,10531,2H,79,20,36.619667,30,0,0
178219820,2499726,20857,1619,2H,91,28,23.769729,22,0,0
178219868,2499726,61988,1619,2H,82,49,18.027756,1,0,0
178219995,2499726,383,1619,2H,70,41,31.320920,9,0,0
178220004,2499726,703,1619,2H,96,57,8.062258,7,1,0
178220083,2499726,383,1619,2H,85,54,15.524175,4,0,0
178220156,2499726,70389,1619,2H,78,66,27.202941,16,0,0
178220183,2499726,215983,1619,2H,79,25,32.649655,25,0,0
178220220,2499726,8953,1619,2H,87,67,21.400935,17,0,0
178082823,2499727,20593,1644,1H,90,36,17.204651,14,0,0
178082827,2499727,20505,1644,1H,95,56,7.810250,6,1,1
178083275,2499727,28292,1644,1H,93,53,7.615773,3,0,1
178083305,2499727,25747,1612,1H,90,32,20.591260,18,0,1
178083362,2499727,7888,1644,1H,54,31,49.769469,19,0,0
178083445,2499727,120353,1612,1H,90,66,18.867962,16,0,0
178083623,2499727,25747,1612,1H,88,46,12.649111,4,1,0
178083690,2499727,120353,1612,2H,87,65,19.849433,15,0,0
178083830,2499727,120353,1612,2H,96,57,8.062258,7,0,1
178083960,2499727,4908,1612,2H,81,32,26.172505,18,0,0
178083966,2499727,14870,1612,2H,94,41,10.816654,9,1,0
178084043,2499727,25393,1612,2H,93,59,11.401754,9,1,0
178084082,2499727,120353,1612,2H,85,65,21.213203,15,0,0
178084175,2499727,92899,1644,2H,75,23,36.796739,27,0,0
178084227,2499727,120353,1612,2H,91,69,21.023796,19,0,0
178084386,2499727,116,1612,2H,87,49,13.038405,1,0,0
178084495,2499727,21160,1644,2H,86,40,17.204651,10,0,0
178084506,2499727,21160,1644,2H,99,52,2.236068,2,1,1
178084519,2499727,377071,1644,2H,90,48,10.198039,2,1,0
178084532,2499727,116,1612,2H,86,46,14.560220,4,0,0
178216601,2499728,8958,1627,1H,80,25,32.015621,25,0,0
178216643,2499728,9414,1627,1H,89,75,27.313001,25,0,0
178216654,2499728,8958,1627,1H,97,38,12.369317,12,0,0
178216690,2499728,8958,1627,1H,88,79,31.384710,29,0,0
178216693,2499728,8958,1627,1H,97,47,4.242641,3,1,0
178216791,2499728,9414,1627,1H,74,76,36.769553,26,0,0
178216810,2499728,8958,1627,1H,87,31,23.021729,19,0,0
178216844,2499728,8530,1627,1H,90,22,29.732137,28,0,0
178216921,2499728,119951,1627,1H,98,42,8.246211,8,1,1
178217276,2499728,119951,1627,2H,86,54,14.560220,4,1,0
178217341,2499728,86308,1627,2H,96,38,12.649111,12,1,0
178217462,2499728,8351,1659,1H,74,49,26.019224,1,0,0
178217572,2499728,9283,1659,2H,72,58,29.120440,8,0,0
178217682,2499728,8686,1627,2H,93,45,8.602325,5,0,0
178217690,2499728,8530,1627,2H,69,28,38.013156,22,0,0
178217761,2499728,9637,1659,2H,90,47,10.440307,3,0,0
178217766,2499728,62224,1659,2H,89,30,22.825424,20,0,0
178217834,2499728,3577,1627,2H,78,29,30.413813,21,0,0
178217918,2499728,9637,1659,2H,89,50,11.000000,0,0,0
178217969,2499728,9739,1659,2H,77,68,29.206164,18,0,0
178218026,2499728,134102,1659,2H,91,48,9.219544,2,1,0
178218153,2499728,62224,1659,2H,79,52,21.095023,2,0,0
179445156,2499728,119951,1627,1H,84,58,17.888544,8,0,0
179445157,2499728,86308,1627,1H,99,56,6.082763,6,0,0
180122394,2499729,7929,1644,1H,87,37,18.384776,13,0,0
180122466,2499729,134351,1659,1H,97,45,5.830952,5,0,0
180122571,2499729,7888,1644,1H,89,43,13.038405,7,1,0
180122686,2499729,9283,1659,1H,83,63,21.400935,13,0,0
180122877,2499729,377071,1644,1H,86,36,19.798990,14,1,0
180122980,2499729,10663,1644,1H,95,39,12.083046,11,0,0
180123022,2499729,32968,1644,2H,94,70,20.880613,20,0,0
180123087,2499729,134351,1659,1H,95,62,13.000000,12,0,0
180123097,2499729,9283,1659,1H,80,39,22.825424,11,0,0
180123178,2499729,7888,1644,2H,86,68,22.803509,18,0,0
180123187,2499729,7888,1644,2H,83,28,27.802878,22,0,0
180123222,2499729,7888,1644,2H,76,33,29.410882,17,0,0
180123310,2499729,377071,1644,2H,90,33,19.723083,17,0,0
180123333,2499729,377071,1644,2H,86,40,17.204651,10,0,0
180123334,2499729,377071,1644,2H,87,46,13.601471,4,0,0
180123368,2499729,377071,1644,2H,95,59,10.295630,9,0,1
180123400,2499729,377071,1644,2H,89,54,11.704700,4,1,0
180123481,2499729,10663,1644,2H,95,65,15.811388,15,0,0
180123482,2499729,25798,1644,2H,72,64,31.304952,14,0,1
180123493,2499729,92899,1644,2H,77,28,31.827661,22,0,0
180123577,2499729,9277,1659,2H,92,44,10.000000,6,1,0
180123816,2499729,9637,1659,2H,94,50,6.000000,0,1,0
180123894,2499729,9637,1659,2H,97,68,18.248288,18,0,0
180123921,2499729,7888,1644,1H,80,53,20.223748,3,0,0
180111987,2499730,8530,1627,1H,93,32,19.313208,18,0,0
180112256,2499730,434159,1627,1H,97,44,6.708204,6,1,0
180112301,2499730,8980,1646,1H,73,37,29.966648,13,0,0
180112366,2499730,8285,1627,2H,77,57,24.041631,7,0,0
180112512,2499730,8980,1646,1H,76,52,24.083189,2,0,0
180112549,2499730,9414,1627,2H,74,58,27.202941,8,0,0
180112654,2499730,8980,1646,1H,88,30,23.323808,20,0,0
180112659,2499730,8980,1646,1H,86,41,16.643317,9,0,0
180112690,2499730,8686,1627,2H,92,62,14.422205,12,0,1
180112759,2499730,93,1646,1H,77,66,28.017851,16,0,0
180112781,2499730,8686,1627,2H,92,56,10.000000,6,1,0
180112792,2499730,93,1646,1H,89,55,12.083046,5,1,0
180112973,2499730,8944,1646,1H,94,45,7.810250,5,1,0
180113020,2499730,9127,1646,2H,86,73,26.925824,23,0,0
180113089,2499730,70092,1646,2H,77,56,23.769729,6,0,0
180113105,2499730,8125,1646,2H,75,44,25.709920,6,0,0
180113181,2499730,9623,1646,2H,75,39,27.313001,11,0,0
180113202,2499730,8433,1646,2H,81,29,28.319605,21,0,0
180113325,2499730,8643,1646,2H,77,60,25.079872,10,0,0
180113342,2499730,9123,1646,2H,90,33,19.723083,17,0,0
180113386,2499730,8980,1646,2H,87,51,13.038405,1,0,0
180113402,2499730,9127,1646,2H,93,59,11.401754,9,1,0
180113433,2499730,8752,1646,2H,90,32,20.591260,18,1,0
183185681,2499731,230883,1613,1H,89,60,14.866069,10,0,0
183185707,2499731,62389,1673,1H,74,47,26.172505,3,0,0
183185794,2499731,11078,1673,1H,69,56,31.575307,6,0,0
183185823,2499731,9419,1673,1H,74,19,40.459857,31,0,0
183185824,2499731,9419,1673,1H,88,23,29.546573,27,0,0
183185883,2499731,9227,1613,1H,82,29,27.658633,21,0,0
183185931,2499731,9419,1673,1H,82,53,18.248288,3,0,0
183186311,2499731,230883,1613,1H,74,31,32.202484,19,0,0
183186385,2499731,9227,1613,1H,90,68,20.591260,18,0,0
183186666,2499731,62389,1673,2H,84,40,18.867962,10,0,1
183186702,2499731,3327,1613,2H,87,44,14.317821,6,0,0
183186709,2499731,230883,1613,2H,93,55,8.602325,5,0,0
183186766,2499731,134294,1613,2H,72,36,31.304952,14,0,0
183186936,2499731,293686,1613,2H,88,58,14.422205,8,0,0
183186982,2499731,3327,1613,2H,86,59,16.643317,9,1,0
183187086,2499731,3327,1613,2H,73,50,27.000000,0,0,0
183187133,2499731,3327,1613,2H,86,56,15.231546,6,0,0
180118145,2499732,26150,1631,1H,88,70,23.323808,20,0,0
180118147,2499732,14763,1631,1H,91,50,9.000000,0,0,1
180118194,2499732,8488,1631,1H,87,47,13.341664,3,1,0
180118354,2499732,26150,1631,1H,80,52,20.099751,2,0,0
180118373,2499732,12829,1631,1H,91,53,9.486833,3,0,0
180118405,2499732,192748,1631,1H,71,56,29.614186,6,0,0
180118526,2499732,247248,1651,1H,78,46,22.360680,4,0,0
180118688,2499732,192748,1631,1H,82,56,18.973666,6,0,0
180118705,2499732,14763,1631,1H,93,54,8.062258,4,0,0
180118850,2499732,8653,1631,2H,92,37,15.264338,13,1,1
180118853,2499732,62091,1651,1H,86,39,17.804494,11,0,0
180119095,2499732,26150,1631,2H,86,47,14.317821,3,0,0
180119104,2499732,8013,1631,2H,71,49,29.017236,1,0,0
180119136,2499732,26150,1631,2H,73,67,31.906112,17,0,0
180119559,2499732,3657,1651,2H,78,42,23.409400,8,0,0
180119593,2499732,466,1651,2H,73,19,41.109610,31,0,0
180119688,2499732,247248,1651,2H,73,73,35.468296,23,0,0
180897387,2499732,8013,1631,1H,76,56,24.738634,6,0,0
183181726,2499733,8554,1628,1H,93,47,7.615773,3,1,0
183181732,2499733,8319,1612,1H,94,32,18.973666,18,0,0
183181830,2499733,14870,1612,1H,95,56,7.810250,6,1,0
183182075,2499733,7907,1612,1H,79,38,24.186773,12,0,0
183182164,2499733,25747,1612,1H,93,68,19.313208,18,0,0
183182256,2499733,8142,1628,1H,88,33,20.808652,17,0,0
183182259,2499733,15808,1612,1H,78,80,37.202150,30,0,0
183182527,2499733,116,1612,2H,74,49,26.019224,1,0,0
183182534,2499733,38031,1628,2H,93,55,8.602325,5,0,0
183182561,2499733,15808,1612,2H,85,26,28.301943,24,0,0
183182608,2499733,15808,1612,2H,76,44,24.738634,6,0,0
183182621,2499733,7964,1612,2H,72,57,28.861739,7,0,0
183182624,2499733,222220,1612,2H,89,29,23.706539,21,0,0
183182782,2499733,25747,1612,2H,86,42,16.124515,8,0,0
183182784,2499733,116,1612,2H,90,59,13.453624,9,0,0
183182786,2499733,25747,1612,2H,88,43,13.892444,7,0,0
183182829,2499733,25747,1612,2H,89,44,12.529964,6,0,1
183182997,2499733,120353,1612,2H,89,34,19.416488,16,1,0
183183062,2499733,15808,1612,2H,70,54,30.265492,4,0,0
183183144,2499733,286831,1612,2H,91,31,21.023796,19,0,0
183183170,2499733,286831,1612,2H,89,69,21.954498,19,0,0
183183172,2499733,15808,1612,2H,87,67,21.400935,17,0,0
183183173,2499733,222220,1612,2H,80,27,30.479501,23,0,0
183183183,2499733,120353,1612,2H,81,65,24.207437,15,0,0
183183185,2499733,25747,1612,2H,89,35,18.601075,15,0,0
180841832,2499734,70086,1625,1H,75,30,32.015621,20,0,0
180841872,2499734,293687,1623,1H,83,79,33.615473,29,0,0
180841940,2499734,8325,1625,1H,89,65,18.601075,15,0,0
180841993,2499734,8325,1625,1H,91,65,17.492856,15,0,0
180841999,2499734,340386,1625,1H,73,41,28.460499,9,0,0
180842068,2499734,38021,1625,1H,76,56,24.738634,6,0,0
180842105,2499734,353236,1623,1H,77,50,23.000000,0,0,0
180842173,2499734,77546,1623,1H,90,44,11.661904,6,1,0
180842250,2499734,70086,1625,1H,73,27,35.468296,23,0,0
180842255,2499734,70086,1625,1H,90,55,11.180340,5,1,0
180842392,2499734,8317,1625,1H,91,38,15.000000,12,0,0
180842452,2499734,8307,1625,1H,87,38,17.691806,12,1,0
180842496,2499734,7944,1623,1H,90,58,12.806248,8,0,1
180842527,2499734,340386,1625,1H,89,59,14.212670,9,0,0
180842687,2499734,8325,1625,2H,82,51,18.027756,1,0,0
180842820,2499734,8317,1625,2H,77,65,27.459060,15,0,0
180843009,2499734,265673,1625,2H,90,58,12.806248,8,0,0
180843025,2499734,11066,1625,2H,73,56,27.658633,6,0,0
180843066,2499734,11066,1625,2H,88,69,22.472205,19,0,0
180843076,2499734,38021,1625,2H,82,53,18.248288,3,0,0
180843102,2499734,70083,1625,2H,93,67,18.384776,17,0,0
180843164,2499734,7944,1623,2H,71,93,51.865210,43,0,0
180843201,2499734,11066,1625,2H,90,49,10.049876,1,0,1
180843237,2499734,7944,1623,2H,88,56,13.416408,6,1,0
180893279,2499734,293687,1623,1H,86,55,14.866069,5,1,0
180058708,2499735,3326,1639,1H,96,32,18.439089,18,0,0
180059048,2499735,15198,1639,1H,90,61,14.866069,11,0,0
180059101,2499735,7945,1609,1H,97,39,11.401754,11,0,0
180059125,2499735,7868,1609,1H,77,69,29.832868,19,0,0
180059195,2499735,8731,1639,1H,89,53,11.401754,3,1,0
180059257,2499735,7870,1609,1H,97,61,11.401754,11,0,0
180059356,2499735,167145,1609,1H,83,46,17.464249,4,0,0
180059393,2499735,49876,1609,1H,74,70,32.802439,20,0,0
180059425,2499735,7868,1609,1H,81,76,32.202484,26,0,0
180059438,2499735,3326,1639,1H,81,28,29.068884,22,0,0
180059512,2499735,49876,1609,1H,73,60,28.792360,10,0,0
180059597,2499735,3326,1639,2H,88,34,20.000000,16,0,1
180059836,2499735,167145,1609,2H,89,27,25.495098,23,0,0
180059850,2499735,9532,1639,2H,90,41,13.453624,9,1,0
180059865,2499735,7932,1639,2H,76,52,24.083189,2,0,0
180059869,2499735,15198,1639,2H,93,61,13.038405,11,0,0
180059888,2499735,7945,1609,2H,90,41,13.453624,9,1,0
180059916,2499735,7870,1609,2H,89,56,12.529964,6,0,0
180060067,2499735,7945,1609,2H,93,37,14.764823,13,0,0
180060081,2499735,7870,1609,2H,82,65,23.430749,15,0,0
180060128,2499735,3319,1609,2H,82,51,18.027756,1,0,0
180060134,2499735,3319,1609,2H,77,30,30.479501,20,0,0
180060247,2499735,7868,1609,2H,79,68,27.658633,18,0,0
180060252,2499735,20612,1609,2H,93,33,18.384776,17,1,0
180060311,2499735,15198,1639,2H,87,79,31.780497,29,0,0
180060456,2499735,26010,1609,2H,88,52,12.165525,2,1,0
180060469,2499735,7870,1609,2H,86,40,17.204651,10,0,0
179986935,2499736,7905,1611,1H,88,30,23.323808,20,0,0
179986991,2499736,397178,1611,1H,77,30,30.479501,20,0,0
179987003,2499736,25571,10531,1H,96,28,22.360680,22,0,0
179987021,2499736,4365,10531,1H,73,69,33.015148,19,0,0
179987023,2499736,7918,1611,1H,95,52,5.385165,2,1,0
179987273,2499736,7905,1611,1H,86,49,14.035669,1,0,0
179987400,2499736,8192,10531,1H,96,27,23.345235,23,0,0
179987425,2499736,397178,1611,1H,66,31,38.948684,19,0,0
179987562,2499736,397178,1611,1H,89,44,12.529964,6,0,0
179987606,2499736,61979,10531,1H,93,50,7.000000,0,1,0
179987727,2499736,7936,1611,1H,95,51,5.099020,1,1,0
179987729,2499736,256998,1611,1H,97,48,3.605551,2,0,1
179987943,2499736,397178,1611,2H,78,39,24.596748,11,0,0
179988063,2499736,105338,1611,2H,78,73,31.827661,23,0,0
179988153,2499736,262,10531,2H,70,41,31.320920,9,0,0
179988202,2499736,105338,1611,2H,77,33,28.600699,17,0,0
179988227,2499736,343951,10531,2H,90,42,12.806248,8,1,0
179988378,2499736,134513,1611,2H,81,65,24.207437,15,0,0
179988458,2499736,7905,1611,2H,89,45,12.083046,5,0,1
179988478,2499736,7936,1611,2H,93,62,13.892444,12,0,1
179988506,2499736,134513,1611,2H,87,43,14.764823,7,0,1
179988734,2499736,25571,10531,2H,73,50,27.000000,0,0,0
180952785,2499736,7906,1611,1H,88,57,13.892444,7,0,0
180426099,2499737,3324,1610,1H,95,52,5.385165,2,1,0
180426253,2499737,8717,1624,1H,76,49,24.020824,1,0,0
180426351,2499737,13484,1624,1H,94,69,19.924859,19,0,0
180426356,2499737,7892,1610,1H,80,36,24.413111,14,0,0
180426486,2499737,36,1624,1H,90,55,11.180340,5,1,0
180426559,2499737,8717,1624,1H,95,64,14.866069,14,0,0
180426576,2499737,8717,1624,1H,84,67,23.345235,17,0,0
180426784,2499737,8717,1624,1H,88,34,20.000000,16,0,0
180426786,2499737,61967,1624,1H,73,63,29.966648,13,0,0
180426792,2499737,136441,1624,1H,71,36,32.202484,14,0,0
180426796,2499737,136441,1624,1H,80,56,20.880613,6,0,0
180426802,2499737,8717,1624,1H,89,45,12.083046,5,1,0
180426817,2499737,136441,1624,1H,88,26,26.832816,24,0,0
180426872,2499737,54,1624,2H,89,70,22.825424,20,0,0
180426879,2499737,8717,1624,2H,91,47,9.486833,3,1,0
180426962,2499737,3324,1610,2H,86,62,18.439089,12,0,0
180427277,2499737,3324,1610,2H,89,39,15.556349,11,0,0
180427290,2499737,8625,1610,2H,90,68,20.591260,18,0,0
180427340,2499737,105333,1610,2H,76,53,24.186773,3,0,0
180427501,2499737,8032,1610,2H,91,30,21.931712,20,0,1
180427600,2499737,48,1624,2H,82,44,18.973666,6,0,0
180427608,2499737,8717,1624,2H,83,50,17.000000,0,0,0
180427747,2499737,61967,1624,2H,78,55,22.561028,5,0,0
180427748,2499737,11152,1624,1H,76,55,24.515301,5,0,0
238886975,2499738,8677,1633,1H,71,47,29.154759,3,0,0
238887093,2499738,70965,1633,1H,85,53,15.297059,3,0,1
238887113,2499738,14703,1633,1H,91,41,12.727922,9,0,0
238887138,2499738,14703,1633,1H,93,45,8.602325,5,1,0
238887140,2499738,14703,1633,1H,95,46,6.403124,4,0,1
238887258,2499738,265318,1633,1H,88,71,24.186773,21,0,0
238887549,2499738,8953,1619,2H,89,63,17.029386,13,0,0
238887672,2499738,8953,1619,2H,83,56,18.027756,6,0,0
238887760,2499738,8116,1619,2H,95,38,13.000000,12,1,0
238887825,2499738,14703,1633,1H,92,55,9.433981,5,0,1
238887959,2499738,8953,1619,2H,89,55,12.083046,5,0,0
238888107,2499738,135114,1619,2H,89,46,11.704700,4,0,0
238888146,2499738,383,1619,2H,77,30,30.479501,20,0,0
238888147,2499738,70965,1633,2H,98,68,18.110770,18,0,0
238888213,2499738,268776,1619,2H,68,31,37.215588,19,0,0
238888267,2499738,14703,1633,2H,79,38,24.186773,12,0,0
238888281,2499738,8384,1619,2H,89,59,14.212670,9,1,0
238888353,2499738,14703,1633,2H,83,40,19.723083,10,0,0
238888473,2499738,8582,1633,2H,78,51,22.022716,1,0,0
182135771,2499739,9637,1659,1H,90,62,15.620499,12,0,0
182135917,2499739,8351,1659,1H,80,52,20.099751,2,0,0
182135920,2499739,9285,1659,1H,90,19,32.572995,31,0,1
182135964,2499739,70086,1625,1H,88,56,13.416408,6,0,0
182136042,2499739,8296,1659,1H,89,57,13.038405,7,0,0
182136045,2499739,8460,1659,1H,94,84,34.525353,34,0,0
182136101,2499739,11066,1625,1H,77,22,36.235342,28,0,0
182136124,2499739,340386,1625,1H,88,51,12.041595,1,0,1
182136149,2499739,340386,1625,1H,92,60,12.806248,10,0,0
182136177,2499739,70083,1625,1H,87,50,13.000000,0,0,0
182136180,2499739,8317,1625,1H,78,50,22.000000,0,0,0
182136233,2499739,70083,1625,1H,95,66,16.763055,16,0,0
182136346,2499739,265673,1625,1H,85,53,15.297059,3,0,0
182136550,2499739,105339,1625,1H,94,71,21.840330,21,0,0
182136851,2499739,11066,1625,2H,89,39,15.556349,11,0,0
182136922,2499739,9637,1659,2H,87,46,13.601471,4,0,0
182137049,2499739,9283,1659,2H,75,31,31.400637,19,0,0
182137148,2499739,105339,1625,2H,80,65,25.000000,15,0,0
182137163,2499739,8325,1625,2H,86,55,14.866069,5,0,0
182137185,2499739,340386,1625,2H,81,38,22.472205,12,0,0
182137190,2499739,70086,1625,2H,92,53,8.544004,3,1,0
182137400,2499739,8317,1625,2H,89,54,11.704700,4,0,0
182137432,2499739,9637,1659,2H,77,56,23.769729,6,0,0
182137468,2499739,11066,1625,2H,76,68,30.000000,18,0,0
182137485,2499739,9277,1659,2H,87,31,23.021729,19,0,0
182137532,2499739,11066,1625,2H,88,55,13.000000,5,0,1
182523552,2499740,3324,1610,1H,87,22,30.870698,28,0,0
182523677,2499740,3360,1610,1H,88,41,15.000000,9,0,0
182523718,2499740,105333,1610,1H,83,66,23.345235,16,0,0
182523730,2499740,105333,1610,1H,82,66,24.083189,16,0,0
182523736,2499740,7892,1610,1H,84,34,22.627417,16,0,0
182523753,2499740,3360,1610,1H,81,61,21.954498,11,0,0
182524060,2499740,3350,1610,1H,90,60,14.142136,10,0,1
182524205,2499740,77558,1623,1H,76,37,27.294688,13,0,0
182524289,2499740,3324,1610,1H,94,55,7.810250,5,1,1
182524331,2499740,3350,1610,1H,66,71,39.962482,21,0,0
182524489,2499740,3360,1610,2H,80,46,20.396078,4,0,0
182524526,2499740,5911,1623,2H,91,43,11.401754,7,0,0
182524615,2499740,8625,1610,2H,96,67,17.464249,17,0,0
182524720,2499740,3360,1610,2H,88,67,20.808652,17,0,0
182524739,2499740,8625,1610,2H,87,71,24.698178,21,0,0
182524887,2499740,25553,1610,2H,82,66,24.083189,16,0,0
182524904,2499740,7944,1623,2H,79,53,21.213203,3,0,0
182525085,2499740,28291,1610,2H,84,52,16.124515,2,0,0
182525100,2499740,77546,1623,2H,83,49,17.029386,1,0,0
182525155,2499740,77546,1623,2H,94,46,7.211103,4,1,0
182525166,2499740,38093,1610,2H,86,27,26.925824,23,0,0
182525177,2499740,8032,1610,2H,81,68,26.172505,18,0,0
182525202,2499740,8284,1623,2H,87,56,14.317821,6,0,0
182525205,2499740,25706,1623,2H,78,61,24.596748,11,0,0
182525246,2499740,105333,1610,2H,87,68,22.203603,18,0,0
182328643,2499741,343951,10531,1H,94,55,7.810250,5,1,0
182328837,2499741,262,10531,1H,81,69,26.870058,19,0,0
182328840,2499741,8623,1628,1H,91,48,9.219544,2,1,0
182328932,2499741,8471,1628,1H,73,48,27.073973,2,0,0
182329246,2499741,343951,10531,1H,93,43,9.899495,7,0,0
182329262,2499741,8623,1628,1H,78,65,26.627054,15,0,0
182329309,2499741,8142,1628,1H,80,32,26.907248,18,0,0
182329382,2499741,343951,10531,1H,91,41,12.727922,9,0,1
182329416,2499741,8554,1628,1H,74,53,26.172505,3,0,0
182329486,2499741,7958,1628,2H,94,47,6.708204,3,1,0
182329652,2499741,8186,1628,2H,92,37,15.264338,13,0,0
182329669,2499741,8049,1628,2H,93,65,16.552945,15,1,0
182329757,2499741,8623,1628,2H,91,35,17.492856,15,0,0
182329770,2499741,8623,1628,2H,90,61,14.866069,11,0,0
182329869,2499741,8471,1628,2H,78,32,28.425341,18,0,0
182329880,2499741,8471,1628,2H,79,60,23.259407,10,0,0
182329888,2499741,8471,1628,2H,76,39,26.400758,11,0,0
182329893,2499741,8471,1628,2H,86,63,19.104973,13,0,0
182329906,2499741,397168,1628,2H,74,74,35.383612,24,0,0
182329969,2499741,25571,10531,2H,82,63,22.203603,13,0,1
182330083,2499741,284,10531,2H,97,32,18.248288,18,1,0
182291524,2499742,173,1673,1H,74,31,32.202484,19,0,0
182291616,2499742,55979,1673,1H,90,58,12.806248,8,1,0
182291674,2499742,16122,1673,1H,93,41,11.401754,9,0,0
182291679,2499742,214654,1673,1H,91,53,9.486833,3,0,0
182291711,2499742,173,1673,1H,88,56,13.416408,6,0,0
182291765,2499742,214654,1673,1H,89,50,11.000000,0,0,0
182291797,2499742,214654,1673,1H,92,37,15.264338,13,1,0
182291804,2499742,9419,1673,1H,86,69,23.600847,19,0,0
182291837,2499742,16122,1673,1H,89,62,16.278821,12,0,0
182291950,2499742,214654,1673,2H,89,50,11.000000,0,1,0
182292039,2499742,9419,1673,2H,74,40,27.856777,10,0,0
182292099,2499742,15823,1673,2H,89,51,11.045361,1,1,0
182292153,2499742,214654,1673,2H,82,55,18.681542,5,0,0
182292311,2499742,7885,1619,1H,89,27,25.495098,23,0,0
182292500,2499742,29640,1619,1H,73,66,31.384710,16,0,0
182292742,2499742,20857,1619,2H,81,50,19.000000,0,0,0
182292860,2499742,8116,1619,2H,72,45,28.442925,5,0,0
182293059,2499742,7885,1619,2H,97,41,9.486833,9,1,0
182293116,2499742,8116,1619,2H,85,52,15.132746,2,0,0
182293228,2499742,9419,1673,2H,75,75,35.355339,25,0,0
182293230,2499742,279709,1673,2H,83,67,24.041631,17,0,0
182429088,2499742,62389,1673,2H,90,68,20.591260,18,0,0
182607637,2499743,18550,1612,1H,90,67,19.723083,17,1,0
182607672,2499743,7945,1609,1H,89,41,14.212670,9,0,0
182607733,2499743,120353,1612,1H,94,75,25.709920,25,0,0
182607872,2499743,4908,1612,1H,74,29,33.421550,21,0,0
182607893,2499743,15808,1612,1H,92,47,8.544004,3,1,1
182607930,2499743,7964,1612,1H,93,65,16.552945,15,0,0
182608026,2499743,120353,1612,1H,88,70,23.323808,20,0,0
182608155,2499743,25747,1612,1H,88,41,15.000000,9,0,0
182608213,2499743,116,1612,1H,80,56,20.880613,6,0,0
182608237,2499743,15808,1612,1H,74,50,26.000000,0,0,0
182608337,2499743,370224,1609,1H,90,61,14.866069,11,0,0
182608341,2499743,25747,1612,1H,87,30,23.853721,20,0,1
182608500,2499743,3319,1609,2H,81,29,28.319605,21,0,0
182608567,2499743,3361,1609,2H,80,31,27.586228,19,0,0
182608592,2499743,18550,1612,2H,90,42,12.806248,8,1,0
182608625,2499743,120353,1612,2H,91,66,18.357560,16,0,0
182608630,2499743,7964,1612,2H,85,57,16.552945,7,0,0
182608689,2499743,120353,1612,2H,87,42,15.264338,8,0,1
182608726,2499743,18550,1612,2H,74,77,37.483330,27,0,0
182608779,2499743,3319,1609,2H,87,63,18.384776,13,0,0
182608914,2499743,25413,1609,2H,90,33,19.723083,17,0,0
182608937,2499743,25747,1612,2H,87,54,13.601471,4,0,0
182609051,2499743,7907,1612,2H,95,56,7.810250,6,1,1
182609100,2499743,49876,1609,2H,74,64,29.529646,14,0,0
182609186,2499743,7907,1612,2H,77,69,29.832868,19,0,0
182609228,2499743,120353,1612,2H,93,30,21.189620,20,0,0
182609307,2499743,26010,1609,2H,90,48,10.198039,2,1,0
182221774,2499744,105338,1611,1H,95,69,19.646883,19,0,0
182221808,2499744,192748,1631,1H,70,38,32.310989,12,0,0
182222030,2499744,105338,1611,1H,78,52,22.090722,2,0,0
182222176,2499744,7905,1611,1H,90,45,11.180340,5,0,0
182222209,2499744,7936,1611,1H,91,67,19.235384,17,0,0
182222210,2499744,14763,1631,1H,79,60,23.259407,10,0,0
182222230,2499744,7906,1611,1H,85,64,20.518285,14,0,0
182222317,2499744,7936,1611,1H,70,57,30.805844,7,0,0
182222382,2499744,7936,1611,1H,71,49,29.017236,1,0,0
182222408,2499744,7936,1611,1H,81,40,21.470911,10,0,0
182222433,2499744,134513,1611,1H,76,45,24.515301,5,0,0
182222547,2499744,7936,1611,1H,73,39,29.154759,11,0,0
182222605,2499744,7905,1611,1H,93,42,10.630146,8,1,0
182222740,2499744,134513,1611,2H,78,31,29.068884,19,0,0
182222902,2499744,26150,1631,2H,95,67,17.720045,17,0,0
182223058,2499744,26150,1631,2H,92,64,16.124515,14,0,0
182223062,2499744,265366,1631,2H,78,29,30.413813,21,0,0
182223097,2499744,26150,1631,2H,94,73,23.769729,23,0,0
182223218,2499744,283142,1631,2H,67,44,33.541020,6,0,0
182223251,2499744,397178,1611,2H,91,61,14.212670,11,0,1
182223277,2499744,7905,1611,2H,88,25,27.730849,25,0,0
182223314,2499744,283142,1631,2H,72,71,35.000000,21,0,0
182223317,2499744,7905,1611,2H,78,63,25.553865,13,0,0
182223456,2499744,7934,1611,2H,89,30,22.825424,20,0,0
182223458,2499744,8249,1611,2H,96,54,5.656854,4,0,1
182223570,2499744,8498,1631,2H,94,40,11.661904,10,0,0
182223651,2499744,7905,1611,2H,93,62,13.892444,12,0,0
182223658,2499744,26150,1631,2H,74,73,34.713110,23,0,0
182168593,2499745,3327,1613,1H,91,57,11.401754,7,0,0
182168748,2499745,134294,1613,1H,83,49,17.029386,1,0,0
182168876,2499745,25572,1633,1H,79,77,34.205263,27,0,0
182168919,2499745,8582,1633,1H,92,30,21.540659,20,0,0
182168932,2499745,8677,1633,1H,77,51,23.021729,1,0,0
182168996,2499745,3327,1613,1H,91,49,9.055385,1,0,1
182169045,2499745,339789,1613,1H,82,27,29.206164,23,0,0
182169080,2499745,230883,1613,1H,97,60,10.440307,10,0,0
182169183,2499745,70215,1613,1H,77,35,27.459060,15,0,0
182169197,2499745,9227,1613,1H,73,64,30.413813,14,0,0
182169300,2499745,9227,1613,2H,76,77,36.124784,27,0,0
182169368,2499745,8582,1633,2H,72,31,33.837849,19,0,0
182169373,2499745,7941,1633,2H,89,47,11.401754,3,0,0
182169528,2499745,9227,1613,2H,89,68,21.095023,18,0,0
182169588,2499745,7941,1633,2H,91,56,10.816654,6,1,0
182169697,2499745,8004,1613,2H,94,54,7.211103,4,1,1
182169733,2499745,9227,1613,2H,87,59,15.811388,9,0,0
182169750,2499745,128214,1613,2H,95,46,6.403124,4,1,0
182169763,2499745,265318,1633,2H,72,23,38.897301,27,0,0
182169830,2499745,128214,1613,2H,92,65,17.000000,15,0,0
182169860,2499745,128214,1613,2H,95,49,5.099020,1,0,1
182169924,2499745,70215,1613,2H,79,42,22.472205,8,0,0
182169976,2499745,230883,1613,2H,83,46,17.464249,4,0,0
182699783,2499746,8717,1624,1H,75,36,28.653098,14,0,0
182699784,2499746,14911,1624,1H,87,25,28.178006,25,0,0
182699868,2499746,9127,1646,1H,86,35,20.518285,15,0,0
182699873,2499746,9433,1646,1H,93,57,9.899495,7,1,0
182699909,2499746,54,1624,1H,74,62,28.635642,12,0,0
182699942,2499746,13484,1624,1H,76,62,26.832816,12,0,0
182700034,2499746,8717,1624,1H,96,58,8.944272,8,1,0
182700057,2499746,8944,1646,1H,96,43,8.062258,7,1,0
182700114,2499746,8717,1624,1H,91,76,27.513633,26,0,0
182700137,2499746,210044,1624,1H,93,55,8.602325,5,1,0
182700264,2499746,48,1624,1H,73,38,29.546573,12,0,0
182700271,2499746,8717,1624,1H,77,39,25.495098,11,0,0
182700286,2499746,11152,1624,1H,74,57,26.925824,7,0,0
182700321,2499746,13484,1624,1H,69,49,31.016125,1,0,0
182700327,2499746,36,1624,1H,74,39,28.231188,11,0,0
182700328,2499746,210044,1624,1H,79,39,23.706539,11,0,0
182700356,2499746,8717,1624,1H,91,37,15.811388,13,0,0
182700370,2499746,13484,1624,1H,89,56,12.529964,6,1,0
182700430,2499746,9433,1646,1H,97,63,13.341664,13,1,0
182700573,2499746,13484,1624,2H,88,49,12.041595,1,0,0
182700575,2499746,13484,1624,2H,92,53,8.544004,3,0,1
182700625,2499746,11294,1646,1H,77,61,25.495098,11,0,0
182700655,2499746,8717,1624,2H,89,31,21.954498,19,0,0
182700681,2499746,93,1646,1H,78,58,23.409400,8,0,0
182700881,2499746,8717,1624,2H,86,46,14.560220,4,0,0
182700884,2499746,11152,1624,2H,78,39,24.596748,11,0,0
182700887,2499746,8717,1624,2H,93,37,14.764823,13,1,0
182700896,2499746,54,1624,2H,94,72,22.803509,22,0,0
182700903,2499746,13484,1624,2H,78,25,33.301652,25,0,0
182700904,2499746,136441,1624,2H,77,60,25.079872,10,0,0
182700916,2499746,54,1624,2H,91,60,13.453624,10,0,0
182700934,2499746,8717,1624,2H,89,26,26.400758,24,0,0
182700939,2499746,8433,1646,2H,91,47,9.486833,3,0,0
182700978,2499746,25804,1624,2H,76,62,26.832816,12,0,0
182700995,2499746,13484,1624,2H,89,46,11.704700,4,0,0
182701028,2499746,54,1624,2H,93,27,24.041631,23,0,0
182701175,2499746,9623,1646,2H,88,68,21.633308,18,0,0
182701183,2499746,8944,1646,2H,93,33,18.384776,17,1,0
182701355,2499746,9206,1646,2H,94,54,7.211103,4,1,0
182701364,2499746,9206,1646,2H,92,51,8.062258,1,0,0
182701372,2499746,9123,1646,2H,93,56,9.219544,6,0,0
182701405,2499746,9206,1646,2H,88,40,15.620499,10,0,1
182215699,2499747,7888,1644,1H,90,43,12.206556,7,1,0
182215963,2499747,377071,1644,1H,72,25,37.536649,25,0,0
182216038,2499747,7888,1644,1H,71,40,30.675723,10,0,0
182216092,2499747,8086,1651,1H,86,36,19.798990,14,0,0
182216103,2499747,25950,1651,1H,90,71,23.259407,21,0,0
182216155,2499747,466,1651,1H,74,47,26.172505,3,0,0
182216209,2499747,25950,1651,1H,93,70,21.189620,20,0,0
182216392,2499747,9097,1651,1H,93,47,7.615773,3,1,0
182216422,2499747,377071,1644,2H,76,26,33.941125,24,0,0
182216433,2499747,3657,1651,1H,92,42,11.313708,8,0,0
182216542,2499747,377071,1644,2H,89,31,21.954498,19,0,0
182216619,2499747,247248,1651,1H,79,43,22.135944,7,0,0
182216658,2499747,10663,1644,2H,95,33,17.720045,17,0,0
182216746,2499747,3657,1651,2H,93,51,7.071068,1,0,0
182216783,2499747,70156,1644,2H,91,36,16.643317,14,1,0
182216816,2499747,3351,1644,2H,73,39,29.154759,11,0,0
182216837,2499747,247248,1651,2H,73,40,28.792360,10,0,0
182216928,2499747,3657,1651,2H,97,60,10.440307,10,1,0
182217005,2499747,25950,1651,2H,76,25,34.655447,25,0,0
182217011,2499747,8242,1651,2H,94,59,10.816654,9,1,0
182217116,2499747,91381,1651,2H,74,25,36.069378,25,0,0
182217152,2499747,64966,1651,2H,71,29,35.805028,21,0,0
182544129,2499748,8374,1627,1H,95,40,11.180340,10,1,0
182544175,2499748,3577,1627,1H,65,31,39.824616,19,0,0
182544256,2499748,134,1639,1H,97,45,5.830952,5,0,0
182544329,2499748,49872,1639,1H,77,73,32.526912,23,0,0
182544336,2499748,25854,1639,1H,92,55,9.433981,5,1,0
182544503,2499748,25854,1639,1H,79,69,28.319605,19,0,0
182544539,2499748,58978,1639,1H,86,73,26.925824,23,0,0
182544575,2499748,8360,1627,1H,97,71,21.213203,21,0,0
182544596,2499748,15198,1639,1H,89,43,13.038405,7,1,0
182544770,2499748,3326,1639,1H,80,56,20.880613,6,0,0
182545127,2499748,8958,1627,2H,94,40,11.661904,10,1,1
182545148,2499748,25854,1639,2H,72,66,32.249031,16,0,0
182545203,2499748,119951,1627,2H,91,41,12.727922,9,1,0
182545244,2499748,15198,1639,2H,79,38,24.186773,12,0,0
182545328,2499748,8958,1627,2H,97,32,18.248288,18,1,0
182545362,2499748,8530,1627,2H,76,28,32.557641,22,0,0
182545363,2499748,49872,1639,2H,80,36,24.413111,14,0,0
182545370,2499748,8747,1639,2H,95,54,6.403124,4,1,1
182545464,2499748,77548,1639,2H,98,68,18.110770,18,0,0
182545474,2499748,3577,1627,2H,91,55,10.295630,5,1,0
182545526,2499748,25854,1639,2H,76,64,27.784888,14,0,0
182545558,2499748,8530,1627,2H,87,29,24.698178,21,0,0
182545566,2499748,15198,1639,2H,97,38,12.369317,12,0,0
182545646,2499748,3577,1627,2H,89,44,12.529964,6,0,0
182545672,2499748,7932,1639,2H,76,62,26.832816,12,0,0
185784801,2499749,7945,1609,1H,96,46,5.656854,4,1,1
185784872,2499749,49876,1609,1H,72,31,33.837849,19,0,0
185784965,2499749,49876,1609,1H,75,52,25.079872,2,0,0
185785147,2499749,25413,1609,1H,82,58,19.697716,8,0,1
185785524,2499749,25413,1609,1H,92,52,8.246211,2,0,0
185785566,2499749,14869,1609,1H,95,31,19.646883,19,0,0
185785695,2499749,8296,1659,2H,96,59,9.848858,9,1,0
185785697,2499749,8296,1659,2H,97,58,8.544004,8,0,0
185785718,2499749,7945,1609,2H,93,34,17.464249,16,0,1
185785861,2499749,3319,1609,2H,91,73,24.698178,23,0,0
185785903,2499749,7870,1609,2H,92,64,16.124515,14,0,0
185785958,2499749,7945,1609,2H,92,72,23.409400,22,0,0
185786094,2499749,134102,1659,2H,90,51,10.049876,1,1,0
185786157,2499749,7864,1609,2H,85,54,15.524175,4,0,0
185786178,2499749,20612,1609,2H,94,30,20.880613,20,0,0
185786302,2499749,26010,1609,2H,95,35,15.811388,15,0,0
185786470,2499749,245813,1659,2H,88,33,20.808652,17,0,0
185786517,2499749,3361,1609,2H,85,66,21.931712,16,0,0
185786560,2499749,9637,1659,2H,94,35,16.155494,15,1,0
185786610,2499749,3361,1609,2H,86,28,26.076810,22,0,0
185811389,2499750,247248,1651,1H,76,53,24.186773,3,0,0
185811623,2499750,8314,1627,1H,86,38,18.439089,12,0,0
185811638,2499750,247248,1651,1H,78,36,26.076810,14,0,0
185811696,2499750,9414,1627,1H,79,63,24.698178,13,0,0
185811852,2499750,25950,1651,1H,76,50,24.000000,0,0,0
185811872,2499750,8314,1627,1H,80,44,20.880613,6,0,0
185811880,2499750,8086,1651,1H,76,47,24.186773,3,0,0
185811890,2499750,119951,1627,1H,96,42,8.944272,8,1,0
185811934,2499750,466,1651,1H,74,57,26.925824,7,0,0
185811963,2499750,25950,1651,1H,80,66,25.612497,16,0,0
185812063,2499750,8086,1651,1H,73,36,30.413813,14,0,0
185812221,2499750,15526,1651,1H,80,52,20.099751,2,0,0
185812282,2499750,15526,1651,1H,91,55,10.295630,5,0,1
185812335,2499750,15526,1651,2H,79,61,23.706539,11,0,1
185812419,2499750,25537,1627,2H,72,40,29.732137,10,0,0
185812518,2499750,3657,1651,2H,93,44,9.219544,6,1,1
185812563,2499750,5281,1627,2H,80,61,22.825424,11,0,0
185812615,2499750,8374,1627,2H,90,54,10.770330,4,0,1
185812820,2499750,346071,1627,2H,77,65,27.459060,15,0,0
185812836,2499750,8314,1627,2H,76,41,25.632011,9,0,0
185812880,2499750,7853,1627,2H,88,38,16.970563,12,1,0
185812889,2499750,25537,1627,2H,72,42,29.120440,8,0,0
185812948,2499750,8374,1627,2H,89,56,12.529964,6,0,0
185812963,2499750,9414,1627,2H,93,26,25.000000,24,0,0
185812976,2499750,8242,1651,2H,95,61,12.083046,11,1,0
186144087,2499751,9206,1646,1H,67,67,37.121422,17,0,1
186144112,2499751,9127,1646,1H,93,31,20.248457,19,1,0
186144128,2499751,9206,1646,1H,87,32,22.203603,18,0,0
186144186,2499751,8186,1628,1H,88,59,15.000000,9,0,0
186144240,2499751,38031,1628,1H,89,42,13.601471,8,1,0
186144551,2499751,8623,1628,1H,74,64,29.529646,14,0,0
186144560,2499751,8623,1628,1H,91,54,9.848858,4,1,0
186144693,2499751,7988,1628,1H,76,41,25.632011,9,0,0
186144970,2499751,8471,1628,1H,75,60,26.925824,10,0,0
186145055,2499751,9123,1646,2H,80,66,25.612497,16,0,0
186145129,2499751,38031,1628,2H,90,58,12.806248,8,1,0
186145263,2499751,8142,1628,2H,74,45,26.476405,5,0,0
186145311,2499751,8142,1628,2H,84,42,17.888544,8,0,0
186145354,2499751,8471,1628,2H,72,69,33.837849,19,0,0
186145445,2499751,8501,1628,2H,88,42,14.422205,8,0,0
186145479,2499751,38031,1628,2H,75,60,26.925824,10,0,0
186145502,2499751,38031,1628,2H,90,38,15.620499,12,0,0
186145544,2499751,8186,1628,2H,90,65,18.027756,15,0,0
186145545,2499751,8186,1628,2H,90,65,18.027756,15,0,0
186145568,2499751,8471,1628,2H,79,66,26.400758,16,0,0
186145592,2499751,240559,1628,2H,90,31,21.470911,19,0,0
186145602,2499751,8471,1628,2H,89,29,23.706539,21,0,0
186145605,2499751,7988,1628,2H,73,67,31.906112,17,0,0
186145615,2499751,8186,1628,2H,97,47,4.242641,3,1,0
186145638,2499751,8623,1628,1H,87,36,19.104973,14,0,0
185819898,2499752,54,1624,1H,84,40,18.867962,10,0,0
185819961,2499752,54,1624,1H,86,49,14.035669,1,0,0
185819992,2499752,25804,1624,1H,89,47,11.401754,3,0,0
185819996,2499752,8717,1624,1H,97,44,6.708204,6,0,0
185820026,2499752,77558,1623,1H,83,42,18.788294,8,0,0
185820204,2499752,5911,1623,1H,85,42,17.000000,8,0,0
185820216,2499752,8717,1624,1H,79,85,40.816663,35,0,1
185820354,2499752,136441,1624,1H,94,34,17.088007,16,0,0
185820356,2499752,54,1624,1H,95,45,7.071068,5,0,1
185820393,2499752,36,1624,1H,83,70,26.248809,20,0,0
185820477,2499752,8717,1624,1H,84,53,16.278821,3,0,0
185820512,2499752,8717,1624,2H,92,48,8.246211,2,0,1
185820669,2499752,54,1624,2H,92,56,10.000000,6,0,0
185820695,2499752,8717,1624,2H,94,58,10.000000,8,0,0
185820786,2499752,25804,1624,2H,94,47,6.708204,3,1,0
185821019,2499752,13484,1624,2H,74,52,26.076810,2,0,0
185821074,2499752,25706,1623,2H,81,72,29.068884,22,0,0
185821285,2499752,13484,1624,2H,84,31,24.839485,19,0,0
185821370,2499752,77558,1623,2H,97,34,16.278821,16,0,0
185821466,2499752,77558,1623,2H,84,33,23.345235,17,0,0
185821504,2499752,77558,1623,2H,89,70,22.825424,20,0,0
187516490,2499752,5911,1623,1H,91,56,10.816654,6,0,0
187516498,2499752,293687,1623,2H,89,60,14.866069,10,0,0
187516515,2499752,7944,1623,2H,93,51,7.071068,1,1,0
185749831,2499753,3324,1610,1H,80,32,26.907248,18,0,0
185750233,2499753,12829,1631,1H,82,61,21.095023,11,0,0
185750418,2499753,3324,1610,1H,90,35,18.027756,15,0,0
185750455,2499753,3324,1610,1H,87,40,16.401219,10,0,0
185750478,2499753,119630,1631,1H,91,61,14.212670,11,0,0
185750481,2499753,119630,1631,1H,93,68,19.313208,18,1,0
185750503,2499753,14853,1631,1H,77,36,26.925824,14,0,0
185750510,2499753,12829,1631,1H,83,48,17.117243,2,0,0
185750526,2499753,192748,1631,1H,82,60,20.591260,10,0,0
185750618,2499753,8625,1610,1H,75,55,25.495098,5,0,0
185750710,2499753,31528,1610,2H,70,64,33.105891,14,0,1
185750741,2499753,8032,1610,2H,76,30,31.240999,20,0,0
185750751,2499753,3360,1610,2H,74,65,30.016662,15,0,0
185750809,2499753,3350,1610,2H,90,67,19.723083,17,0,0
185750944,2499753,8032,1610,2H,72,28,35.608988,22,0,0
185750954,2499753,8498,1631,2H,89,43,13.038405,7,1,0
185751142,2499753,22889,1610,2H,88,69,22.472205,19,0,0
185751171,2499753,3324,1610,2H,91,55,10.295630,5,1,0
185751259,2499753,105333,1610,2H,83,28,27.802878,22,0,0
185751367,2499753,105333,1610,2H,87,34,20.615528,16,0,0
185751431,2499753,283142,1631,2H,86,39,17.804494,11,0,0
189097409,2499753,3324,1610,1H,90,43,12.206556,7,1,1
189097412,2499753,7892,1610,2H,86,64,19.798990,14,0,0
185702675,2499754,340386,1625,1H,87,62,17.691806,12,1,0
185702704,2499754,38021,1625,1H,77,65,27.459060,15,0,0
185702772,2499754,4908,1612,1H,82,49,18.027756,1,0,0
185702831,2499754,105339,1625,1H,71,56,29.614186,6,0,0
185703042,2499754,18550,1612,1H,70,52,30.066593,2,0,0
185703074,2499754,8325,1625,1H,90,66,18.867962,16,0,1
185703137,2499754,7964,1612,1H,77,57,24.041631,7,0,0
185703240,2499754,340386,1625,1H,95,64,14.866069,14,0,0
185703247,2499754,9380,1625,1H,93,54,8.062258,4,0,0
185703271,2499754,120353,1612,1H,88,65,19.209373,15,0,0
185703420,2499754,340386,1625,1H,95,52,5.385165,2,1,1
185703640,2499754,340386,1625,2H,92,37,15.264338,13,0,1
185703922,2499754,38021,1625,2H,86,41,16.643317,9,0,0
185704194,2499754,245364,1625,2H,94,37,14.317821,13,0,1
185704340,2499754,8325,1625,2H,93,68,19.313208,18,0,0
185704393,2499754,8325,1625,2H,96,58,8.944272,8,0,0
185704462,2499754,245364,1625,2H,77,60,25.079872,10,0,1
185779288,2499755,7885,1619,2H,93,35,16.552945,15,0,0
185779389,2499755,377071,1644,1H,88,29,24.186773,21,0,0
185779403,2499755,215983,1619,2H,77,55,23.537205,5,0,0
185779437,2499755,8136,1619,2H,88,48,12.165525,2,0,0
185779439,2499755,8116,1619,2H,97,28,22.203603,22,0,0
185779653,2499755,8116,1619,2H,75,26,34.655447,24,0,0
185779732,2499755,28292,1644,1H,76,41,25.632011,9,0,1
185779768,2499755,7899,1619,2H,71,56,29.614186,6,0,0
185779828,2499755,377071,1644,1H,80,25,32.015621,25,0,0
185779835,2499755,377071,1644,1H,92,31,20.615528,19,0,0
185779859,2499755,28292,1644,1H,79,50,21.000000,0,0,0
185779868,2499755,7929,1644,1H,76,40,26.000000,10,0,0
185779895,2499755,7888,1644,2H,77,42,24.351591,8,0,0
185779955,2499755,70156,1644,2H,96,46,5.656854,4,0,0
185779956,2499755,377071,1644,2H,90,72,24.166092,22,0,0
185779971,2499755,7888,1644,2H,96,50,4.000000,0,1,0
185780029,2499755,160,1644,2H,74,62,28.635642,12,0,1
185780125,2499755,8384,1619,2H,90,64,17.204651,14,0,0
185780267,2499755,61988,1619,2H,74,49,26.019224,1,0,0
185780296,2499755,70389,1619,2H,70,50,30.000000,0,0,0
185780429,2499755,70156,1644,2H,77,57,24.041631,7,0,0
185780482,2499755,70156,1644,2H,87,66,20.615528,16,0,0
185840536,2499756,3326,1639,1H,91,73,24.698178,23,0,0
185840598,2499756,397178,1611,1H,90,28,24.166092,22,0,0
185840655,2499756,70122,1611,1H,75,66,29.681644,16,0,0
185840810,2499756,15198,1639,1H,74,36,29.529646,14,0,0
185840876,2499756,397178,1611,1H,89,66,19.416488,16,0,0
185840911,2499756,397178,1611,1H,92,46,8.944272,4,1,1
185840919,2499756,7905,1611,1H,90,65,18.027756,15,0,0
185840941,2499756,397178,1611,2H,83,33,24.041631,17,0,0
185840958,2499756,7936,1611,2H,77,29,31.144823,21,0,0
185841109,2499756,49872,1639,1H,77,69,29.832868,19,0,0
185841116,2499756,7905,1611,2H,88,49,12.041595,1,0,0
185841126,2499756,49872,1639,1H,79,41,22.847319,9,0,0
185841236,2499756,7936,1611,2H,94,75,25.709920,25,0,0
185841251,2499756,7938,1611,2H,74,52,26.076810,2,0,0
185841373,2499756,15198,1639,1H,89,49,11.045361,1,0,1
185841405,2499756,7936,1611,2H,73,51,27.018512,1,0,0
185841517,2499756,21095,1611,2H,71,47,29.154759,3,0,0
185841523,2499756,15198,1639,2H,92,64,16.124515,14,1,0
185841590,2499756,7905,1611,2H,79,71,29.698485,21,0,0
185841652,2499756,7936,1611,2H,88,60,15.620499,10,0,0
185841735,2499756,3326,1639,2H,91,36,16.643317,14,0,0
185841738,2499756,15198,1639,2H,94,39,12.529964,11,1,1
185841790,2499756,15198,1639,2H,77,34,28.017851,16,0,0
186222334,2499756,7905,1611,2H,90,50,10.000000,0,0,1
186222336,2499756,7905,1611,2H,91,53,9.486833,3,0,0
186925795,2499756,7936,1611,1H,92,47,8.544004,3,1,0
186195587,2499757,134294,1613,1H,90,40,14.142136,10,0,0
186195642,2499757,293686,1613,1H,76,31,30.610456,19,0,0
186195973,2499757,293686,1613,1H,87,47,13.341664,3,0,0
186196007,2499757,3327,1613,1H,76,43,25.000000,7,0,0
186196069,2499757,3327,1613,1H,93,42,10.630146,8,1,0
186196109,2499757,3327,1613,1H,95,50,5.000000,0,1,0
186196214,2499757,246866,10531,1H,94,46,7.211103,4,1,0
186196273,2499757,25571,10531,1H,85,53,15.297059,3,0,0
186196301,2499757,134294,1613,1H,75,54,25.317978,4,0,0
186196464,2499757,230883,1613,2H,76,37,27.294688,13,0,0
186196583,2499757,8976,10531,2H,96,37,13.601471,13,0,0
186196659,2499757,343951,10531,2H,93,63,14.764823,13,0,0
186196674,2499757,9227,1613,2H,73,73,35.468296,23,0,0
186196847,2499757,230883,1613,2H,89,60,14.866069,10,0,0
186196851,2499757,9227,1613,2H,72,51,28.017851,1,0,0
186196893,2499757,3327,1613,2H,88,46,12.649111,4,1,0
186196909,2499757,3327,1613,2H,78,39,24.596748,11,0,0
186196932,2499757,8833,1613,2H,94,52,6.324555,2,1,1
186197148,2499757,262,10531,2H,93,57,9.899495,7,1,0
186197167,2499757,179,10531,2H,93,71,22.135944,21,0,0
186197169,2499757,21164,10531,2H,88,48,12.165525,2,1,0
186197190,2499757,3327,1613,1H,81,33,25.495098,17,0,0
186197200,2499757,25571,10531,1H,75,50,25.000000,0,0,0
186565838,2499758,7970,1633,1H,87,38,17.691806,12,0,0
186565973,2499758,7941,1633,1H,90,37,16.401219,13,0,0
186566095,2499758,7970,1633,1H,76,49,24.020824,1,0,0
186566274,2499758,7970,1633,1H,91,35,17.492856,15,1,0
186566289,2499758,8126,1633,1H,77,68,29.206164,18,0,0
186566392,2499758,7970,1633,1H,69,29,37.443290,21,0,0
186566425,2499758,8677,1633,1H,74,54,26.305893,4,0,0
186566481,2499758,37725,1633,1H,86,47,14.317821,3,0,0
186566618,2499758,9419,1673,1H,87,68,22.203603,18,0,0
186566751,2499758,303357,1673,2H,72,35,31.764760,15,0,0
186566781,2499758,37725,1633,2H,88,58,14.422205,8,0,0
186566837,2499758,8677,1633,2H,74,66,30.528675,16,0,0
186566880,2499758,9419,1673,2H,71,37,31.780497,13,0,0
186566974,2499758,62389,1673,2H,73,43,27.892651,7,0,0
186567039,2499758,20620,1633,2H,73,55,27.459060,5,0,1
186567089,2499758,9419,1673,2H,75,71,32.649655,21,0,0
186567093,2499758,25572,1633,2H,97,49,3.162278,1,0,1
186567128,2499758,214654,1673,2H,81,65,24.207437,15,0,0
186567133,2499758,442211,1673,2H,90,41,13.453624,9,1,0
186567274,2499758,9419,1673,2H,89,58,13.601471,8,0,0
186567275,2499758,8677,1633,2H,72,64,31.304952,14,0,0
186567353,2499758,442211,1673,2H,75,42,26.248809,8,0,0
186925789,2499758,9419,1673,2H,86,59,16.643317,9,0,0
189374922,2499759,9283,1659,1H,66,63,36.400549,13,0,0
189374965,2499759,25950,1651,1H,74,58,27.202941,8,0,0
189374974,2499759,9637,1659,1H,74,61,28.231188,11,0,0
189375064,2499759,9293,1659,1H,87,32,22.203603,18,0,0
189375113,2499759,9285,1659,1H,75,26,34.655447,24,0,0
189375182,2499759,8296,1659,1H,82,41,20.124612,9,0,0
189375500,2499759,466,1651,1H,78,63,25.553865,13,0,0
189375528,2499759,9637,1659,1H,79,55,21.587033,5,0,0
189375545,2499759,62224,1659,1H,81,63,23.021729,13,0,0
189375729,2499759,8242,1651,2H,98,61,11.180340,11,1,0
189375731,2499759,466,1651,2H,94,43,9.219544,7,1,0
189375745,2499759,8086,1651,2H,94,56,8.485281,6,1,0
189375762,2499759,9283,1659,2H,73,30,33.600595,20,0,0
189375768,2499759,9293,1659,2H,78,39,24.596748,11,0,0
189375808,2499759,247248,1651,2H,94,41,10.816654,9,1,1
189375964,2499759,9293,1659,2H,80,47,20.223748,3,0,0
189375976,2499759,8351,1659,2H,89,55,12.083046,5,0,1
189376039,2499759,9739,1659,2H,88,51,12.041595,1,0,0
189376065,2499759,8296,1659,2H,92,59,12.041595,9,0,1
189376116,2499759,9622,1651,2H,74,63,29.068884,13,0,0
189376290,2499759,9622,1651,2H,72,70,34.409301,20,0,0
188266348,2499760,3360,1610,1H,75,47,25.179357,3,0,0
188266637,2499760,7945,1609,1H,96,49,4.123106,1,1,0
188266660,2499760,25413,1609,1H,90,63,16.401219,13,0,0
188266670,2499760,3360,1610,1H,85,60,18.027756,10,0,0
188266684,2499760,3360,1610,1H,74,50,26.000000,0,0,0
188266702,2499760,14869,1609,1H,83,24,31.064449,26,0,0
188266712,2499760,3324,1610,1H,91,48,9.219544,2,1,0
188266956,2499760,49876,1609,1H,72,69,33.837849,19,0,0
188267022,2499760,7945,1609,1H,81,36,23.600847,14,0,0
188267056,2499760,7870,1609,1H,76,42,25.298221,8,0,0
188267057,2499760,7855,1609,1H,86,36,19.798990,14,0,0
188267143,2499760,7870,1609,1H,90,41,13.453624,9,0,0
188267144,2499760,25413,1609,1H,92,54,8.944272,4,0,0
188267241,2499760,105333,1610,2H,91,69,21.023796,19,0,0
188267278,2499760,3324,1610,2H,71,19,42.449971,31,0,0
188267358,2499760,8032,1610,2H,87,28,25.553865,22,0,0
188267475,2499760,105333,1610,2H,85,28,26.627054,22,0,0
188267536,2499760,8625,1610,2H,78,65,26.627054,15,0,0
188267828,2499760,25707,1610,2H,83,32,24.758837,18,0,0
188267833,2499760,3350,1610,2H,71,27,37.013511,23,0,0
188267957,2499760,28291,1610,2H,73,68,32.449961,18,0,0
188267969,2499760,8625,1610,2H,84,54,16.492423,4,0,0
188268134,2499760,3560,1609,2H,86,38,18.439089,12,0,0
187856225,2499761,61988,1619,1H,87,60,16.401219,10,0,0
187856277,2499761,61988,1619,1H,91,52,9.219544,2,0,1
187856385,2499761,8384,1619,1H,88,41,15.000000,9,1,0
187856416,2499761,38031,1628,1H,92,47,8.544004,3,0,0
187856529,2499761,7899,1619,1H,69,38,33.241540,12,0,0
187856538,2499761,7988,1628,1H,69,43,31.780497,7,0,0
187856560,2499761,29640,1619,1H,71,60,30.675723,10,0,0
187856608,2499761,8116,1619,1H,73,42,28.160256,8,0,0
187856639,2499761,235555,1628,1H,73,51,27.018512,1,0,0
187856686,2499761,235555,1628,1H,85,61,18.601075,11,0,0
187856944,2499761,8471,1628,1H,87,29,24.698178,21,0,0
187857050,2499761,383,1619,1H,88,42,14.422205,8,0,0
187857071,2499761,8116,1619,1H,73,43,27.892651,7,0,0
187857162,2499761,8142,1628,2H,91,49,9.055385,1,0,0
187857362,2499761,38031,1628,2H,87,30,23.853721,20,1,0
187857363,2499761,8116,1619,2H,84,64,21.260292,14,0,0
187857507,2499761,70389,1619,2H,70,44,30.594117,6,0,0
187857674,2499761,8221,1628,2H,88,68,21.633308,18,1,0
187857707,2499761,7899,1619,2H,93,51,7.071068,1,1,0
187857874,2499761,7988,1628,2H,74,57,26.925824,7,0,0
187857885,2499761,70389,1619,2H,89,65,18.601075,15,0,0
187857934,2499761,8221,1628,2H,74,71,33.421550,21,0,0
187999719,2499762,38377,1673,1H,87,52,13.152946,2,1,0
187999726,2499762,9419,1673,1H,81,28,29.068884,22,0,0
187999728,2499762,9419,1673,1H,77,76,34.713110,26,0,0
187999753,2499762,9419,1673,1H,92,31,20.615528,19,0,0
187999858,2499762,15823,1673,1H,81,44,19.924859,6,0,0
187999967,2499762,285508,1631,1H,85,41,17.492856,9,0,0
188000033,2499762,9419,1673,1H,81,55,19.646883,5,0,0
188000425,2499762,62389,1673,1H,84,76,30.528675,26,0,0
188000481,2499762,285508,1631,1H,92,57,10.630146,7,0,0
188000491,2499762,12829,1631,1H,90,35,18.027756,15,0,0
188000606,2499762,38377,1673,2H,90,69,21.470911,19,0,1
188000617,2499762,285508,1631,2H,88,60,15.620499,10,0,0
188000693,2499762,55979,1673,2H,85,50,15.000000,0,0,0
188000869,2499762,26150,1631,2H,75,33,30.232433,17,0,0
188000986,2499762,15823,1673,2H,75,47,25.179357,3,0,0
188001071,2499762,26150,1631,2H,83,72,27.802878,22,0,0
188001217,2499762,9419,1673,2H,73,43,27.892651,7,0,0
188001342,2499762,16436,1673,2H,89,51,11.045361,1,0,0
188001467,2499762,119630,1631,2H,74,43,26.925824,7,0,0
187985330,2499763,7907,1612,1H,89,52,11.180340,2,0,0
187985463,2499763,346101,1612,1H,75,66,29.681644,16,0,0
187985687,2499763,7907,1612,1H,89,76,28.231188,26,0,0
187985695,2499763,3802,1612,1H,72,37,30.870698,13,0,0
187985702,2499763,93,1646,1H,93,45,8.602325,5,0,0
187985728,2499763,7907,1612,1H,92,68,19.697716,18,0,0
187985734,2499763,11294,1646,1H,88,55,13.000000,5,0,1
187985756,2499763,120353,1612,1H,94,66,17.088007,16,1,0
187985801,2499763,3802,1612,1H,72,37,30.870698,13,0,0
187985903,2499763,120353,1612,1H,89,42,13.601471,8,0,1
187986057,2499763,120353,1612,1H,78,70,29.732137,20,0,0
187986066,2499763,120353,1612,1H,90,72,24.166092,22,0,0
187986070,2499763,8944,1646,1H,90,50,10.000000,0,1,0
187986098,2499763,3802,1612,1H,88,41,15.000000,9,0,0
187986161,2499763,7907,1612,1H,90,29,23.259407,21,0,0
187986199,2499763,120353,1612,1H,78,70,29.732137,20,0,0
187986276,2499763,7907,1612,1H,89,66,19.416488,16,0,0
187986297,2499763,15808,1612,1H,90,37,16.401219,13,0,0
187986355,2499763,7907,1612,2H,82,33,24.758837,17,0,0
187986423,2499763,3802,1612,2H,72,43,28.861739,7,0,0
187986470,2499763,3802,1612,2H,77,32,29.206164,18,0,0
187986510,2499763,18550,1612,2H,76,56,24.738634,6,0,0
187986578,2499763,8319,1612,2H,79,56,21.840330,6,0,0
187986606,2499763,3802,1612,2H,79,33,27.018512,17,0,0
187986622,2499763,9623,1646,2H,78,63,25.553865,13,0,0
187986628,2499763,222220,1612,2H,72,33,32.756679,17,0,0
187986631,2499763,7907,1612,2H,82,56,18.973666,6,0,0
187986646,2499763,8944,1646,2H,94,40,11.661904,10,1,0
187986647,2499763,222220,1612,2H,91,30,21.931712,20,0,0
187986653,2499763,8944,1646,2H,97,38,12.369317,12,1,0
187986710,2499763,8319,1612,2H,97,66,16.278821,16,0,0
187986831,2499763,18550,1612,2H,93,32,19.313208,18,1,0
187986876,2499763,15808,1612,2H,74,49,26.019224,1,0,0
187986931,2499763,3802,1612,2H,72,35,31.764760,15,0,0
187986963,2499763,286831,1612,2H,92,60,12.806248,10,1,0
187986983,2499763,346101,1612,2H,89,68,21.095023,18,0,0
187987000,2499763,286831,1612,2H,98,48,2.828427,2,0,0
187987045,2499763,120353,1612,2H,89,66,19.416488,16,0,0
187987077,2499763,18550,1612,2H,73,37,29.966648,13,0,0
187987083,2499763,18550,1612,2H,79,26,31.890437,24,0,0
187987085,2499763,8319,1612,2H,88,31,22.472205,19,0,0
188305738,2499764,397178,1611,1H,88,34,20.000000,16,0,0
188305741,2499764,7919,1623,1H,87,49,13.038405,1,1,0
188306022,2499764,7938,1611,1H,82,71,27.658633,21,0,1
188306132,2499764,397178,1611,2H,87,32,22.203603,18,0,0
188306365,2499764,77558,1623,2H,93,64,15.652476,14,0,0
188306403,2499764,7934,1611,2H,90,42,12.806248,8,0,0
188306468,2499764,7934,1611,2H,88,31,22.472205,19,0,0
188306500,2499764,70122,1611,2H,70,45,30.413813,5,0,0
188306544,2499764,7934,1611,2H,88,50,12.000000,0,0,0
188306639,2499764,105338,1611,2H,90,36,17.204651,14,0,1
188306659,2499764,5911,1623,2H,80,37,23.853721,13,0,0
188306698,2499764,70122,1611,2H,81,34,24.839485,16,0,0
188306796,2499764,7905,1611,1H,92,54,8.944272,4,0,0
188306797,2499764,7905,1611,1H,88,42,14.422205,8,0,0
188306798,2499764,7905,1611,2H,97,57,7.615773,7,0,1
188306878,2499764,5911,1623,2H,77,41,24.698178,9,0,0
188306942,2499764,7944,1623,2H,94,59,10.816654,9,0,0
188306943,2499764,7944,1623,1H,86,51,14.035669,1,0,0
187995581,2499765,9227,1613,1H,83,69,25.495098,19,0,0
187995727,2499765,15198,1639,1H,77,30,30.479501,20,0,0
187995955,2499765,70215,1613,1H,98,45,5.385165,5,0,1
187995996,2499765,49872,1639,1H,82,82,36.715120,32,0,0
187995998,2499765,8833,1613,1H,94,52,6.324555,2,1,0
187996001,2499765,15054,1639,1H,91,43,11.401754,7,1,0
187996084,2499765,3327,1613,1H,88,56,13.416408,6,0,0
187996168,2499765,252365,1613,1H,72,37,30.870698,13,0,0
187996287,2499765,3327,1613,1H,80,58,21.540659,8,0,0
187996395,2499765,3327,1613,2H,90,52,10.198039,2,0,0
187996407,2499765,25854,1639,2H,66,70,39.446166,20,0,0
187996502,2499765,15198,1639,2H,85,64,20.518285,14,0,0
187996534,2499765,230883,1613,2H,86,57,15.652476,7,0,0
187996542,2499765,339789,1613,2H,77,47,23.194827,3,0,0
187996575,2499765,3327,1613,2H,89,38,16.278821,12,0,0
187996632,2499765,8833,1613,2H,93,49,7.071068,1,1,1
187996701,2499765,49872,1639,2H,74,54,26.305893,4,0,1
187996758,2499765,49872,1639,2H,79,34,26.400758,16,0,0
187996774,2499765,7967,1613,2H,80,27,30.479501,23,0,0
187996785,2499765,15198,1639,2H,81,42,20.615528,8,0,0
187996794,2499765,15054,1639,2H,92,58,11.313708,8,1,0
187996878,2499765,7967,1613,2H,80,52,20.099751,2,0,0
187996986,2499765,3327,1613,1H,92,52,8.246211,2,0,0
187997038,2499765,15198,1639,2H,91,64,16.643317,14,0,0
187997091,2499765,15054,1639,2H,91,50,9.000000,0,1,0
187931979,2499766,13484,1624,1H,75,29,32.649655,21,0,0
187932014,2499766,25571,10531,1H,78,69,29.068884,19,0,0
187932110,2499766,14911,1624,1H,93,28,23.086793,22,0,0
187932116,2499766,25804,1624,1H,76,50,24.000000,0,0,0
187932252,2499766,14911,1624,1H,79,50,21.000000,0,0,0
187932468,2499766,13484,1624,1H,77,46,23.345235,4,0,0
187932698,2499766,8945,1624,1H,79,64,25.238859,14,0,0
187932780,2499766,284,10531,1H,90,51,10.049876,1,1,0
187932826,2499766,48,1624,1H,74,33,31.064449,17,0,0
187932908,2499766,54,1624,2H,76,70,31.240999,20,0,0
187933078,2499766,210044,1624,2H,71,51,29.017236,1,0,0
187933082,2499766,54,1624,2H,75,50,25.000000,0,0,0
187933112,2499766,14911,1624,2H,81,40,21.470911,10,0,0
187933131,2499766,14911,1624,2H,96,65,15.524175,15,0,0
187933133,2499766,8717,1624,2H,91,53,9.486833,3,0,0
187933138,2499766,36,1624,2H,84,61,19.416488,11,0,0
187933200,2499766,14911,1624,2H,83,59,19.235384,9,0,0
187933244,2499766,14911,1624,2H,89,36,17.804494,14,0,0
187933252,2499766,8717,1624,2H,96,37,13.601471,13,1,0
187933259,2499766,13484,1624,2H,90,39,14.866069,11,0,0
187933268,2499766,48,1624,2H,80,49,20.024984,1,0,0
187933477,2499766,10252,10531,2H,78,63,25.553865,13,0,0
187933539,2499766,8717,1624,2H,78,46,22.360680,4,0,0
187933602,2499766,48,1624,2H,88,30,23.323808,20,0,0
187933700,2499766,8945,1624,2H,74,45,26.476405,5,0,0
187933718,2499766,25785,1624,2H,91,65,17.492856,15,0,0
188010025,2499767,28292,1644,1H,80,45,20.615528,5,0,0
188010104,2499767,377071,1644,1H,90,43,12.206556,7,1,0
188010333,2499767,70156,1644,2H,84,69,24.839485,19,0,0
188010409,2499767,7888,1644,2H,88,52,12.165525,2,0,0
188010414,2499767,105339,1625,1H,92,59,12.041595,9,1,0
188010450,2499767,26136,1625,1H,74,20,39.698866,30,0,0
188010451,2499767,7888,1644,2H,77,34,28.017851,16,0,0
188010499,2499767,377071,1644,2H,95,55,7.071068,5,1,0
188010504,2499767,105339,1625,1H,75,64,28.653098,14,0,0
188010526,2499767,38021,1625,1H,76,35,28.301943,15,0,0
188010663,2499767,8325,1625,1H,88,80,32.310989,30,0,0
188010674,2499767,68085,1644,2H,95,56,7.810250,6,1,0
188010723,2499767,8317,1625,1H,88,54,12.649111,4,0,0
188010797,2499767,8325,1625,1H,89,62,16.278821,12,0,0
188010815,2499767,8325,1625,1H,73,19,41.109610,31,0,0
188010927,2499767,8325,1625,1H,91,43,11.401754,7,1,1
188011027,2499767,38021,1625,1H,93,68,19.313208,18,0,0
188011046,2499767,340386,1625,1H,91,57,11.401754,7,0,1
188011272,2499767,8325,1625,2H,77,41,24.698178,9,0,0
188011281,2499767,340386,1625,2H,87,39,17.029386,11,0,0
188011308,2499767,26136,1625,2H,93,16,34.713110,34,0,0
188011354,2499767,8317,1625,2H,93,27,24.041631,23,0,0
188011359,2499767,70086,1625,2H,92,58,11.313708,8,1,1
188011485,2499767,11066,1625,2H,90,74,26.000000,24,0,0
188011536,2499767,8325,1625,2H,94,71,21.840330,21,0,1
188011581,2499767,245364,1625,2H,90,70,22.360680,20,0,0
188011600,2499767,11066,1625,2H,82,32,25.455844,18,0,0
188011641,2499767,14808,1625,2H,75,57,25.961510,7,0,0
188011680,2499767,8325,1625,2H,73,61,29.154759,11,0,0
188011684,2499767,11066,1625,1H,72,49,28.017851,1,0,0
188079625,2499767,8325,1625,1H,97,54,5.000000,4,0,1
188079631,2499767,9380,1625,2H,89,50,11.000000,0,1,0
187987395,2499768,8370,1627,1H,88,68,21.633308,18,0,0
187987500,2499768,7853,1627,1H,91,37,15.811388,13,0,0
187987507,2499768,8314,1627,1H,93,49,7.071068,1,1,0
187987844,2499768,8374,1627,1H,90,42,12.806248,8,1,0
187987867,2499768,9414,1627,1H,83,53,17.262677,3,0,0
187987884,2499768,8677,1633,1H,75,39,27.313001,11,0,0
187987917,2499768,20620,1633,1H,64,40,37.363083,10,0,0
187987958,2499768,7970,1633,1H,86,57,15.652476,7,0,0
187988053,2499768,7970,1633,1H,92,57,10.630146,7,1,0
187988138,2499768,8126,1633,1H,69,67,35.355339,17,0,0
187988185,2499768,8958,1627,2H,78,35,26.627054,15,0,0
187988266,2499768,8126,1633,2H,93,56,9.219544,6,1,0
187988478,2499768,8686,1627,2H,92,48,8.246211,2,1,0
187988509,2499768,8677,1633,2H,80,61,22.825424,11,0,0
187988671,2499768,20620,1633,2H,72,29,35.000000,21,0,0
190850051,2499769,8958,1627,1H,91,30,21.931712,20,0,0
190850053,2499769,8285,1627,1H,87,55,13.928388,5,0,0
190850120,2499769,7870,1609,1H,93,59,11.401754,9,1,0
190850124,2499769,7853,1627,1H,81,27,29.832868,23,0,0
190850258,2499769,25413,1609,1H,95,49,5.099020,1,1,1
190850427,2499769,8958,1627,1H,79,37,24.698178,13,0,0
190850621,2499769,8958,1627,1H,90,64,17.204651,14,1,0
190850640,2499769,8958,1627,1H,74,27,34.713110,23,0,0
190850840,2499769,25413,1609,2H,87,55,13.928388,5,0,0
190850878,2499769,20612,1609,2H,95,38,13.000000,12,0,0
190851131,2499769,49876,1609,2H,79,35,25.806976,15,0,0
190851159,2499769,25413,1609,2H,95,68,18.681542,18,0,0
190851234,2499769,49876,1609,2H,66,61,35.735137,11,0,0
190851301,2499769,3361,1609,2H,77,38,25.942244,12,0,0
190851356,2499769,120339,1609,2H,86,64,19.798990,14,0,0
190851359,2499769,167145,1609,2H,87,67,21.400935,17,0,0
190851446,2499769,49876,1609,2H,85,40,18.027756,10,0,0
190851499,2499769,7870,1609,2H,81,66,24.839485,16,0,0
190373562,2499770,339789,1613,1H,82,30,26.907248,20,0,0
190373599,2499770,8086,1651,1H,96,54,5.656854,4,0,0
190373615,2499770,3657,1651,1H,89,39,15.556349,11,1,0
190373639,2499770,3657,1651,1H,74,36,29.529646,14,0,0
190373642,2499770,70215,1613,1H,75,55,25.495098,5,0,0
190373713,2499770,15526,1651,1H,95,55,7.071068,5,0,0
190373890,2499770,3327,1613,1H,94,42,10.000000,8,0,0
190374077,2499770,230883,1613,1H,89,40,14.866069,10,0,0
190374478,2499770,3657,1651,2H,93,53,7.615773,3,0,1
190374558,2499770,247248,1651,2H,99,31,19.026298,19,0,0
190374668,2499770,339789,1613,2H,68,38,34.176015,12,0,0
190374770,2499770,9227,1613,2H,71,51,29.017236,1,0,0
190374983,2499770,70215,1613,2H,91,33,19.235384,17,0,0
190375064,2499770,3557,1613,2H,83,31,25.495098,19,0,0
190375141,2499770,7967,1613,2H,75,42,26.248809,8,0,0
190375144,2499770,8833,1613,2H,87,52,13.152946,2,1,0
190375159,2499770,12536,1613,2H,86,60,17.204651,10,0,0
191624275,2499770,3327,1613,1H,91,59,12.727922,9,1,0
190089038,2499771,11294,1646,1H,79,30,29.000000,20,0,0
190089145,2499771,9206,1646,1H,92,48,8.246211,2,1,0
190089482,2499771,9206,1646,2H,96,40,10.770330,10,0,0
190089553,2499771,9623,1646,2H,82,72,28.425341,22,0,0
190089729,2499771,9206,1646,2H,77,41,24.698178,9,0,0
190090074,2499771,442211,1673,1H,80,65,25.000000,15,0,0
190090169,2499771,16122,1673,1H,76,69,30.610456,19,0,0
190090222,2499771,11078,1673,2H,80,64,24.413111,14,0,0
190090243,2499771,38377,1673,2H,89,33,20.248457,17,0,0
190090279,2499771,442211,1673,2H,79,45,21.587033,5,0,0
190090388,2499771,9419,1673,2H,76,37,27.294688,13,0,0
190090472,2499771,173,1673,2H,79,24,33.421550,26,0,0
190090476,2499771,16122,1673,2H,96,40,10.770330,10,1,0
190070014,2499772,293687,1623,1H,93,55,8.602325,5,1,0
190070128,2499772,77546,1623,1H,86,46,14.560220,4,0,0
190070289,2499772,8959,1659,1H,80,24,32.802439,26,0,0
190070291,2499772,293687,1623,1H,84,45,16.763055,5,0,0
190070488,2499772,340,1623,1H,75,99,55.009090,49,0,0
190070648,2499772,7944,1623,1H,94,65,16.155494,15,0,0
190070942,2499772,293687,1623,2H,91,49,9.055385,1,1,0
190070982,2499772,9637,1659,2H,83,56,18.027756,6,0,1
190071005,2499772,8296,1659,2H,91,66,18.357560,16,0,0
190071068,2499772,77558,1623,2H,76,63,27.294688,13,0,0
190071088,2499772,77558,1623,2H,93,38,13.892444,12,1,0
190071116,2499772,8351,1659,2H,88,33,20.808652,17,0,0
190071171,2499772,9739,1659,2H,78,69,29.068884,19,0,0
190071207,2499772,7989,1659,2H,83,50,17.000000,0,0,0
190071226,2499772,355937,1623,2H,92,56,10.000000,6,1,0
190071345,2499772,145692,1623,2H,90,61,14.866069,11,0,1
190071368,2499772,293687,1623,2H,96,51,4.123106,1,0,0
190071389,2499772,8351,1659,2H,83,49,17.029386,1,0,0
190071440,2499772,293687,1623,2H,61,36,41.436699,14,0,0
190071504,2499772,145692,1623,2H,98,47,3.605551,3,1,0
190071505,2499772,145692,1623,2H,97,45,5.830952,5,0,1
190071525,2499772,353236,1623,2H,93,70,21.189620,20,0,0
190071585,2499772,245813,1659,2H,93,40,12.206556,10,1,0
190078530,2499773,3802,1612,1H,85,33,22.671568,17,0,0
190078538,2499773,18550,1612,1H,72,72,35.608988,22,0,0
190078560,2499773,120353,1612,1H,96,63,13.601471,13,1,1
190078619,2499773,15808,1612,1H,75,80,39.051248,30,0,0
190078620,2499773,4908,1612,1H,83,33,24.041631,17,0,0
190078720,2499773,4908,1612,1H,77,38,25.942244,12,0,0
190078725,2499773,116,1612,1H,90,46,10.770330,4,1,0
190078832,2499773,15808,1612,1H,88,33,20.808652,17,0,0
190078905,2499773,3802,1612,2H,89,26,26.400758,24,0,0
190079069,2499773,120353,1612,2H,89,58,13.601471,8,0,0
190079077,2499773,3802,1612,2H,90,24,27.856777,26,0,0
190079088,2499773,120353,1612,2H,90,39,14.866069,11,0,0
190079115,2499773,7964,1612,2H,85,41,17.492856,9,0,1
190079151,2499773,12829,1631,1H,92,31,20.615528,19,0,0
190079155,2499773,26150,1631,1H,91,40,13.453624,10,0,0
190079206,2499773,7907,1612,2H,82,62,21.633308,12,0,0
190079259,2499773,265366,1631,1H,74,56,26.683328,6,0,0
190079269,2499773,7868,1612,2H,89,24,28.231188,26,0,0
190079298,2499773,14763,1631,1H,73,73,35.468296,23,0,0
190079329,2499773,7907,1612,2H,77,35,27.459060,15,0,0
190079384,2499773,116,1612,2H,86,34,21.260292,16,0,0
190079564,2499773,25393,1612,2H,91,50,9.000000,0,1,0
190079583,2499773,3802,1612,2H,79,29,29.698485,21,0,0
190079600,2499773,15808,1612,2H,75,47,25.179357,3,0,0
190079614,2499773,18550,1612,2H,94,37,14.317821,13,1,0
190079814,2499773,12829,1631,1H,90,38,15.620499,12,1,0
190079820,2499773,14763,1631,1H,98,48,2.828427,2,0,1
190080034,2499773,12829,1631,2H,95,34,16.763055,16,0,0
190080049,2499773,283142,1631,2H,89,65,18.601075,15,0,0
190080050,2499773,12829,1631,2H,92,48,8.246211,2,1,1
231790423,2499773,120353,1612,1H,90,50,10.000000,0,0,0
190067906,2499774,26136,1625,1H,86,25,28.653098,25,0,0
190067977,2499774,8501,1628,1H,92,35,17.000000,15,0,0
190067980,2499774,245364,1625,1H,79,30,29.000000,20,0,0
190068008,2499774,26136,1625,1H,84,29,26.400758,21,0,0
190068013,2499774,70086,1625,1H,87,52,13.152946,2,0,0
190068016,2499774,105339,1625,1H,91,49,9.055385,1,0,0
190068095,2499774,11066,1625,1H,84,25,29.681644,25,0,0
190068244,2499774,8501,1628,1H,94,20,30.594117,30,0,0
190068340,2499774,235555,1628,1H,82,42,19.697716,8,0,0
190068355,2499774,8325,1625,1H,93,49,7.071068,1,0,0
190068408,2499774,8471,1628,1H,76,58,25.298221,8,0,0
190068426,2499774,8325,1625,1H,86,46,14.560220,4,0,0
190068436,2499774,8325,1625,1H,94,64,15.231546,14,1,0
190068537,2499774,245364,1625,1H,88,66,20.000000,16,0,0
190068607,2499774,11066,1625,2H,86,47,14.317821,3,0,0
190068633,2499774,105339,1625,2H,80,51,20.024984,1,0,0
190068635,2499774,8277,1625,2H,71,65,32.649655,15,0,0
190068687,2499774,11066,1625,2H,93,62,13.892444,12,0,1
190068695,2499774,8317,1625,1H,91,32,20.124612,18,1,0
190068749,2499774,245364,1625,1H,94,37,14.317821,13,0,1
190068771,2499774,11066,1625,2H,94,64,15.231546,14,0,0
190068816,2499774,8325,1625,2H,95,37,13.928388,13,0,0
190068828,2499774,245364,1625,2H,89,36,17.804494,14,0,0
190068843,2499774,70083,1625,2H,88,34,20.000000,16,0,0
190069013,2499774,454,1628,2H,76,45,24.515301,5,0,0
190069201,2499774,8325,1625,2H,94,58,10.000000,8,1,1
190069355,2499774,8464,1625,2H,82,33,24.758837,17,0,1
190069512,2499774,235555,1628,1H,95,62,13.000000,12,0,0
190069551,2499774,11066,1625,2H,100,47,3.000000,3,0,1
190057239,2499775,105338,1611,1H,77,35,27.459060,15,0,0
190057358,2499775,8116,1619,1H,87,61,17.029386,11,0,0
190057377,2499775,397178,1611,1H,88,30,23.323808,20,0,0
190057530,2499775,7905,1611,1H,92,51,8.062258,1,1,0
190057532,2499775,7905,1611,1H,95,49,5.099020,1,0,1
190057581,2499775,29640,1619,1H,73,32,32.449961,18,0,0
190057617,2499775,7885,1619,1H,79,31,28.319605,19,0,0
190057677,2499775,8116,1619,1H,78,55,22.561028,5,0,0
190058040,2499775,8116,1619,1H,72,63,30.870698,13,0,0
190058156,2499775,7899,1619,2H,95,49,5.099020,1,0,0
190058271,2499775,8116,1619,2H,87,23,29.966648,27,0,0
190058340,2499775,105338,1611,2H,78,62,25.059928,12,0,0
190058363,2499775,8384,1619,2H,91,51,9.055385,1,1,0
190058398,2499775,7905,1611,2H,92,66,17.888544,16,0,0
190058401,2499775,61988,1619,2H,73,55,27.459060,5,0,0
190058630,2499775,3413,1611,2H,87,42,15.264338,8,0,0
190058798,2499775,383,1619,2H,88,36,18.439089,14,0,0
190058813,2499775,7899,1619,2H,92,41,12.041595,9,1,0
190058833,2499775,7899,1619,2H,93,31,20.248457,19,0,0
190058854,2499775,8116,1619,2H,76,64,27.784888,14,0,0
190063657,2499776,3324,1610,1H,91,35,17.492856,15,0,1
190063914,2499776,49872,1639,1H,70,36,33.105891,14,0,0
190064341,2499776,3360,1610,1H,86,64,19.798990,14,0,1
190064353,2499776,7932,1639,1H,83,60,19.723083,10,0,0
190064375,2499776,15054,1639,1H,89,41,14.212670,9,0,0
190064428,2499776,77548,1639,1H,68,54,32.249031,4,0,0
190064602,2499776,77548,1639,2H,86,61,17.804494,11,0,0
190064676,2499776,49872,1639,2H,79,72,30.413813,22,0,0
190064796,2499776,15198,1639,2H,87,29,24.698178,21,0,0
190065025,2499776,7932,1639,2H,96,53,5.000000,3,1,0
190065029,2499776,15198,1639,2H,88,40,15.620499,10,0,0
190065034,2499776,15198,1639,2H,87,43,14.764823,7,1,0
190065035,2499776,15054,1639,2H,93,68,19.313208,18,0,0
190065175,2499776,3324,1610,2H,95,43,8.602325,7,0,1
190065219,2499776,3324,1610,2H,97,47,4.242641,3,0,1
190065289,2499776,3324,1610,2H,88,62,16.970563,12,0,0
190059331,2499777,10663,1644,1H,87,58,15.264338,8,0,0
190059510,2499777,10663,1644,1H,94,54,7.211103,4,0,1
190059554,2499777,25798,1644,1H,68,56,32.557641,6,0,0
190059584,2499777,471,10531,1H,88,56,13.416408,6,1,0
190059809,2499777,3351,1644,1H,72,73,36.235342,23,0,0
190059894,2499777,471,10531,1H,90,56,11.661904,6,0,0
190059939,2499777,8976,10531,1H,77,36,26.925824,14,0,0
190059973,2499777,471,10531,1H,95,36,14.866069,14,1,0
190059974,2499777,7929,1644,1H,80,53,20.223748,3,0,0
190059984,2499777,10663,1644,1H,96,68,18.439089,18,0,0
190060146,2499777,262,10531,2H,92,62,14.422205,12,1,0
190060186,2499777,471,10531,2H,89,48,11.180340,2,0,0
190060188,2499777,343951,10531,2H,96,59,9.848858,9,0,1
190060587,2499777,8903,1644,2H,87,41,15.811388,9,0,0
190060761,2499777,377071,1644,2H,84,51,16.031220,1,0,1
190060851,2499777,262,10531,1H,96,55,6.403124,5,1,0
189937743,2499778,7941,1633,1H,72,49,28.017851,1,0,0
189937847,2499778,54,1624,1H,75,44,25.709920,6,0,0
189937891,2499778,136441,1624,1H,78,54,22.360680,4,0,0
189937894,2499778,257762,1624,1H,91,34,18.357560,16,0,0
189938022,2499778,210044,1624,1H,73,39,29.154759,11,0,0
189938059,2499778,36,1624,1H,72,76,38.209946,26,0,0
189938216,2499778,8717,1624,1H,88,63,17.691806,13,1,1
189938282,2499778,13484,1624,1H,87,35,19.849433,15,0,0
189938284,2499778,8717,1624,1H,89,30,22.825424,20,0,1
189938324,2499778,8717,1624,1H,85,27,27.459060,23,0,0
189938706,2499778,54,1624,2H,85,56,16.155494,6,0,1
189938752,2499778,8717,1624,2H,92,25,26.248809,25,0,0
189938760,2499778,13484,1624,2H,79,40,23.259407,10,0,0
189938885,2499778,7941,1633,2H,97,46,5.000000,4,1,1
189938920,2499778,7941,1633,2H,89,42,13.601471,8,1,0
189938959,2499778,7970,1633,2H,78,67,27.802878,17,0,0
189939102,2499778,7970,1633,2H,84,75,29.681644,25,0,0
189939128,2499778,7941,1633,2H,90,44,11.661904,6,0,0
189939221,2499778,136441,1624,2H,89,26,26.400758,24,0,0
189939261,2499778,37725,1633,2H,94,54,7.211103,4,1,1
189939301,2499778,8553,1633,2H,92,78,29.120440,28,0,0
189939319,2499778,7970,1633,2H,79,68,27.658633,18,0,0
189939324,2499778,8561,1633,2H,78,67,27.802878,17,0,0
192317957,2499779,8296,1659,1H,94,59,10.816654,9,0,0
192317958,2499779,9293,1659,1H,91,34,18.357560,16,0,0
192318004,2499779,9293,1659,1H,84,35,21.931712,15,0,0
192318102,2499779,8959,1659,1H,83,68,24.758837,18,0,0
192318358,2499779,9637,1659,1H,88,42,14.422205,8,0,0
192318727,2499779,9293,1659,1H,86,41,16.643317,9,0,0
192318777,2499779,14853,1631,1H,75,34,29.681644,16,0,0
192318778,2499779,9285,1659,1H,72,42,29.120440,8,0,0
192318870,2499779,9637,1659,2H,78,43,23.086793,7,0,0
192319006,2499779,8959,1659,2H,80,53,20.223748,3,0,0
192319097,2499779,14763,1631,2H,90,55,11.180340,5,0,0
192319222,2499779,9293,1659,2H,77,43,24.041631,7,0,0
192319241,2499779,283142,1631,2H,75,53,25.179357,3,0,0
192319308,2499779,9293,1659,2H,88,34,20.000000,16,0,0
192319328,2499779,8296,1659,2H,91,54,9.848858,4,0,0
192319333,2499779,302518,1659,2H,84,66,22.627417,16,0,0
192319374,2499779,8351,1659,2H,79,41,22.847319,9,0,0
192319382,2499779,9637,1659,2H,83,35,22.671568,15,0,0
192319432,2499779,8959,1659,2H,90,27,25.079872,23,0,0
192319504,2499779,283142,1631,2H,78,47,22.203603,3,0,0
192319509,2499779,265366,1631,2H,76,58,25.298221,8,0,0
192319575,2499779,8351,1659,2H,77,63,26.419690,13,0,0
192319607,2499779,26150,1631,2H,79,53,21.213203,3,0,0
192319666,2499779,62224,1659,2H,87,28,25.553865,22,0,0
192319674,2499779,302518,1659,2H,76,28,32.557641,22,0,0
192319700,2499779,12829,1631,2H,77,47,23.194827,3,0,0
192464425,2499780,25413,1609,1H,75,51,25.019992,1,0,0
192464426,2499780,3361,1609,1H,85,48,15.132746,2,0,0
192464526,2499780,49876,1609,1H,72,34,32.249031,16,0,0
192464542,2499780,255935,1651,1H,87,41,15.811388,9,1,0
192464543,2499780,3361,1609,1H,73,27,35.468296,23,0,0
192464646,2499780,230020,1609,1H,91,35,17.492856,15,0,0
192464692,2499780,167145,1609,1H,83,58,18.788294,8,0,0
192464695,2499780,3560,1609,1H,88,41,15.000000,9,0,1
192464885,2499780,230020,1609,1H,82,62,21.633308,12,0,0
192464913,2499780,247248,1651,1H,76,64,27.784888,14,0,0
192464918,2499780,9097,1651,1H,89,42,13.601471,8,0,0
192464969,2499780,25413,1609,1H,82,49,18.027756,1,0,0
192465048,2499780,91381,1651,1H,72,46,28.284271,4,0,0
192465114,2499780,7870,1609,1H,92,45,9.433981,5,0,0
192465125,2499780,49876,1609,1H,70,52,30.066593,2,0,0
192465177,2499780,91381,1651,1H,84,38,20.000000,12,0,0
192465287,2499780,466,1651,1H,90,41,13.453624,9,0,0
192465379,2499780,9097,1651,2H,69,33,35.355339,17,0,0
192465432,2499780,25413,1609,2H,90,60,14.142136,10,0,0
192465484,2499780,7870,1609,2H,78,61,24.596748,11,0,0
192465556,2499780,230020,1609,2H,91,65,17.492856,15,0,1
192465610,2499780,3361,1609,2H,78,40,24.166092,10,0,0
192465651,2499780,3361,1609,2H,91,36,16.643317,14,0,0
192465658,2499780,14869,1609,2H,93,43,9.899495,7,1,0
192465662,2499780,3361,1609,2H,91,32,20.124612,18,0,0
192465744,2499780,3361,1609,2H,84,44,17.088007,6,0,0
192465771,2499780,25413,1609,2H,93,40,12.206556,10,0,0
192466037,2499780,8416,1651,2H,95,43,8.602325,7,1,0
192466174,2499780,26010,1609,2H,95,54,6.403124,4,1,0
192466210,2499780,466,1651,2H,79,48,21.095023,2,0,0
192466221,2499780,20612,1609,1H,93,50,7.000000,0,0,0
192259036,2499781,3324,1610,1H,92,57,10.630146,7,1,0
192259223,2499781,105339,1625,1H,64,34,39.395431,16,0,0
192259258,2499781,8317,1625,1H,79,31,28.319605,19,0,0
192259428,2499781,8464,1625,1H,78,32,28.425341,18,0,0
192259442,2499781,9380,1625,1H,92,34,17.888544,16,1,0
192259447,2499781,25553,1610,1H,86,77,30.413813,27,0,0
192259619,2499781,8317,1625,1H,88,28,25.059928,22,0,0
192259666,2499781,70086,1625,1H,89,53,11.401754,3,1,0
192259846,2499781,340386,1625,1H,92,45,9.433981,5,1,0
192259878,2499781,105339,1625,1H,90,56,11.661904,6,1,0
192260003,2499781,245364,1625,2H,86,67,22.022716,17,0,0
192260105,2499781,11066,1625,2H,86,30,24.413111,20,0,0
192260196,2499781,25707,1610,2H,79,44,21.840330,6,0,0
192260325,2499781,8317,1625,2H,87,66,20.615528,16,0,0
192260672,2499781,135103,1610,2H,86,51,14.035669,1,1,0
192260799,2499781,340386,1625,2H,90,33,19.723083,17,0,0
192260844,2499781,105339,1625,2H,90,42,12.806248,8,1,0
192260904,2499781,11066,1625,2H,85,67,22.671568,17,0,0
192562396,2499782,145692,1623,1H,84,33,23.345235,17,0,0
192562456,2499782,77558,1623,1H,89,42,13.601471,8,0,0
192562516,2499782,8143,1623,1H,91,50,9.000000,0,1,0
192562531,2499782,9623,1646,1H,87,75,28.178006,25,0,0
192562537,2499782,8143,1623,1H,75,38,27.730849,12,0,0
192562644,2499782,25706,1623,1H,75,51,25.019992,1,0,0
192562712,2499782,8980,1646,1H,88,47,12.369317,3,0,1
192562961,2499782,9206,1646,1H,90,56,11.661904,6,1,0
192562963,2499782,25706,1623,1H,76,49,24.020824,1,0,0
192563043,2499782,8143,1623,1H,84,43,17.464249,7,0,0
192563103,2499782,8125,1646,1H,86,62,18.439089,12,0,0
192563104,2499782,77558,1623,1H,71,46,29.274562,4,0,0
192563154,2499782,145692,1623,1H,79,36,25.238859,14,0,0
192563264,2499782,284476,1623,2H,77,54,23.345235,4,0,0
192563325,2499782,25706,1623,2H,72,50,28.000000,0,0,0
192563404,2499782,293687,1623,2H,75,50,25.000000,0,0,0
192563512,2499782,145692,1623,2H,94,48,6.324555,2,1,0
192563631,2499782,293687,1623,2H,89,59,14.212670,9,1,0
192563806,2499782,145692,1623,2H,90,43,12.206556,7,0,0
192563836,2499782,7944,1623,2H,73,62,29.546573,12,0,0
192563885,2499782,25706,1623,2H,77,52,23.086793,2,0,0
192563904,2499782,7944,1623,2H,72,54,28.284271,4,0,0
192563937,2499782,7944,1623,2H,95,49,5.099020,1,1,0
192563947,2499782,353236,1623,2H,80,41,21.931712,9,0,0
192563979,2499782,293687,1623,2H,88,35,19.209373,15,0,0
192564028,2499782,77546,1623,2H,90,41,13.453624,9,1,0
192564049,2499782,5911,1623,2H,80,35,25.000000,15,0,0
192564050,2499782,77558,1623,2H,71,51,29.017236,1,0,0
192168506,2499783,11078,1673,1H,80,73,30.479501,23,0,0
192168555,2499783,8717,1624,1H,95,68,18.681542,18,0,0
192168557,2499783,173,1673,1H,86,42,16.124515,8,0,0
192168693,2499783,62389,1673,1H,90,35,18.027756,15,0,0
192168715,2499783,8717,1624,1H,91,62,15.000000,12,0,1
192168845,2499783,136441,1624,1H,91,40,13.453624,10,0,1
192168862,2499783,8717,1624,1H,74,30,32.802439,20,0,0
192168892,2499783,8717,1624,1H,91,41,12.727922,9,0,0
192168980,2499783,8717,1624,1H,78,49,22.022716,1,0,1
192169117,2499783,13484,1624,1H,93,62,13.892444,12,0,0
192169125,2499783,13484,1624,1H,95,62,13.000000,12,1,0
192169191,2499783,38377,1673,1H,81,72,29.068884,22,0,0
192169747,2499783,48,1624,2H,74,46,26.305893,4,0,0
192169859,2499783,54,1624,2H,87,40,16.401219,10,0,0
192169941,2499783,210044,1624,2H,82,50,18.000000,0,0,0
192170181,2499783,25804,1624,2H,91,64,16.643317,14,0,0
192170253,2499783,25804,1624,2H,92,49,8.062258,1,0,1
193563212,2499783,173,1673,2H,76,56,24.738634,6,0,0
193563276,2499783,173,1673,2H,71,66,33.120990,16,0,0
192223012,2499784,7906,1611,1H,87,52,13.152946,2,0,1
192223166,2499784,70122,1611,1H,78,44,22.803509,6,0,0
192223206,2499784,7938,1611,1H,70,66,34.000000,16,0,0
192223229,2499784,7938,1611,1H,74,71,33.421550,21,0,0
192223646,2499784,8249,1611,1H,97,58,8.544004,8,0,1
192223658,2499784,25865,1628,1H,86,28,26.076810,22,0,0
192223764,2499784,7922,1611,1H,94,58,10.000000,8,1,0
192223806,2499784,397178,1611,1H,94,34,17.088007,16,0,0
192223819,2499784,105338,1611,1H,92,35,17.000000,15,0,0
192223956,2499784,7905,1611,2H,93,46,8.062258,4,0,0
192223994,2499784,397178,1611,2H,86,47,14.317821,3,0,0
192224015,2499784,8249,1611,2H,97,51,3.162278,1,1,1
192224055,2499784,8501,1628,2H,90,59,13.453624,9,1,0
192224179,2499784,25865,1628,2H,78,24,34.058773,26,0,0
192224195,2499784,7939,1611,2H,87,34,20.615528,16,0,0
192224251,2499784,8501,1628,2H,81,26,30.610456,24,0,0
192224300,2499784,7988,1628,2H,75,59,26.570661,9,0,0
192224344,2499784,25865,1628,2H,90,50,10.000000,0,0,0
192224387,2499784,7905,1611,2H,89,48,11.180340,2,0,0
192224427,2499784,7934,1611,2H,83,37,21.400935,13,0,0
192224551,2499784,134513,1611,2H,92,38,14.422205,12,0,0
192224627,2499784,7905,1611,2H,96,52,4.472136,2,0,1
195044621,2499784,25430,1628,1H,94,48,6.324555,2,1,0
192633585,2499785,7967,1613,1H,75,54,25.317978,4,0,0
192633619,2499785,7967,1613,1H,78,29,30.413813,21,0,0
192633650,2499785,8833,1613,1H,68,50,32.000000,0,0,0
192633670,2499785,7907,1612,1H,75,42,26.248809,8,0,0
192633753,2499785,9227,1613,1H,79,71,29.698485,21,0,0
192633941,2499785,7907,1612,1H,90,55,11.180340,5,0,0
192634008,2499785,25747,1612,1H,98,37,13.152946,13,0,0
192634134,2499785,116,1612,1H,93,56,9.219544,6,0,0
192634147,2499785,25393,1612,1H,96,51,4.123106,1,0,0
192634148,2499785,25747,1612,1H,96,34,16.492423,16,0,0
192634249,2499785,3802,1612,1H,78,33,27.802878,17,0,1
192634269,2499785,3802,1612,1H,76,57,25.000000,7,0,0
192634318,2499785,7967,1613,2H,68,42,32.984845,8,0,0
192634695,2499785,116,1612,2H,90,51,10.049876,1,1,0
192634739,2499785,7907,1612,2H,89,40,14.866069,10,0,0
192634740,2499785,120353,1612,2H,87,47,13.341664,3,0,0
192634780,2499785,3802,1612,2H,78,37,25.553865,13,0,0
192634864,2499785,230883,1613,2H,73,57,27.892651,7,0,0
192634868,2499785,7907,1612,2H,82,52,18.110770,2,0,0
192634913,2499785,8620,1613,2H,90,47,10.440307,3,0,0
192635204,2499785,286831,1612,2H,88,43,13.892444,7,1,0
192635213,2499785,3802,1612,2H,72,45,28.442925,5,0,0
192635264,2499785,7868,1612,2H,95,51,5.099020,1,1,0
192700760,2499785,3327,1613,1H,88,45,13.000000,5,0,1
192326410,2499786,383,1619,1H,91,65,17.492856,15,0,0
192326476,2499786,29640,1619,1H,73,39,29.154759,11,0,0
192326547,2499786,8116,1619,1H,87,42,15.264338,8,0,0
192326617,2499786,8384,1619,1H,94,62,13.416408,12,0,0
192326619,2499786,15198,1639,1H,76,32,30.000000,18,0,0
192326635,2499786,77548,1639,1H,75,38,27.730849,12,0,0
192326701,2499786,25854,1639,1H,69,69,36.359318,19,0,0
192326739,2499786,15054,1639,1H,86,78,31.304952,28,0,0
192326744,2499786,7932,1639,1H,83,52,17.117243,2,0,0
192326788,2499786,8116,1619,1H,87,65,19.849433,15,0,0
192326871,2499786,49872,1639,1H,89,36,17.804494,14,0,0
192326875,2499786,15054,1639,1H,88,68,21.633308,18,0,0
192326914,2499786,70389,1619,1H,88,70,23.323808,20,0,0
192327067,2499786,70389,1619,1H,71,80,41.725292,30,0,0
192327181,2499786,8384,1619,2H,94,47,6.708204,3,1,0
192327240,2499786,8384,1619,2H,93,42,10.630146,8,1,0
192327267,2499786,370,1619,2H,93,42,10.630146,8,1,0
192327370,2499786,7932,1639,1H,75,70,32.015621,20,0,0
192327381,2499786,15054,1639,1H,94,58,10.000000,8,1,1
192327448,2499786,20857,1619,2H,84,39,19.416488,11,0,0
192327514,2499786,29640,1619,2H,76,59,25.632011,9,0,0
192327548,2499786,383,1619,2H,81,51,19.026298,1,0,0
192327550,2499786,8384,1619,2H,94,38,13.416408,12,1,0
192327558,2499786,703,1619,2H,93,49,7.071068,1,0,1
192327568,2499786,58978,1639,2H,92,40,12.806248,10,0,0
192327635,2499786,703,1619,2H,97,38,12.369317,12,0,0
192327733,2499786,70389,1619,2H,92,64,16.124515,14,0,0
192327759,2499786,370,1619,2H,85,43,16.552945,7,0,0
192327763,2499786,8384,1619,2H,91,61,14.212670,11,1,0
192327766,2499786,8953,1619,2H,83,49,17.029386,1,0,0
192328019,2499786,8747,1639,2H,98,48,2.828427,2,0,1
192328099,2499786,15198,1639,2H,97,42,8.544004,8,0,0
192328100,2499786,15198,1639,1H,83,59,19.235384,9,0,0
192328101,2499786,15198,1639,1H,91,68,20.124612,18,0,0
192333061,2499787,3577,1627,1H,97,38,12.369317,12,0,1
192333093,2499787,7914,1627,1H,99,52,2.236068,2,1,1
192333180,2499787,8958,1627,1H,87,28,25.553865,22,0,0
192333313,2499787,377071,1644,1H,95,36,14.866069,14,1,0
192333388,2499787,70156,1644,1H,96,52,4.472136,2,1,0
192333425,2499787,8889,1644,1H,95,55,7.071068,5,1,0
192333432,2499787,28292,1644,1H,89,38,16.278821,12,1,1
192333487,2499787,25798,1644,1H,75,61,27.313001,11,0,0
192333511,2499787,377071,1644,1H,93,47,7.615773,3,1,0
192333557,2499787,9414,1627,2H,88,34,20.000000,16,0,0
192333568,2499787,377071,1644,1H,78,26,32.557641,24,0,0
192333719,2499787,8958,1627,2H,70,63,32.695565,13,0,0
192333841,2499787,8530,1627,2H,78,65,26.627054,15,0,0
192333899,2499787,25798,1644,2H,81,43,20.248457,7,0,0
192333980,2499787,25798,1644,2H,73,40,28.792360,10,0,0
192334096,2499787,377071,1644,2H,82,36,22.803509,14,0,0
192334116,2499787,8530,1627,2H,87,61,17.029386,11,0,0
192334158,2499787,20593,1644,2H,81,39,21.954498,11,0,0
192334162,2499787,119951,1627,1H,97,45,5.830952,5,1,0
192334237,2499787,377071,1644,2H,94,54,7.211103,4,1,0
192334304,2499787,10663,1644,2H,87,63,18.384776,13,0,0
192334443,2499787,377071,1644,2H,96,50,4.000000,0,1,1
192328650,2499788,471,10531,1H,70,59,31.320920,9,0,0
192328748,2499788,8192,10531,1H,71,33,33.615473,17,0,0
192328759,2499788,8976,10531,1H,84,42,17.888544,8,0,0
192328784,2499788,8677,1633,1H,89,65,18.601075,15,0,0
192328817,2499788,343951,10531,1H,85,56,16.155494,6,0,0
192328896,2499788,7970,1633,1H,79,54,21.377558,4,0,0
192329777,2499788,8192,10531,2H,71,33,33.615473,17,0,0
192330104,2499788,7970,1633,2H,86,50,14.000000,0,0,0
192330113,2499788,7970,1633,2H,72,30,34.409301,20,0,0
192330135,2499788,26610,1633,2H,97,54,5.000000,4,0,1
192330160,2499788,7970,1633,2H,85,27,27.459060,23,0,0
196545481,2499789,77558,1623,1H,73,41,28.460499,9,0,0
196545622,2499789,77558,1623,1H,76,53,24.186773,3,0,0
196545822,2499789,25706,1623,1H,79,71,29.698485,21,0,0
196545897,2499789,293687,1623,1H,90,40,14.142136,10,1,0
196546048,2499789,25706,1623,1H,71,43,29.832868,7,0,0
196546059,2499789,25950,1651,1H,84,56,17.088007,6,0,0
196546062,2499789,9097,1651,1H,97,64,14.317821,14,0,0
196546258,2499789,8086,1651,1H,74,48,26.076810,2,0,0
196546605,2499789,8242,1651,2H,96,63,13.601471,13,1,0
196546612,2499789,355937,1623,2H,88,72,25.059928,22,0,0
196546640,2499789,293687,1623,2H,91,34,18.357560,16,1,0
196546680,2499789,284476,1623,2H,87,76,29.068884,26,0,0
196546752,2499789,91381,1651,2H,78,37,25.553865,13,0,0
196546761,2499789,25950,1651,2H,95,62,13.000000,12,0,0
196546790,2499789,91381,1651,2H,80,29,29.000000,21,0,0
196546840,2499789,91381,1651,2H,92,54,8.944272,4,0,0
196546842,2499789,25950,1651,2H,92,58,11.313708,8,0,1
196546910,2499789,255935,1651,2H,85,52,15.132746,2,0,0
196546941,2499789,293687,1623,2H,92,41,12.041595,9,0,0
196546971,2499789,466,1651,2H,81,62,22.472205,12,0,0
196547051,2499789,145692,1623,2H,79,50,21.000000,0,0,0
196547167,2499789,92922,1623,2H,90,41,13.453624,9,0,0
196338229,2499790,8677,1633,1H,73,57,27.892651,7,0,0
196338249,2499790,11294,1646,1H,73,30,33.600595,20,0,0
196338318,2499790,9206,1646,1H,89,54,11.704700,4,1,0
196338410,2499790,8677,1633,1H,94,57,9.219544,7,0,1
196338425,2499790,70092,1646,1H,77,63,26.419690,13,0,0
196338442,2499790,9623,1646,1H,72,46,28.284271,4,0,0
196338452,2499790,11294,1646,1H,80,59,21.931712,9,0,0
196338559,2499790,8944,1646,1H,92,45,9.433981,5,1,0
196338658,2499790,8980,1646,1H,72,63,30.870698,13,0,0
196338786,2499790,41174,1633,1H,80,55,20.615528,5,0,0
196338796,2499790,70092,1646,1H,82,70,26.907248,20,0,0
196338954,2499790,20620,1633,2H,75,47,25.179357,3,0,0
196339026,2499790,8677,1633,2H,86,46,14.560220,4,0,0
196339074,2499790,93,1646,2H,80,67,26.248809,17,0,0
196339098,2499790,93,1646,2H,86,51,14.035669,1,0,0
196339099,2499790,70092,1646,2H,76,60,26.000000,10,0,0
196339137,2499790,8677,1633,2H,80,72,29.732137,22,0,0
196339167,2499790,20620,1633,2H,75,44,25.709920,6,0,0
196339205,2499790,9127,1646,2H,90,50,10.000000,0,1,0
196339227,2499790,8125,1646,2H,93,35,16.552945,15,0,0
196339388,2499790,8125,1646,2H,86,33,22.022716,17,0,0
196339403,2499790,9206,1646,2H,94,47,6.708204,3,1,1
196339447,2499790,9623,1646,2H,83,80,34.481879,30,0,0
196339484,2499790,93,1646,2H,79,51,21.023796,1,0,0
196351165,2499791,8422,1628,1H,95,61,12.083046,11,0,0
196351288,2499791,8471,1628,1H,77,26,33.241540,24,0,0
196351426,2499791,28291,1610,1H,90,54,10.770330,4,1,1
196351596,2499791,8422,1628,1H,91,70,21.931712,20,0,0
196351942,2499791,8471,1628,1H,76,47,24.186773,3,0,0
196352042,2499791,3350,1610,2H,70,49,30.016662,1,0,0
196352071,2499791,8422,1628,1H,92,30,21.540659,20,0,1
196352083,2499791,3350,1610,2H,70,71,36.619667,21,0,0
196352138,2499791,7988,1628,2H,71,49,29.017236,1,0,0
196352210,2499791,22889,1610,2H,73,76,37.483330,26,0,0
196352216,2499791,3360,1610,2H,72,16,44.045431,34,0,0
196352252,2499791,8032,1610,2H,85,38,19.209373,12,1,0
196352349,2499791,3360,1610,2H,75,61,27.313001,11,0,0
196352399,2499791,22889,1610,2H,73,62,29.546573,12,0,0
196352452,2499791,212651,1610,2H,87,53,13.341664,3,0,0
196352472,2499791,28291,1610,2H,68,49,32.015621,1,0,0
196352481,2499791,8032,1610,2H,88,57,13.892444,7,1,0
196352529,2499791,212651,1610,2H,70,38,32.310989,12,0,0
196352755,2499791,3350,1610,2H,94,64,15.231546,14,0,0
196352833,2499791,8142,1628,2H,94,35,16.155494,15,0,0
196352853,2499791,8471,1628,2H,69,47,31.144823,3,0,0
196352855,2499791,454,1628,2H,92,47,8.544004,3,0,0
196352861,2499791,454,1628,2H,80,27,30.479501,23,0,0
196352876,2499791,8471,1628,2H,91,67,19.235384,17,0,0
196352900,2499791,397168,1628,2H,86,61,17.804494,11,0,0
196378519,2499791,8032,1610,1H,88,48,12.165525,2,0,0
197096453,2499792,8013,1631,1H,82,48,18.110770,2,0,0
197096536,2499792,261,1627,1H,84,46,16.492423,4,0,0
197096860,2499792,149019,1631,1H,86,68,22.803509,18,0,0
197096862,2499792,3928,1631,1H,87,44,14.317821,6,0,0
197096962,2499792,25537,1627,1H,73,60,28.792360,10,0,0
197097066,2499792,8653,1631,2H,96,36,14.560220,14,1,0
197097115,2499792,26150,1631,2H,91,54,9.848858,4,0,0
197097390,2499792,25537,1627,2H,71,64,32.202484,14,0,0
197097509,2499792,265366,1631,2H,68,54,32.249031,4,0,0
197097559,2499792,26150,1631,2H,89,60,14.866069,10,0,1
197097580,2499792,8653,1631,2H,70,72,37.202150,22,0,0
196237632,2499793,116,1612,1H,89,44,12.529964,6,0,0
196237680,2499793,21095,1611,1H,72,48,28.071338,2,0,0
196237726,2499793,14870,1612,1H,76,76,35.383612,26,0,0
196237732,2499793,134513,1611,1H,78,15,41.340053,35,0,0
196237836,2499793,116,1612,1H,77,65,27.459060,15,0,0
196237867,2499793,257899,1612,1H,89,72,24.596748,22,0,0
196237959,2499793,15808,1612,1H,68,75,40.607881,25,0,0
196238221,2499793,70122,1611,1H,75,52,25.079872,2,0,0
196238260,2499793,105338,1611,1H,75,54,25.317978,4,0,0
196238316,2499793,14870,1612,1H,90,42,12.806248,8,0,0
196238321,2499793,120353,1612,1H,89,67,20.248457,17,0,0
196238453,2499793,7905,1611,1H,87,40,16.401219,10,0,0
196238455,2499793,120353,1612,1H,86,70,24.413111,20,0,0
196238456,2499793,7939,1611,1H,86,63,19.104973,13,0,0
196238663,2499793,15808,1612,2H,87,23,29.966648,27,0,0
196238699,2499793,15808,1612,2H,80,66,25.612497,16,0,0
196238795,2499793,3802,1612,2H,72,36,31.304952,14,0,0
196238796,2499793,116,1612,2H,87,53,13.341664,3,0,0
196238819,2499793,18550,1612,2H,95,55,7.071068,5,0,0
196238988,2499793,120353,1612,2H,82,61,21.095023,11,0,0
196239216,2499793,120353,1612,2H,76,59,25.632011,9,0,0
196239299,2499793,7907,1612,2H,91,65,17.492856,15,1,0
196239366,2499793,25393,1612,2H,90,45,11.180340,5,1,0
196239382,2499793,14870,1612,2H,93,60,12.206556,10,1,0
196254571,2499794,245364,1625,1H,91,35,17.492856,15,0,0
196254660,2499794,11066,1625,1H,86,71,25.238859,21,0,0
196254733,2499794,70086,1625,1H,92,52,8.246211,2,1,0
196254795,2499794,8464,1625,1H,74,21,38.948684,29,0,0
196254820,2499794,340386,1625,1H,92,50,8.000000,0,0,1
196254852,2499794,11066,1625,1H,93,58,10.630146,8,0,1
196254959,2499794,25854,1639,1H,75,70,32.015621,20,0,0
196255029,2499794,8317,1625,1H,92,42,11.313708,8,0,1
196255140,2499794,15054,1639,1H,89,69,21.954498,19,0,1
196255352,2499794,245364,1625,1H,83,74,29.410882,24,0,0
196255387,2499794,38021,1625,1H,84,56,17.088007,6,0,0
196255415,2499794,15054,1639,2H,94,46,7.211103,4,1,0
196255424,2499794,38021,1625,2H,84,51,16.031220,1,0,0
196255485,2499794,340386,1625,2H,91,48,9.219544,2,0,1
196255567,2499794,105339,1625,2H,74,67,31.064449,17,0,1
196255600,2499794,245364,1625,2H,96,39,11.704700,11,0,1
196255698,2499794,58978,1639,2H,87,65,19.849433,15,0,0
196255807,2499794,8317,1625,2H,80,72,29.732137,22,0,0
196255854,2499794,15054,1639,2H,82,61,21.095023,11,1,0
196255928,2499794,265673,1625,2H,93,56,9.219544,6,0,1
196256011,2499794,15054,1639,2H,75,39,27.313001,11,0,0
196256090,2499794,8317,1625,2H,85,61,18.601075,11,0,0
196629388,2499795,383,1619,1H,80,66,25.612497,16,0,0
196629454,2499795,383,1619,1H,96,59,9.848858,9,1,0
196629460,2499795,70215,1613,1H,82,39,21.095023,11,0,0
196629568,2499795,370,1619,1H,92,42,11.313708,8,1,0
196629650,2499795,8833,1613,1H,93,46,8.062258,4,1,0
196629685,2499795,70215,1613,1H,88,47,12.369317,3,0,0
196629686,2499795,134294,1613,1H,80,48,20.099751,2,0,1
196629699,2499795,29640,1619,1H,78,68,28.425341,18,0,0
196629878,2499795,8384,1619,1H,90,66,18.867962,16,0,0
196629890,2499795,7899,1619,1H,76,71,31.890437,21,0,0
196629966,2499795,383,1619,1H,91,31,21.023796,19,0,0
196630005,2499795,8384,1619,1H,87,51,13.038405,1,0,0
196630076,2499795,70215,1613,1H,97,41,9.486833,9,0,0
196630093,2499795,3327,1613,1H,92,34,17.888544,16,0,0
196630126,2499795,3327,1613,2H,97,56,6.708204,6,0,0
196630161,2499795,20857,1619,2H,86,59,16.643317,9,0,1
196630267,2499795,70389,1619,2H,78,73,31.827661,23,0,0
196630292,2499795,230883,1613,2H,87,70,23.853721,20,0,0
196630294,2499795,230883,1613,2H,99,63,13.038405,13,0,1
196630403,2499795,29640,1619,2H,70,49,30.016662,1,0,0
196630486,2499795,9227,1613,2H,75,57,25.961510,7,0,0
196630578,2499795,70215,1613,2H,77,59,24.698178,9,0,0
196630652,2499795,3523,1613,2H,86,30,24.413111,20,0,0
196630730,2499795,3523,1613,2H,91,39,14.212670,11,1,0
196630780,2499795,9227,1613,2H,83,58,18.788294,8,0,0
196630936,2499795,12536,1613,2H,87,32,22.203603,18,0,0
196630960,2499795,3523,1613,2H,91,53,9.486833,3,1,0
196631027,2499795,7967,1613,2H,73,44,27.658633,6,0,0
196631030,2499795,293686,1613,2H,77,67,28.600699,17,0,0
196353271,2499796,343951,10531,1H,88,72,25.059928,22,0,0
196353276,2499796,25571,10531,1H,89,45,12.083046,5,0,0
196353473,2499796,9419,1673,1H,87,56,14.317821,6,0,0
196353779,2499796,16122,1673,1H,92,27,24.351591,23,0,0
196353824,2499796,343951,10531,1H,90,52,10.198039,2,0,1
196353874,2499796,9419,1673,1H,92,50,8.000000,0,0,0
196354026,2499796,25571,10531,2H,93,60,12.206556,10,0,0
196354031,2499796,343951,10531,2H,98,52,2.828427,2,0,1
196354299,2499796,173,1673,2H,76,39,26.400758,11,0,0
196354715,2499796,173,1673,2H,76,40,26.000000,10,0,0
196354722,2499796,61962,10531,2H,76,25,34.655447,25,0,0
196354737,2499796,173,1673,2H,88,29,24.186773,21,0,0
196354892,2499796,38377,1673,2H,71,61,31.016125,11,0,0
196336308,2499797,13484,1624,1H,82,45,18.681542,5,0,0
196336321,2499797,13484,1624,1H,93,46,8.062258,4,0,0
196336481,2499797,8959,1659,1H,87,44,14.317821,6,0,0
196336515,2499797,302518,1659,1H,81,66,24.839485,16,0,0
196336604,2499797,54,1624,1H,73,63,29.966648,13,0,0
196336629,2499797,8717,1624,1H,87,66,20.615528,16,0,0
196336634,2499797,36,1624,1H,92,52,8.246211,2,1,0
196336759,2499797,240070,1624,1H,75,32,30.805844,18,0,0
196336787,2499797,48,1624,1H,89,39,15.556349,11,1,0
196336835,2499797,54,1624,2H,87,61,17.029386,11,0,1
196336924,2499797,14911,1624,2H,73,74,36.124784,24,0,0
196336952,2499797,8717,1624,2H,79,78,35.000000,28,0,0
196337128,2499797,8717,1624,2H,90,44,11.661904,6,0,0
196337130,2499797,8717,1624,2H,89,48,11.180340,2,0,0
196337180,2499797,54,1624,2H,78,70,29.732137,20,0,0
196337186,2499797,8717,1624,2H,76,45,24.515301,5,0,0
196337198,2499797,8717,1624,2H,83,52,17.117243,2,0,0
196337518,2499797,54,1624,2H,84,36,21.260292,14,0,0
196337564,2499797,8717,1624,2H,82,64,22.803509,14,0,0
196337600,2499797,210044,1624,2H,87,57,14.764823,7,0,0
196337638,2499797,13484,1624,2H,96,48,4.472136,2,1,0
196337645,2499797,8296,1659,2H,94,63,14.317821,13,0,0
196337660,2499797,9637,1659,2H,91,36,16.643317,14,1,0
196273742,2499798,20593,1644,1H,94,50,6.000000,0,1,0
196273999,2499798,120339,1609,1H,71,77,39.623226,27,0,0
196274137,2499798,377071,1644,1H,88,50,12.000000,0,1,0
196274282,2499798,49876,1609,1H,78,54,22.360680,4,0,0
196274287,2499798,167145,1609,1H,89,58,13.601471,8,0,0
196274299,2499798,49876,1609,1H,77,44,23.769729,6,0,0
196274522,2499798,377071,1644,2H,84,27,28.017851,23,0,0
196274649,2499798,230020,1609,2H,94,31,19.924859,19,0,0
196274727,2499798,3319,1609,2H,82,47,18.248288,3,0,0
196274856,2499798,377071,1644,2H,87,25,28.178006,25,0,0
196274891,2499798,7929,1644,2H,69,73,38.600518,23,0,0
196275040,2499798,3560,1609,2H,71,42,30.083218,8,0,0
196275041,2499798,25798,1644,2H,84,40,18.867962,10,0,0
196275118,2499798,70156,1644,2H,83,26,29.410882,24,0,0
196275119,2499798,26010,1609,2H,85,41,17.492856,9,1,0
196275173,2499798,8903,1644,2H,87,30,23.853721,20,0,0
196275183,2499798,92899,1644,2H,72,22,39.597980,28,0,0
196275185,2499798,25798,1644,2H,91,38,15.000000,12,0,0
196275186,2499798,7929,1644,2H,91,47,9.486833,3,0,1
196275203,2499798,7856,1609,1H,93,53,7.615773,3,1,1
198368121,2499799,3360,1610,1H,76,66,28.844410,16,0,1
198368190,2499799,92899,1644,1H,79,55,21.587033,5,0,0
198368230,2499799,3350,1610,1H,91,66,18.357560,16,0,0
198368362,2499799,28291,1610,1H,80,40,22.360680,10,0,0
198368381,2499799,3360,1610,1H,75,60,26.925824,10,0,0
198368494,2499799,7929,1644,1H,86,30,24.413111,20,0,0
198368503,2499799,7892,1610,1H,75,45,25.495098,5,0,0
198368520,2499799,377071,1644,1H,82,28,28.425341,22,0,0
198368685,2499799,3350,1610,1H,75,44,25.709920,6,0,0
198368690,2499799,7892,1610,1H,81,57,20.248457,7,0,0
198368825,2499799,28292,1644,1H,89,65,18.601075,15,0,1
198368889,2499799,3360,1610,2H,70,53,30.149627,3,0,0
198368913,2499799,377071,1644,2H,94,47,6.708204,3,0,0
198368928,2499799,20593,1644,2H,90,57,12.206556,7,0,1
198368965,2499799,377071,1644,2H,96,47,5.000000,3,1,0
198369007,2499799,8903,1644,2H,84,54,16.492423,4,0,0
198369169,2499799,70156,1644,2H,83,55,17.720045,5,0,0
198369222,2499799,377071,1644,2H,96,60,10.770330,10,0,0
198369306,2499799,38093,1610,2H,87,57,14.764823,7,1,1
198369322,2499799,68085,1644,2H,93,45,8.602325,5,1,0
198369345,2499799,7929,1644,2H,85,52,15.132746,2,0,0
198369420,2499799,38093,1610,2H,80,28,29.732137,22,0,0
198369457,2499799,38093,1610,2H,85,61,18.601075,11,0,0
198369555,2499799,68085,1644,2H,91,52,9.219544,2,1,0
198369571,2499799,25553,1610,2H,91,38,15.000000,12,1,1
198369664,2499799,38093,1610,2H,89,50,11.000000,0,0,1
198369681,2499799,377071,1644,1H,80,22,34.409301,28,0,0
198774219,2499800,7870,1609,1H,87,40,16.401219,10,0,0
198774270,2499800,14869,1609,1H,85,63,19.849433,13,0,0
198774318,2499800,7944,1623,1H,79,58,22.472205,8,0,1
198774361,2499800,25413,1609,1H,91,54,9.848858,4,0,0
198774363,2499800,49876,1609,1H,82,53,18.248288,3,0,0
198774462,2499800,8239,1623,1H,91,29,22.847319,21,1,0
198774466,2499800,7870,1609,1H,96,61,11.704700,11,0,0
198774480,2499800,7870,1609,1H,76,68,30.000000,18,0,0
198774506,2499800,25413,1609,1H,89,68,21.095023,18,0,0
198774562,2499800,293687,1623,1H,89,57,13.038405,7,1,0
198774787,2499800,14869,1609,1H,87,68,22.203603,18,0,0
198774789,2499800,167145,1609,1H,79,60,23.259407,10,0,0
198774937,2499800,3361,1609,1H,81,24,32.202484,26,0,0
198774938,2499800,49876,1609,1H,77,38,25.942244,12,0,0
198774939,2499800,3560,1609,1H,90,38,15.620499,12,0,1
198774948,2499800,167145,1609,1H,91,66,18.357560,16,0,0
198774984,2499800,3361,1609,1H,95,40,11.180340,10,0,0
198775012,2499800,49876,1609,1H,70,60,31.622777,10,0,0
198775066,2499800,7919,1623,2H,89,63,17.029386,13,1,0
198775177,2499800,284476,1623,2H,89,64,17.804494,14,0,0
198775182,2499800,3319,1609,2H,93,42,10.630146,8,1,1
198775213,2499800,7870,1609,2H,89,57,13.038405,7,0,0
198775319,2499800,3361,1609,2H,92,38,14.422205,12,0,0
198775509,2499800,25413,1609,2H,91,58,12.041595,8,0,1
198775541,2499800,353236,1623,2H,69,28,38.013156,22,0,0
198775604,2499800,7870,1609,2H,88,38,16.970563,12,0,0
198775636,2499800,3361,1609,2H,92,56,10.000000,6,1,0
198775656,2499800,49876,1609,2H,76,52,24.083189,2,0,0
198775705,2499800,167145,1609,2H,86,67,22.022716,17,0,0
198775757,2499800,14869,1609,2H,91,43,11.401754,7,1,0
198775778,2499800,7870,1609,2H,90,38,15.620499,12,0,1
198775848,2499800,145692,1623,2H,93,45,8.602325,5,0,1
198775864,2499800,3361,1609,2H,90,68,20.591260,18,0,1
198420516,2499801,7905,1611,1H,89,37,17.029386,13,0,0
198420603,2499801,16122,1673,1H,86,64,19.798990,14,0,0
198420750,2499801,3413,1611,1H,80,58,21.540659,8,0,0
198420779,2499801,7905,1611,1H,90,49,10.049876,1,0,0
198420841,2499801,9419,1673,1H,92,41,12.041595,9,0,0
198420844,2499801,62389,1673,1H,90,41,13.453624,9,0,1
198420928,2499801,38377,1673,1H,88,50,12.000000,0,0,1
198420960,2499801,3413,1611,1H,76,34,28.844410,16,0,0
198421312,2499801,70122,1611,1H,87,47,13.341664,3,0,0
198421534,2499801,7939,1611,2H,76,51,24.020824,1,0,0
198421558,2499801,173,1673,2H,79,36,25.238859,14,0,0
198421961,2499801,3413,1611,2H,91,47,9.486833,3,1,0
198422007,2499801,397178,1611,2H,94,47,6.708204,3,1,1
198422270,2499801,7922,1611,2H,89,41,14.212670,9,0,0
198517524,2499802,38021,1625,1H,80,77,33.600595,27,0,0
198517710,2499802,8464,1625,1H,74,49,26.019224,1,0,0
198517822,2499802,265673,1625,1H,90,46,10.770330,4,0,0
198517914,2499802,38021,1625,1H,91,39,14.212670,11,0,0
198518077,2499802,8325,1625,1H,84,68,24.083189,18,0,0
198518125,2499802,11294,1646,1H,82,41,20.124612,9,0,0
198518130,2499802,8944,1646,1H,87,64,19.104973,14,1,0
198518143,2499802,8325,1625,1H,96,68,18.439089,18,0,0
198518190,2499802,8325,1625,1H,87,29,24.698178,21,0,0
198518192,2499802,265673,1625,1H,89,48,11.180340,2,0,0
198518407,2499802,8317,1625,2H,75,39,27.313001,11,0,0
198518756,2499802,8317,1625,2H,93,36,15.652476,14,0,0
198518763,2499802,70086,1625,2H,90,55,11.180340,5,1,1
198518773,2499802,245364,1625,2H,89,29,23.706539,21,0,1
198518915,2499802,340386,1625,2H,94,39,12.529964,11,0,0
198518945,2499802,93,1646,2H,87,66,20.615528,16,0,0
198518975,2499802,93,1646,2H,77,46,23.345235,4,0,0
198519056,2499802,9123,1646,2H,81,70,27.586228,20,0,0
198519091,2499802,245364,1625,2H,83,36,22.022716,14,0,0
198542871,2499803,7967,1613,1H,77,44,23.769729,6,0,0
198543023,2499803,9227,1613,1H,88,68,21.633308,18,0,0
198543093,2499803,70215,1613,1H,91,32,20.124612,18,0,0
198543482,2499803,8620,1613,2H,78,56,22.803509,6,0,0
198543488,2499803,7967,1613,2H,75,68,30.805844,18,0,0
198543537,2499803,70215,1613,2H,78,56,22.803509,6,0,0
198543608,2499803,339789,1613,2H,93,48,7.280110,2,1,1
198543828,2499803,7988,1628,1H,81,49,19.026298,1,0,0
198543890,2499803,8501,1628,1H,91,27,24.698178,23,0,0
198543947,2499803,127537,1628,1H,96,59,9.848858,9,0,0
198543977,2499803,8422,1628,1H,96,41,9.848858,9,1,0
198543996,2499803,127537,1628,1H,67,56,33.541020,6,0,0
198544194,2499803,454,1628,2H,76,55,24.515301,5,0,0
198544241,2499803,8471,1628,2H,90,70,22.360680,20,0,0
198449925,2499804,8314,1627,1H,76,29,31.890437,21,0,0
198449954,2499804,703,1619,1H,94,60,11.661904,10,1,0
198450130,2499804,29640,1619,1H,67,57,33.734256,7,0,0
198450258,2499804,383,1619,1H,90,37,16.401219,13,0,0
198450283,2499804,7899,1619,1H,98,51,2.236068,1,0,0
198450320,2499804,370,1619,1H,72,47,28.160256,3,0,0
198450392,2499804,8384,1619,1H,96,46,5.656854,4,0,0
198450422,2499804,5281,1627,1H,79,22,35.000000,28,0,0
198450600,2499804,703,1619,1H,94,49,6.082763,1,1,0
198450602,2499804,703,1619,1H,87,47,13.341664,3,0,0
198450728,2499804,29640,1619,2H,69,62,33.241540,12,0,0
198450754,2499804,8958,1627,2H,79,58,22.472205,8,0,0
198450815,2499804,7853,1627,2H,88,40,15.620499,10,1,0
198450817,2499804,20857,1619,2H,91,51,9.055385,1,1,0
198450851,2499804,20857,1619,2H,84,32,24.083189,18,0,0
198450857,2499804,8384,1619,2H,81,27,29.832868,23,0,0
198450869,2499804,8958,1627,2H,88,58,14.422205,8,0,0
198451061,2499804,261,1627,2H,80,78,34.409301,28,0,0
198451121,2499804,70389,1619,2H,69,52,31.064449,2,0,0
198451184,2499804,20857,1619,2H,82,55,18.681542,5,0,0
198451243,2499804,383,1619,2H,88,66,20.000000,16,0,0
198451293,2499804,383,1619,2H,78,60,24.166092,10,0,0
198451369,2499804,8116,1619,2H,81,27,29.832868,23,0,0
198451438,2499804,215983,1619,2H,86,45,14.866069,5,0,1
198451538,2499804,8953,1619,2H,98,68,18.110770,18,0,0
198536795,2499805,7957,1639,1H,96,61,11.704700,11,0,0
198536947,2499805,8351,1659,1H,79,61,23.706539,11,0,1
198536958,2499805,3326,1639,1H,83,39,20.248457,11,0,0
198536970,2499805,15054,1639,1H,95,66,16.763055,16,0,0
198537044,2499805,15198,1639,1H,95,56,7.810250,6,1,0
198537098,2499805,8731,1639,1H,93,47,7.615773,3,0,0
198537124,2499805,7957,1639,1H,93,70,21.189620,20,0,0
198537139,2499805,3326,1639,1H,76,33,29.410882,17,0,0
198537246,2499805,77548,1639,2H,88,51,12.041595,1,0,0
198537283,2499805,15198,1639,2H,94,43,9.219544,7,1,0
198537343,2499805,15054,1639,2H,95,52,5.385165,2,0,1
198537345,2499805,245813,1659,1H,73,64,30.413813,14,0,0
198537388,2499805,15198,1639,2H,77,55,23.537205,5,0,0
198537577,2499805,9739,1659,1H,89,65,18.601075,15,0,0
198537666,2499805,15198,1639,2H,94,44,8.485281,6,1,0
198537696,2499805,9532,1639,2H,84,61,19.416488,11,0,0
198537751,2499805,134351,1659,1H,88,25,27.730849,25,0,0
198538101,2499805,8460,1659,2H,88,67,20.808652,17,0,0
198824260,2499806,14763,1631,1H,92,41,12.041595,9,1,0
198824531,2499806,8013,1631,1H,89,54,11.704700,4,0,0
198824590,2499806,8013,1631,1H,86,44,15.231546,6,0,0
198824617,2499806,343951,10531,1H,94,57,9.219544,7,1,0
198824629,2499806,343951,10531,1H,89,48,11.180340,2,0,0
198824639,2499806,12829,1631,1H,76,27,33.241540,23,0,0
198824794,2499806,258162,10531,1H,78,81,38.013156,31,0,0
198824863,2499806,8336,10531,1H,83,73,28.600699,23,0,0
198824871,2499806,25571,10531,1H,94,32,18.973666,18,0,0
198824970,2499806,265366,1631,1H,72,53,28.160256,3,0,0
198825018,2499806,8976,10531,1H,83,76,31.064449,26,0,0
198825061,2499806,258162,10531,1H,77,22,36.235342,28,0,0
198825130,2499806,14763,1631,1H,80,59,21.931712,9,0,0
198825237,2499806,61962,10531,2H,73,30,33.600595,20,0,0
198825241,2499806,179,10531,2H,82,63,22.203603,13,0,0
198825269,2499806,246866,10531,2H,92,43,10.630146,7,0,1
198825276,2499806,14763,1631,2H,96,51,4.123106,1,0,1
198825348,2499806,343951,10531,2H,91,44,10.816654,6,1,0
198825472,2499806,8336,10531,2H,81,62,22.472205,12,0,0
198825500,2499806,61962,10531,2H,73,60,28.792360,10,0,0
198825631,2499806,21164,10531,2H,91,60,13.453624,10,1,0
198825693,2499806,25571,10531,2H,81,18,37.215588,32,0,0
198825713,2499806,25571,10531,2H,77,45,23.537205,5,0,0
198825756,2499806,77557,10531,2H,87,30,23.853721,20,0,0
198825767,2499806,77552,10531,2H,73,46,27.294688,4,0,0
198825788,2499806,12829,1631,2H,91,43,11.401754,7,0,0
198825793,2499806,26150,1631,2H,82,71,27.658633,21,0,0
198825843,2499806,8976,10531,2H,74,34,30.528675,16,0,0
198825929,2499806,8498,1631,2H,82,37,22.203603,13,0,0
198825960,2499806,265366,1631,2H,82,33,24.758837,17,0,0
198836910,2499807,8717,1624,1H,86,59,16.643317,9,0,1
198837059,2499807,14911,1624,1H,89,41,14.212670,9,0,1
198837146,2499807,14911,1624,1H,91,66,18.357560,16,0,0
198837192,2499807,18550,1612,1H,74,45,26.476405,5,0,0
198837267,2499807,120353,1612,1H,90,67,19.723083,17,0,1
198837322,2499807,120353,1612,1H,95,66,16.763055,16,1,0
198837405,2499807,14911,1624,1H,90,40,14.142136,10,0,0
198837430,2499807,8717,1624,1H,89,33,20.248457,17,0,0
198837468,2499807,18550,1612,1H,81,71,28.319605,21,0,0
198837581,2499807,8717,1624,1H,80,35,25.000000,15,0,0
198837607,2499807,7964,1612,1H,76,66,28.844410,16,0,0
198837736,2499807,13484,1624,1H,87,44,14.317821,6,0,1
198837900,2499807,8717,1624,2H,89,54,11.704700,4,1,0
198838014,2499807,8717,1624,2H,93,47,7.615773,3,0,1
198838139,2499807,3802,1612,2H,83,44,18.027756,6,0,0
198838140,2499807,54,1624,2H,82,35,23.430749,15,0,0
198838162,2499807,4908,1612,2H,81,26,30.610456,24,0,0
198838175,2499807,8717,1624,2H,85,52,15.132746,2,0,0
198838237,2499807,8319,1612,2H,96,65,15.524175,15,0,0
198838270,2499807,3802,1612,2H,74,26,35.383612,24,0,0
198838343,2499807,7868,1612,2H,82,50,18.000000,0,0,0
198838357,2499807,120353,1612,2H,91,59,12.727922,9,0,0
198838569,2499807,7868,1612,2H,80,21,35.227830,29,0,0
198838659,2499807,48,1624,2H,91,36,16.643317,14,0,0
198242451,2499808,91381,1651,1H,86,57,15.652476,7,0,0
198242545,2499808,8416,1651,1H,89,56,12.529964,6,1,1
198242553,2499808,7941,1633,1H,88,50,12.000000,0,1,0
198242651,2499808,8553,1633,1H,89,41,14.212670,9,1,0
198242694,2499808,8553,1633,1H,87,44,14.317821,6,0,0
198242772,2499808,26499,1633,1H,74,23,37.483330,27,0,0
198242783,2499808,41174,1633,1H,91,37,15.811388,13,0,0
198242865,2499808,20620,1633,1H,75,64,28.653098,14,0,0
198243098,2499808,7941,1633,1H,89,43,13.038405,7,0,0
198243202,2499808,8416,1651,1H,89,38,16.278821,12,0,0
198243216,2499808,91381,1651,1H,81,35,24.207437,15,0,1
198243227,2499808,20620,1633,1H,73,57,27.892651,7,0,0
198243243,2499808,7941,1633,1H,81,28,29.068884,22,0,0
198243347,2499808,26499,1633,2H,95,28,22.561028,22,0,0
198243767,2499808,8416,1651,2H,96,62,12.649111,12,0,0
198243828,2499808,41174,1633,2H,89,37,17.029386,13,0,0
198243841,2499808,247248,1651,2H,82,24,31.622777,26,0,0
198243951,2499808,8677,1633,2H,69,41,32.280025,9,0,0
198243961,2499808,41174,1633,2H,74,31,32.202484,19,0,0
198243986,2499808,8553,1633,2H,94,37,14.317821,13,0,0
200722737,2499809,3350,1610,1H,80,50,20.000000,0,0,0
200722770,2499809,3360,1610,1H,77,41,24.698178,9,0,0
200722969,2499809,134351,1659,1H,89,40,14.866069,10,0,0
200722970,2499809,3324,1610,1H,92,56,10.000000,6,0,0
200723061,2499809,3324,1610,1H,91,37,15.811388,13,0,0
200723096,2499809,28291,1610,1H,91,41,12.727922,9,1,0
200723140,2499809,7892,1610,1H,79,46,21.377558,4,0,0
200723216,2499809,22889,1610,1H,83,65,22.671568,15,0,0
200723305,2499809,3324,1610,1H,87,40,16.401219,10,0,0
200723498,2499809,3350,1610,1H,86,57,15.652476,7,0,0
200723502,2499809,3350,1610,1H,92,56,10.000000,6,0,0
200723517,2499809,8032,1610,1H,89,30,22.825424,20,1,0
200723626,2499809,302518,1659,2H,71,59,30.364453,9,0,0
200723688,2499809,25707,1610,2H,91,33,19.235384,17,0,1
200723752,2499809,28291,1610,2H,81,37,23.021729,13,0,0
200723930,2499809,25707,1610,2H,90,58,12.806248,8,0,0
200723989,2499809,9739,1659,2H,72,54,28.284271,4,0,0
200724031,2499809,3360,1610,2H,81,51,19.026298,1,0,0
200724122,2499809,9293,1659,2H,86,45,14.866069,5,1,0
200724317,2499809,3350,1610,2H,92,40,12.806248,10,0,0
200724401,2499809,38093,1610,2H,84,35,21.931712,15,0,0
200724556,2499809,9277,1659,2H,86,41,16.643317,9,0,0
200724574,2499809,9739,1659,2H,85,50,15.000000,0,0,0
200750173,2499810,7870,1609,1H,86,32,22.803509,18,0,0
200750207,2499810,3361,1609,1H,90,23,28.792360,27,0,0
200750247,2499810,7856,1609,1H,85,49,15.033296,1,1,0
200750460,2499810,10252,10531,1H,95,36,14.866069,14,0,1
200750462,2499810,3361,1609,1H,73,15,44.204072,35,0,0
200750482,2499810,167145,1609,1H,82,69,26.172505,19,0,0
200750522,2499810,3560,1609,1H,74,18,41.231056,32,0,0
200750641,2499810,14869,1609,1H,86,31,23.600847,19,0,0
200750744,2499810,10252,10531,1H,78,39,24.596748,11,0,0
200750837,2499810,25571,10531,1H,94,60,11.661904,10,0,0
200750921,2499810,3361,1609,1H,88,28,25.059928,22,0,0
200750946,2499810,10252,10531,2H,89,46,11.704700,4,0,0
200751186,2499810,3319,1609,2H,90,63,16.401219,13,0,0
200751187,2499810,14869,1609,2H,92,37,15.264338,13,0,1
200751248,2499810,7855,1609,2H,89,57,13.038405,7,1,0
200751250,2499810,343951,10531,2H,89,50,11.000000,0,0,0
200751285,2499810,7870,1609,2H,88,39,16.278821,11,0,1
200751310,2499810,7870,1609,2H,87,50,13.000000,0,0,0
200751397,2499810,25413,1609,2H,87,62,17.691806,12,0,0
200751427,2499810,167145,1609,2H,90,72,24.166092,22,0,0
200751533,2499810,3361,1609,2H,74,34,30.528675,16,0,0
200751702,2499810,26010,1609,2H,91,40,13.453624,10,0,0
200751728,2499810,26010,1609,2H,73,50,27.000000,0,0,0
201013575,2499811,61988,1619,1H,92,42,11.313708,8,1,1
201013959,2499811,466,1651,1H,87,60,16.401219,10,1,0
201014169,2499811,383,1619,1H,85,54,15.524175,4,0,0
201014357,2499811,25950,1651,1H,98,62,12.165525,12,0,0
201014364,2499811,8242,1651,1H,96,45,6.403124,5,1,0
201014418,2499811,215983,1619,2H,81,75,31.400637,25,0,0
201014521,2499811,8416,1651,2H,93,39,13.038405,11,1,1
201014523,2499811,7885,1619,2H,72,25,37.536649,25,0,0
201014604,2499811,8416,1651,2H,97,58,8.544004,8,0,0
201014800,2499811,20857,1619,2H,94,39,12.529964,11,0,0
201014821,2499811,91381,1651,2H,90,29,23.259407,21,0,0
201014834,2499811,8242,1651,2H,89,41,14.212670,9,0,0
201014906,2499811,25950,1651,2H,75,48,25.079872,2,0,0
201014965,2499811,268776,1619,2H,95,55,7.071068,5,1,0
201599032,2499812,8980,1646,1H,94,29,21.840330,21,0,0
201599123,2499812,8980,1646,1H,87,48,13.152946,2,1,0
201599222,2499812,70215,1613,1H,96,44,7.211103,6,0,0
201599367,2499812,7967,1613,1H,79,35,25.806976,15,0,0
201599713,2499812,9123,1646,1H,89,55,12.083046,5,1,0
201599793,2499812,70215,1613,1H,83,36,22.022716,14,0,0
201599946,2499812,93,1646,1H,86,70,24.413111,20,0,0
201600041,2499812,9433,1646,2H,92,37,15.264338,13,1,0
201600064,2499812,230883,1613,2H,79,41,22.847319,9,0,0
201600115,2499812,7967,1613,2H,71,46,29.274562,4,0,0
201600355,2499812,70092,1646,2H,75,70,32.015621,20,0,0
201600422,2499812,8125,1646,2H,74,43,26.925824,7,0,0
201600462,2499812,9227,1613,2H,75,69,31.400637,19,0,0
201600491,2499812,8125,1646,2H,90,64,17.204651,14,0,0
201600496,2499812,8980,1646,2H,97,42,8.544004,8,0,1
201600512,2499812,3327,1613,2H,82,49,18.027756,1,0,0
201600614,2499812,3327,1613,2H,80,46,20.396078,4,0,0
201600695,2499812,7967,1613,2H,72,60,29.732137,10,0,0
201600768,2499812,9123,1646,2H,78,33,27.802878,17,0,0
201600770,2499812,12536,1613,2H,88,37,17.691806,13,1,0
201600800,2499812,134294,1613,2H,75,61,27.313001,11,0,0
201600811,2499812,3436,1613,2H,87,31,23.021729,19,0,0
200752189,2499813,8186,1628,1H,91,34,18.357560,16,1,0
200752702,2499813,7941,1633,1H,88,55,13.000000,5,0,1
200752734,2499813,21100,1633,1H,96,44,7.211103,6,1,0
200752752,2499813,8501,1628,1H,95,51,5.099020,1,0,0
200752775,2499813,235555,1628,1H,92,46,8.944272,4,1,0
200752847,2499813,25572,1633,1H,82,38,21.633308,12,0,1
200752942,2499813,235555,1628,1H,94,42,10.000000,8,1,0
200753019,2499813,8221,1628,2H,87,74,27.294688,24,0,0
200753110,2499813,7988,1628,2H,82,44,18.973666,6,0,0
200753158,2499813,8422,1628,2H,90,35,18.027756,15,0,0
200753457,2499813,8422,1628,2H,86,43,15.652476,7,0,0
200753474,2499813,8422,1628,2H,89,32,21.095023,18,0,0
200753486,2499813,8677,1633,2H,80,78,34.409301,28,0,0
200753543,2499813,127537,1628,2H,82,44,18.973666,6,0,0
200753667,2499813,25865,1628,2H,95,54,6.403124,4,0,0
200753676,2499813,8422,1628,2H,82,38,21.633308,12,0,0
200753707,2499813,8422,1628,2H,88,37,17.691806,13,0,0
200753716,2499813,8422,1628,2H,93,30,21.189620,20,0,1
200753719,2499813,8554,1628,1H,94,47,6.708204,3,1,0
201099265,2499814,283142,1631,1H,71,53,29.154759,3,0,0
201099333,2499814,8488,1631,1H,92,33,18.788294,17,0,0
201099362,2499814,350976,1631,1H,87,41,15.811388,9,0,0
201099514,2499814,12829,1631,1H,92,45,9.433981,5,0,1
201099582,2499814,26150,1631,1H,90,48,10.198039,2,0,0
201099889,2499814,92922,1623,1H,65,50,35.000000,0,0,0
201099909,2499814,92922,1623,1H,71,47,29.154759,3,0,0
201100016,2499814,25706,1623,1H,65,59,36.138622,9,0,0
201100046,2499814,8245,1623,1H,70,72,37.202150,22,0,0
201100112,2499814,25706,1623,2H,73,36,30.413813,14,0,0
201100294,2499814,12829,1631,2H,90,49,10.049876,1,0,0
201100365,2499814,25706,1623,2H,73,49,27.018512,1,0,0
201100428,2499814,145692,1623,2H,89,48,11.180340,2,0,0
201100497,2499814,8245,1623,2H,91,58,12.041595,8,0,0
201100546,2499814,7944,1623,2H,89,42,13.601471,8,1,0
201100587,2499814,145692,1623,2H,89,29,23.706539,21,0,0
201100710,2499814,145692,1623,2H,75,27,33.970576,23,0,0
201100921,2499814,293687,1623,2H,77,59,24.698178,9,0,0
201100922,2499814,8239,1623,2H,80,30,28.284271,20,0,0
201100966,2499814,283142,1631,1H,85,14,39.000000,36,0,1
200691340,2499815,7907,1612,1H,96,40,10.770330,10,0,0
200691609,2499815,120353,1612,1H,90,62,15.620499,12,0,0
200691696,2499815,8319,1612,1H,90,32,20.591260,18,0,0
200691881,2499815,116,1612,1H,77,45,23.537205,5,0,0
200691900,2499815,7964,1612,1H,89,46,11.704700,4,0,0
200692090,2499815,7907,1612,2H,89,58,13.601471,8,0,1
200692236,2499815,8319,1612,2H,90,54,10.770330,4,0,0
200692254,2499815,4908,1612,2H,77,42,24.351591,8,0,0
200692265,2499815,15808,1612,2H,96,46,5.656854,4,1,1
200692363,2499815,120353,1612,2H,87,44,14.317821,6,0,0
200692408,2499815,14870,1612,2H,90,50,10.000000,0,1,0
200692574,2499815,116,1612,2H,89,59,14.212670,9,0,1
200692842,2499815,286831,1612,2H,78,41,23.769729,9,0,0
200692916,2499815,14870,1612,2H,88,46,12.649111,4,1,0
200611635,2499816,25785,1624,1H,73,59,28.460499,9,0,0
200611755,2499816,14911,1624,1H,80,63,23.853721,13,0,0
200611823,2499816,25804,1624,1H,70,54,30.265492,4,0,0
200611843,2499816,36,1624,1H,69,89,49.819675,39,0,0
200611980,2499816,25804,1624,1H,85,54,15.524175,4,0,0
200612139,2499816,13484,1624,1H,93,51,7.071068,1,1,0
200612144,2499816,7939,1611,1H,80,19,36.891733,31,0,0
200612155,2499816,13484,1624,1H,93,36,15.652476,14,0,0
200612244,2499816,25785,1624,1H,89,68,21.095023,18,0,0
200612254,2499816,210044,1624,1H,94,48,6.324555,2,1,0
200612255,2499816,210044,1624,1H,92,45,9.433981,5,0,0
200612506,2499816,105338,1611,2H,87,35,19.849433,15,0,0
200612529,2499816,7905,1611,2H,89,52,11.180340,2,0,0
200612533,2499816,7938,1611,2H,91,70,21.931712,20,0,0
200612697,2499816,7938,1611,2H,84,58,17.888544,8,0,0
200612802,2499816,134513,1611,2H,93,43,9.899495,7,0,0
200612944,2499816,54,1624,2H,75,59,26.570661,9,0,0
200612947,2499816,7905,1611,2H,91,47,9.486833,3,1,0
200612953,2499816,70122,1611,2H,72,57,28.861739,7,0,0
200612980,2499816,134513,1611,2H,90,38,15.620499,12,0,1
200612989,2499816,13484,1624,2H,94,51,6.082763,1,0,0
200613100,2499816,54,1624,2H,74,58,27.202941,8,0,0
200613127,2499816,7934,1611,2H,88,64,18.439089,14,0,0
200613192,2499816,7905,1611,2H,93,33,18.384776,17,0,0
200767305,2499817,7932,1639,1H,82,50,18.000000,0,0,1
200767909,2499817,77548,1639,2H,88,35,19.209373,15,0,0
200768183,2499817,15198,1639,2H,69,30,36.891733,20,0,0
200768225,2499817,21160,1644,1H,88,46,12.649111,4,1,0
200768257,2499817,9532,1639,2H,83,44,18.027756,6,0,0
200768434,2499817,7961,1639,2H,67,32,37.589892,18,0,0
200768515,2499817,377071,1644,2H,95,38,13.000000,12,0,0
200768529,2499817,70156,1644,2H,82,60,20.591260,10,0,0
200768619,2499817,377071,1644,2H,92,40,12.806248,10,1,0
200768629,2499817,10663,1644,2H,85,57,16.552945,7,0,0
200768684,2499817,377071,1644,2H,89,28,24.596748,22,0,0
200768702,2499817,70156,1644,2H,79,63,24.698178,13,0,0
200768721,2499817,28292,1644,2H,85,44,16.155494,6,0,0
200768770,2499817,28292,1644,2H,84,40,18.867962,10,0,0
200768792,2499817,92899,1644,2H,78,42,23.409400,8,0,0
200768818,2499817,10663,1644,2H,86,58,16.124515,8,1,0
200768841,2499817,10663,1644,2H,89,61,15.556349,11,1,0
200768899,2499817,10663,1644,2H,92,59,12.041595,9,0,0
200768903,2499817,10663,1644,2H,85,43,16.552945,7,0,0
200655598,2499818,8464,1625,1H,74,44,26.683328,6,0,0
200655674,2499818,8317,1625,1H,93,29,22.135944,21,0,0
200655679,2499818,245364,1625,1H,88,66,20.000000,16,0,0
200655737,2499818,8464,1625,1H,75,41,26.570661,9,0,0
200655756,2499818,8958,1627,1H,89,44,12.529964,6,0,1
200655759,2499818,245364,1625,1H,91,36,16.643317,14,0,1
200655782,2499818,8317,1625,1H,82,39,21.095023,11,0,0
200655849,2499818,105339,1625,1H,74,58,27.202941,8,0,1
200656069,2499818,8317,1625,1H,92,52,8.246211,2,1,0
200656092,2499818,3577,1627,1H,89,45,12.083046,5,1,0
200656243,2499818,3577,1627,1H,92,56,10.000000,6,1,0
200656349,2499818,8958,1627,2H,74,54,26.305893,4,0,0
200656403,2499818,25537,1627,2H,93,40,12.206556,10,1,0
200656489,2499818,38021,1625,1H,75,56,25.709920,6,0,0
200656620,2499818,8277,1625,2H,88,69,22.472205,19,0,0
200656756,2499818,38021,1625,2H,74,36,29.529646,14,0,0
200656844,2499818,25537,1627,2H,72,40,29.732137,10,0,0
200656972,2499818,11066,1625,2H,97,49,3.162278,1,0,1
200657180,2499818,9414,1627,2H,96,49,4.123106,1,0,1
200657319,2499818,38021,1625,2H,89,65,18.601075,15,0,0
200657363,2499818,8317,1625,2H,93,49,7.071068,1,0,0
203254340,2499819,31528,1610,1H,75,53,25.179357,3,0,0
203254428,2499819,28291,1610,1H,88,45,13.000000,5,0,0
203254440,2499819,28291,1610,1H,79,66,26.400758,16,0,0
203254446,2499819,22889,1610,1H,85,73,27.459060,23,0,0
203254504,2499819,28291,1610,1H,80,50,20.000000,0,0,0
203254522,2499819,25707,1610,1H,80,67,26.248809,17,0,0
203254524,2499819,3350,1610,1H,96,55,6.403124,5,1,0
203254737,2499819,8032,1610,1H,93,30,21.189620,20,1,0
203254803,2499819,3324,1610,1H,86,38,18.439089,12,0,0
203254848,2499819,7905,1611,1H,76,46,24.331050,4,0,0
203254851,2499819,7939,1611,1H,75,34,29.681644,16,0,0
203254951,2499819,22889,1610,1H,85,72,26.627054,22,0,0
203255026,2499819,135103,1610,1H,94,52,6.324555,2,1,0
203255124,2499819,3413,1611,1H,67,41,34.205263,9,0,0
203255231,2499819,3324,1610,2H,80,28,29.732137,22,0,0
203255317,2499819,25707,1610,2H,90,45,11.180340,5,0,0
203255355,2499819,3324,1610,2H,89,40,14.866069,10,1,1
203255601,2499819,397178,1611,2H,74,48,26.076810,2,0,0
203255608,2499819,3413,1611,2H,76,51,24.020824,1,0,0
203255733,2499819,28291,1610,2H,84,56,17.088007,6,0,0
203255748,2499819,25707,1610,2H,82,43,19.313208,7,0,0
203255881,2499819,7887,1610,2H,85,48,15.132746,2,0,0
203255947,2499819,397178,1611,2H,72,42,29.120440,8,0,0
203255999,2499819,8249,1611,2H,88,42,14.422205,8,0,0
203256004,2499819,134513,1611,2H,89,61,15.556349,11,0,0
203256223,2499819,397178,1611,1H,95,52,5.385165,2,1,0
203361611,2499820,3351,1644,1H,71,43,29.832868,7,0,0
203361710,2499820,8239,1623,1H,90,37,16.401219,13,0,0
203361802,2499820,377071,1644,1H,91,30,21.931712,20,0,0
203361812,2499820,353236,1623,1H,73,36,30.413813,14,0,0
203361832,2499820,92899,1644,1H,73,29,34.205263,21,0,0
203361834,2499820,28292,1644,1H,73,42,28.160256,8,0,0
203361981,2499820,377071,1644,2H,94,32,18.973666,18,0,1
203362000,2499820,377071,1644,2H,88,28,25.059928,22,0,0
203362044,2499820,353236,1623,1H,82,66,24.083189,16,0,0
203362093,2499820,92899,1644,2H,80,33,26.248809,17,0,0
203362203,2499820,68085,1644,2H,94,58,10.000000,8,1,1
203362355,2499820,77558,1623,2H,87,63,18.384776,13,0,0
203362445,2499820,377071,1644,2H,89,39,15.556349,11,1,0
203362554,2499820,8889,1644,2H,90,57,12.206556,7,1,0
203362555,2499820,145692,1623,2H,97,50,3.000000,0,0,1
203362656,2499820,286825,1623,2H,84,71,26.400758,21,0,0
203362665,2499820,293687,1623,2H,97,48,3.605551,2,1,1
203362910,2499820,145692,1623,2H,89,70,22.825424,20,0,0
202914138,2499821,173,1673,1H,74,57,26.925824,7,0,0
202914155,2499821,8958,1627,1H,87,29,24.698178,21,0,0
202914283,2499821,9419,1673,1H,82,28,28.425341,22,0,0
202914379,2499821,8958,1627,1H,82,60,20.591260,10,0,0
202914677,2499821,9419,1673,1H,89,44,12.529964,6,0,0
202914828,2499821,8285,1627,2H,80,49,20.024984,1,0,0
202914839,2499821,9419,1673,1H,77,65,27.459060,15,0,0
202914843,2499821,8958,1627,2H,83,24,31.064449,26,0,0
202914884,2499821,3577,1627,2H,91,40,13.453624,10,1,0
202914940,2499821,282550,1673,1H,72,48,28.071338,2,0,0
202914957,2499821,8958,1627,2H,73,54,27.294688,4,0,0
202914987,2499821,7853,1627,2H,75,27,33.970576,23,0,0
202915108,2499821,173,1673,1H,74,28,34.058773,22,0,1
202915169,2499821,8530,1627,2H,86,64,19.798990,14,1,0
202915175,2499821,9414,1627,2H,79,51,21.023796,1,0,0
203380124,2499822,3319,1609,1H,85,70,25.000000,20,0,0
203380466,2499822,7870,1609,1H,90,35,18.027756,15,0,0
203380499,2499822,8325,1625,1H,94,68,18.973666,18,0,0
203380652,2499822,230020,1609,2H,77,31,29.832868,19,0,0
203380894,2499822,38021,1625,1H,82,45,18.681542,5,0,0
203380907,2499822,38021,1625,1H,85,33,22.671568,17,0,1
203381074,2499822,8464,1625,1H,69,40,32.572995,10,0,0
203381433,2499822,25413,1609,2H,93,67,18.384776,17,0,1
203381658,2499822,245364,1625,2H,91,39,14.212670,11,0,0
203381661,2499822,340386,1625,2H,95,61,12.083046,11,0,0
203381666,2499822,9380,1625,2H,93,53,7.615773,3,1,0
203381752,2499822,340386,1625,2H,95,53,5.830952,3,0,1
203828405,2499822,230020,1609,1H,81,53,19.235384,3,0,0
202981221,2499823,9227,1613,1H,76,76,35.383612,26,0,0
202981323,2499823,12536,1613,1H,97,40,10.440307,10,1,0
202981343,2499823,70215,1613,1H,74,59,27.513633,9,0,0
202981380,2499823,9227,1613,1H,77,69,29.832868,19,0,0
202981449,2499823,7967,1613,1H,71,62,31.384710,12,0,0
202981466,2499823,8833,1613,1H,90,67,19.723083,17,1,0
202981494,2499823,9285,1659,1H,84,25,29.681644,25,0,0
202981560,2499823,70215,1613,1H,87,32,22.203603,18,0,0
202981608,2499823,3327,1613,1H,79,67,27.018512,17,0,0
202981767,2499823,12536,1613,1H,91,58,12.041595,8,0,0
202981813,2499823,134294,1613,1H,74,36,29.529646,14,0,0
202981827,2499823,9637,1659,1H,79,55,21.587033,5,0,0
202981877,2499823,12536,1613,1H,89,45,12.083046,5,1,0
202981889,2499823,11669,1659,1H,92,51,8.062258,1,1,0
202981906,2499823,9293,1659,1H,80,54,20.396078,4,0,0
202981924,2499823,9637,1659,1H,95,37,13.928388,13,0,0
202981990,2499823,9637,1659,1H,90,45,11.180340,5,0,0
202982008,2499823,7967,1613,2H,72,62,30.463092,12,0,0
202982027,2499823,9285,1659,1H,81,23,33.015148,27,0,0
202982080,2499823,3327,1613,2H,96,58,8.944272,8,1,0
202982169,2499823,9285,1659,2H,82,30,26.907248,20,0,0
202982206,2499823,11669,1659,2H,91,42,12.041595,8,0,0
202982371,2499823,9293,1659,2H,92,39,13.601471,11,1,0
202982392,2499823,8004,1613,2H,89,36,17.804494,14,1,0
202982532,2499823,9293,1659,2H,91,37,15.811388,13,0,0
202982566,2499823,70215,1613,2H,76,32,30.000000,18,0,0
202982567,2499823,9739,1659,2H,80,73,30.479501,23,0,0
202982718,2499823,9227,1613,2H,75,39,27.313001,11,0,0
202982768,2499823,9283,1659,2H,70,74,38.418745,24,0,0
202982778,2499823,3327,1613,1H,90,69,21.470911,19,1,0
202982807,2499823,9293,1659,2H,93,46,8.062258,4,0,0
202982820,2499823,8296,1659,2H,89,75,27.313001,25,0,0
202982825,2499823,9277,1659,2H,94,51,6.082763,1,1,1
202905486,2499824,215983,1619,1H,92,32,19.697716,18,0,0
202905512,2499824,93,1646,1H,73,60,28.792360,10,0,0
202905681,2499824,93,1646,1H,76,71,31.890437,21,0,0
202905911,2499824,7885,1619,1H,89,47,11.401754,3,1,0
202906013,2499824,8116,1619,1H,89,39,15.556349,11,0,0
202906077,2499824,215983,1619,1H,92,30,21.540659,20,0,0
202906150,2499824,7885,1619,1H,89,35,18.601075,15,0,0
202906219,2499824,8116,1619,1H,87,43,14.764823,7,0,0
202906227,2499824,93,1646,1H,72,73,36.235342,23,0,0
202906383,2499824,20857,1619,2H,89,47,11.401754,3,1,0
202906410,2499824,7885,1619,2H,89,29,23.706539,21,0,0
202906415,2499824,703,1619,2H,85,52,15.132746,2,0,0
202906437,2499824,8116,1619,2H,89,62,16.278821,12,0,0
202906554,2499824,61988,1619,2H,86,41,16.643317,9,0,0
202906791,2499824,8384,1619,2H,80,71,29.000000,21,0,0
202906808,2499824,61988,1619,2H,83,51,17.029386,1,0,0
202906824,2499824,9623,1646,2H,88,32,21.633308,18,0,0
202906908,2499824,9127,1646,2H,87,52,13.152946,2,1,1
202906947,2499824,8953,1619,2H,86,43,15.652476,7,0,0
202777224,2499825,49872,1639,1H,75,63,28.178006,13,0,0
202777343,2499825,15198,1639,1H,88,43,13.892444,7,0,0
202777480,2499825,49872,1639,1H,91,69,21.023796,19,0,1
202777527,2499825,49872,1639,1H,82,79,34.132096,29,0,0
202777534,2499825,15198,1639,1H,88,63,17.691806,13,0,0
202777565,2499825,14763,1631,1H,96,58,8.944272,8,0,0
202777759,2499825,3928,1631,1H,93,47,7.615773,3,0,1
202777835,2499825,3928,1631,1H,93,50,7.000000,0,0,0
202777836,2499825,8731,1639,2H,90,59,13.453624,9,1,0
202777868,2499825,14763,1631,1H,93,47,7.615773,3,1,0
202777893,2499825,3928,1631,1H,90,44,11.661904,6,1,0
202778037,2499825,25854,1639,2H,86,70,24.413111,20,0,0
202778056,2499825,8747,1639,2H,93,45,8.602325,5,1,1
202778164,2499825,15198,1639,2H,91,46,9.848858,4,1,0
202778220,2499825,26150,1631,2H,72,70,34.409301,20,0,0
202778270,2499825,15198,1639,2H,86,36,19.798990,14,0,0
202778295,2499825,26150,1631,2H,91,31,21.023796,19,0,0
202778389,2499825,25854,1639,2H,91,42,12.041595,8,1,0
202778411,2499825,26150,1631,2H,94,66,17.088007,16,0,1
202778441,2499825,285508,1631,2H,80,36,24.413111,14,0,0
202778482,2499825,8498,1631,2H,78,41,23.769729,9,0,0
202778515,2499825,12829,1631,2H,87,56,14.317821,6,0,0
202778671,2499825,26150,1631,2H,88,49,12.041595,1,0,0
202918510,2499826,8976,10531,1H,76,77,36.124784,27,0,0
202918661,2499826,25571,10531,1H,92,35,17.000000,15,0,0
202918833,2499826,15526,1651,1H,78,62,25.059928,12,0,0
202918894,2499826,8416,1651,1H,96,47,5.000000,3,0,1
202918918,2499826,8416,1651,1H,91,68,20.124612,18,0,0
202918928,2499826,9097,1651,1H,94,52,6.324555,2,1,0
202918972,2499826,343951,10531,2H,94,54,7.211103,4,0,0
202918987,2499826,25571,10531,2H,95,48,5.385165,2,0,0
202919005,2499826,8086,1651,1H,69,34,34.885527,16,0,0
202919465,2499826,246866,10531,2H,89,47,11.401754,3,1,0
202919592,2499826,179,10531,2H,90,59,13.453624,9,0,0
202919631,2499826,343951,10531,2H,90,54,10.770330,4,0,0
203166650,2499827,8717,1624,1H,75,21,38.288379,29,0,0
203166691,2499827,7988,1628,1H,80,24,32.802439,26,0,0
203166702,2499827,54,1624,1H,76,68,30.000000,18,0,0
203166741,2499827,54,1624,1H,75,66,29.681644,16,0,0
203167059,2499827,8292,1624,1H,95,31,19.646883,19,1,0
203167166,2499827,8717,1624,1H,88,56,13.416408,6,1,0
203167254,2499827,48,1624,1H,71,30,35.227830,20,0,0
203167292,2499827,240070,1624,1H,76,43,25.000000,7,0,0
203167322,2499827,8471,1628,2H,81,23,33.015148,27,0,0
203167329,2499827,8422,1628,2H,78,41,23.769729,9,0,0
203167464,2499827,8422,1628,2H,88,71,24.186773,21,0,0
203167497,2499827,8471,1628,2H,88,63,17.691806,13,0,0
203167657,2499827,8422,1628,2H,90,33,19.723083,17,0,0
203167718,2499827,8292,1624,2H,90,41,13.453624,9,0,0
203167724,2499827,14911,1624,2H,82,50,18.000000,0,0,1
203167730,2499827,7988,1628,2H,71,62,31.384710,12,0,0
203167878,2499827,8186,1628,2H,90,45,11.180340,5,1,0
203168058,2499827,14911,1624,2H,90,34,18.867962,16,0,0
203168118,2499827,8471,1628,2H,84,66,22.627417,16,0,0
203168160,2499827,8186,1628,1H,95,47,5.830952,3,1,0
203168182,2499827,257762,1624,2H,93,50,7.000000,0,1,0
203168193,2499827,127537,1628,2H,95,47,5.830952,3,1,0
202850602,2499828,15808,1612,1H,96,73,23.345235,23,0,0
202850748,2499828,25572,1633,1H,92,61,13.601471,11,0,0
202850954,2499828,120353,1612,1H,89,55,12.083046,5,0,1
202850984,2499828,14870,1612,1H,97,49,3.162278,1,0,1
202851473,2499828,41174,1633,1H,76,46,24.331050,4,0,0
202851536,2499828,25747,1612,2H,76,58,25.298221,8,0,0
202851657,2499828,7868,1612,2H,88,72,25.059928,22,0,0
202851659,2499828,7868,1612,2H,95,62,13.000000,12,0,1
202851727,2499828,41174,1633,2H,96,43,8.062258,7,0,1
202851785,2499828,41174,1633,2H,94,41,10.816654,9,0,0
202851822,2499828,25747,1612,2H,83,31,25.495098,19,0,0
202851834,2499828,15808,1612,2H,92,69,20.615528,19,0,0
202851863,2499828,7941,1633,2H,92,44,10.000000,6,1,0
202851945,2499828,120353,1612,2H,90,30,22.360680,20,0,1
202851972,2499828,7941,1633,2H,94,52,6.324555,2,1,0
202852036,2499828,120353,1612,2H,90,53,10.440307,3,0,0
202852081,2499828,7868,1612,2H,87,47,13.341664,3,0,0
202852121,2499828,8319,1612,2H,81,31,26.870058,19,0,0
202852140,2499828,15808,1612,2H,82,23,32.449961,27,0,0
202852177,2499828,286831,1612,2H,74,58,27.202941,8,0,0
206838839,2499829,9283,1659,1H,81,61,21.954498,11,0,0
206838899,2499829,11669,1659,1H,92,64,16.124515,14,1,0
206838966,2499829,11669,1659,1H,96,48,4.472136,2,1,1
206839046,2499829,11669,1659,1H,92,54,8.944272,4,0,1
206839086,2499829,173,1673,1H,68,29,38.275318,21,0,0
206839130,2499829,9637,1659,1H,82,67,24.758837,17,0,0
206839149,2499829,173,1673,1H,81,51,19.026298,1,0,0
206839152,2499829,38377,1673,1H,93,38,13.892444,12,0,0
206839196,2499829,9280,1673,1H,92,39,13.601471,11,0,0
206839221,2499829,173,1673,1H,93,24,26.925824,26,0,0
206839250,2499829,9277,1659,1H,78,26,32.557641,24,0,0
206839359,2499829,173,1673,1H,86,39,17.804494,11,0,0
206839602,2499829,16122,1673,1H,92,51,8.062258,1,1,0
206839732,2499829,9280,1673,1H,72,51,28.017851,1,0,0
206839750,2499829,9283,1659,2H,85,45,15.811388,5,0,1
206839907,2499829,173,1673,2H,72,52,28.071338,2,0,0
206839999,2499829,11669,1659,2H,85,40,18.027756,10,0,1
206840166,2499829,9419,1673,2H,84,37,20.615528,13,0,0
206840223,2499829,38377,1673,2H,95,61,12.083046,11,0,0
206840264,2499829,55979,1673,2H,70,53,30.149627,3,0,0
206840339,2499829,9419,1673,2H,88,66,20.000000,16,0,0
206840343,2499829,9419,1673,2H,80,46,20.396078,4,0,0
206840348,2499829,214654,1673,2H,84,58,17.888544,8,0,0
206840382,2499829,442211,1673,2H,90,57,12.206556,7,1,0
206840417,2499829,62389,1673,2H,80,12,42.941821,38,0,0
206840433,2499829,8351,1659,1H,85,59,17.492856,9,0,0
206672088,2499830,25413,1609,1H,88,33,20.808652,17,0,0
206672156,2499830,8717,1624,1H,89,33,20.248457,17,0,0
206672545,2499830,49876,1609,1H,80,45,20.615528,5,0,0
206672641,2499830,54,1624,1H,88,34,20.000000,16,0,0
206672662,2499830,8717,1624,1H,87,52,13.152946,2,1,0
206672674,2499830,20612,1609,1H,89,52,11.180340,2,1,1
206672763,2499830,3361,1609,1H,98,56,6.324555,6,0,1
206672854,2499830,8717,1624,1H,78,57,23.086793,7,0,0
206672951,2499830,8717,1624,2H,88,53,12.369317,3,1,0
206673077,2499830,13484,1624,2H,81,40,21.470911,10,0,0
206673083,2499830,8717,1624,2H,90,62,15.620499,12,0,0
206673242,2499830,54,1624,2H,82,24,31.622777,26,0,0
206673281,2499830,3361,1609,2H,83,37,21.400935,13,0,0
206673308,2499830,3361,1609,2H,83,56,18.027756,6,0,0
206673380,2499830,3361,1609,2H,96,39,11.704700,11,0,0
206673497,2499830,167145,1609,2H,88,72,25.059928,22,0,0
206673536,2499830,230020,1609,2H,90,43,12.206556,7,0,0
206673548,2499830,14869,1609,2H,89,37,17.029386,13,0,0
206673589,2499830,3361,1609,2H,74,54,26.305893,4,0,0
206673592,2499830,54,1624,2H,74,34,30.528675,16,0,0
206673642,2499830,3361,1609,2H,94,43,9.219544,7,0,0
206673655,2499830,230020,1609,2H,82,39,21.095023,11,0,0
206673672,2499830,210044,1624,2H,95,58,9.433981,8,1,0
206673711,2499830,14911,1624,2H,87,36,19.104973,14,0,0
206673807,2499830,14911,1624,2H,85,48,15.132746,2,0,0
207591788,2499831,15198,1639,1H,71,53,29.154759,3,0,0
207591806,2499831,15054,1639,1H,87,67,21.400935,17,0,0
207591820,2499831,15054,1639,1H,87,55,13.928388,5,0,0
207591833,2499831,8086,1651,1H,79,59,22.847319,9,0,0
207591889,2499831,8731,1639,1H,92,63,15.264338,13,1,0
207591908,2499831,49872,1639,1H,88,37,17.691806,13,0,0
207591934,2499831,466,1651,1H,77,51,23.021729,1,0,0
207591970,2499831,91381,1651,1H,88,31,22.472205,19,0,0
207592002,2499831,8731,1639,1H,94,41,10.816654,9,1,0
207592060,2499831,466,1651,1H,88,54,12.649111,4,1,0
207592104,2499831,91381,1651,1H,73,36,30.413813,14,0,0
207592149,2499831,15198,1639,1H,90,60,14.142136,10,0,1
207592409,2499831,15526,1651,1H,89,62,16.278821,12,0,1
207592442,2499831,25854,1639,1H,97,47,4.242641,3,1,1
207592564,2499831,332605,1639,2H,93,39,13.038405,11,0,0
207592702,2499831,91381,1651,2H,97,40,10.440307,10,0,1
207592865,2499831,49872,1639,2H,74,26,35.383612,24,0,0
207593009,2499831,8747,1639,2H,85,38,19.209373,12,1,0
207593053,2499831,25854,1639,2H,68,60,33.526109,10,0,0
207593054,2499831,15526,1651,2H,76,44,24.738634,6,0,0
207593098,2499831,8731,1639,2H,88,44,13.416408,6,0,0
206866351,2499832,8336,10531,1H,73,62,29.546573,12,0,0
206866463,2499832,8944,1646,1H,59,99,63.890531,49,1,0
206866622,2499832,70092,1646,1H,70,38,32.310989,12,0,0
206866639,2499832,70092,1646,1H,76,64,27.784888,14,0,0
206866640,2499832,8980,1646,1H,89,57,13.038405,7,0,0
206866691,2499832,9123,1646,1H,93,42,10.630146,8,1,0
206866714,2499832,93,1646,1H,76,29,31.890437,21,0,0
206866857,2499832,258162,10531,1H,67,51,33.015148,1,0,0
206866877,2499832,9433,1646,1H,87,36,19.104973,14,0,0
206866945,2499832,8125,1646,1H,95,50,5.000000,0,1,1
206867096,2499832,9123,1646,1H,85,34,21.931712,16,0,1
206867124,2499832,8433,1646,1H,89,42,13.601471,8,0,0
206867226,2499832,8192,10531,1H,86,34,21.260292,16,0,0
206867246,2499832,93,1646,2H,79,73,31.144823,23,0,0
206867296,2499832,8980,1646,2H,89,43,13.038405,7,0,0
206867339,2499832,258162,10531,2H,70,43,30.805844,7,0,0
206867386,2499832,343951,10531,2H,89,65,18.601075,15,0,0
206867418,2499832,471,10531,2H,82,54,18.439089,4,0,0
206867509,2499832,471,10531,2H,87,55,13.928388,5,0,0
206867535,2499832,9123,1646,2H,88,30,23.323808,20,0,0
206867741,2499832,258162,10531,2H,79,33,27.018512,17,0,0
206867802,2499832,9127,1646,2H,87,49,13.038405,1,0,0
206867824,2499832,343951,10531,2H,88,28,25.059928,22,0,0
206867911,2499832,9123,1646,2H,90,43,12.206556,7,0,0
206868052,2499832,471,10531,2H,92,50,8.000000,0,1,0
206823953,2499833,235555,1628,1H,91,57,11.401754,7,0,0
206823954,2499833,8623,1628,1H,94,39,12.529964,11,0,1
206824244,2499833,8501,1628,1H,79,65,25.806976,15,0,0
206824409,2499833,406682,1623,1H,84,38,20.000000,12,0,0
206824422,2499833,145692,1623,1H,92,42,11.313708,8,0,0
206824472,2499833,8623,1628,1H,86,56,15.231546,6,0,0
206824513,2499833,8422,1628,1H,94,46,7.211103,4,0,1
206824829,2499833,406682,1623,1H,81,37,23.021729,13,0,0
206824896,2499833,145692,1623,1H,86,43,15.652476,7,0,1
206824932,2499833,8186,1628,2H,89,61,15.556349,11,1,0
206824956,2499833,293687,1623,2H,92,46,8.944272,4,0,0
206825022,2499833,8422,1628,2H,84,47,16.278821,3,0,0
206825193,2499833,7988,1628,2H,83,45,17.720045,5,0,0
206825211,2499833,7988,1628,2H,78,57,23.086793,7,0,0
206825308,2499833,8471,1628,2H,87,34,20.615528,16,0,0
206825350,2499833,38031,1628,2H,87,41,15.811388,9,0,0
206825373,2499833,8471,1628,2H,74,46,26.305893,4,0,0
206825484,2499833,38031,1628,2H,80,55,20.615528,5,0,0
206825580,2499833,127537,1628,2H,79,59,22.847319,9,0,0
206825606,2499833,293687,1623,2H,80,68,26.907248,18,0,0
206825648,2499833,5911,1623,2H,95,45,7.071068,5,1,0
206732016,2499834,38021,1625,1H,75,71,32.649655,21,0,0
206732078,2499834,8317,1625,1H,86,33,22.022716,17,0,0
206732085,2499834,8464,1625,1H,76,42,25.298221,8,0,0
206732397,2499834,11066,1625,1H,78,60,24.166092,10,0,0
206732434,2499834,8317,1625,1H,83,50,17.000000,0,0,0
206732445,2499834,70085,1625,1H,89,47,11.401754,3,0,0
206732460,2499834,245364,1625,1H,96,25,25.317978,25,0,0
206732499,2499834,340386,1625,1H,96,51,4.123106,1,0,1
206732543,2499834,8653,1631,2H,90,53,10.440307,3,0,0
206732603,2499834,38021,1625,2H,76,43,25.000000,7,0,1
206732615,2499834,340386,1625,2H,96,50,4.000000,0,0,0
206732664,2499834,8317,1625,2H,93,43,9.899495,7,0,0
206732699,2499834,38021,1625,2H,68,45,32.388269,5,0,0
206732868,2499834,265366,1631,2H,73,59,28.460499,9,0,0
206732884,2499834,8317,1625,2H,89,40,14.866069,10,0,0
206733420,2499834,8317,1625,2H,82,31,26.172505,19,0,0
206765591,2499835,3802,1612,1H,72,57,28.861739,7,0,0
206765595,2499835,116,1612,1H,77,69,29.832868,19,0,0
206765606,2499835,120353,1612,1H,90,65,18.027756,15,0,0
206765622,2499835,120353,1612,1H,91,55,10.295630,5,0,0
206765861,2499835,116,1612,1H,78,62,25.059928,12,0,0
206765871,2499835,3802,1612,1H,75,53,25.179357,3,0,0
206766042,2499835,120353,1612,1H,82,73,29.206164,23,0,1
206766162,2499835,215983,1619,2H,90,28,24.166092,22,0,0
206766220,2499835,215983,1619,2H,90,36,17.204651,14,0,0
206766221,2499835,120353,1612,1H,91,40,13.453624,10,0,1
206766312,2499835,25747,1612,2H,85,59,17.492856,9,0,0
206766410,2499835,120353,1612,2H,86,34,21.260292,16,0,0
206766441,2499835,15808,1612,2H,91,65,17.492856,15,0,0
206766451,2499835,4908,1612,2H,75,30,32.015621,20,0,0
206766556,2499835,3802,1612,2H,86,56,15.231546,6,0,0
206766645,2499835,116,1612,2H,85,43,16.552945,7,0,0
206766655,2499835,15808,1612,2H,91,65,17.492856,15,0,0
206766656,2499835,3802,1612,2H,89,49,11.045361,1,0,1
206766663,2499835,8953,1619,2H,92,45,9.433981,5,1,0
206766908,2499835,15808,1612,2H,79,42,22.472205,8,0,0
206767044,2499835,15808,1612,2H,77,31,29.832868,19,0,0
206759036,2499836,7905,1611,1H,95,56,7.810250,6,0,0
206759095,2499836,7905,1611,1H,94,53,6.708204,3,1,0
206759160,2499836,397178,1611,1H,80,34,25.612497,16,0,0
206759184,2499836,397178,1611,1H,78,49,22.022716,1,0,0
206759232,2499836,8004,1613,1H,93,50,7.000000,0,1,0
206759236,2499836,397178,1611,1H,87,21,31.780497,29,0,0
206759286,2499836,12536,1613,1H,90,58,12.806248,8,0,1
206759307,2499836,7905,1611,1H,96,41,9.848858,9,1,0
206759415,2499836,293686,1613,1H,77,68,29.206164,18,0,0
206759445,2499836,293686,1613,1H,92,66,17.888544,16,0,0
206759514,2499836,9227,1613,1H,92,44,10.000000,6,1,0
206759516,2499836,134513,1611,1H,96,46,5.656854,4,1,1
206759698,2499836,7938,1611,1H,86,65,20.518285,15,0,0
206759713,2499836,7922,1611,1H,98,57,7.280110,7,1,1
206759743,2499836,293686,1613,1H,79,48,21.095023,2,0,0
206759797,2499836,7967,1613,1H,78,42,23.409400,8,0,0
206759855,2499836,134294,1613,1H,92,44,10.000000,6,0,0
206759861,2499836,9227,1613,1H,88,39,16.278821,11,0,0
206759933,2499836,134513,1611,2H,95,61,12.083046,11,0,0
206760008,2499836,7936,1611,2H,97,56,6.708204,6,0,1
206760069,2499836,7936,1611,2H,90,67,19.723083,17,0,0
206760072,2499836,134513,1611,2H,96,41,9.848858,9,1,0
206760286,2499836,293686,1613,2H,74,44,26.683328,6,0,0
206760325,2499836,7905,1611,2H,94,54,7.211103,4,0,1
206760474,2499836,7967,1613,2H,79,54,21.377558,4,0,0
206760665,2499836,20420,1611,2H,90,31,21.470911,19,0,0
206760695,2499836,8249,1611,2H,97,52,3.605551,2,1,0
206760752,2499836,337225,1613,2H,80,26,31.240999,24,0,0
207198867,2499837,7970,1633,1H,91,48,9.219544,2,1,0
207199182,2499837,37725,1633,1H,91,51,9.055385,1,0,0
207199248,2499837,14703,1633,1H,90,50,10.000000,0,1,0
207199250,2499837,14703,1633,1H,95,49,5.099020,1,0,0
207199251,2499837,14703,1633,1H,97,37,13.341664,13,0,0
207199399,2499837,8981,1644,1H,92,60,12.806248,10,0,1
207199459,2499837,37725,1633,2H,90,54,10.770330,4,0,0
207199720,2499837,10663,1644,1H,88,63,17.691806,13,0,0
207199738,2499837,14703,1633,2H,79,56,21.840330,6,0,0
207199798,2499837,377071,1644,1H,87,35,19.849433,15,0,0
207199799,2499837,3351,1644,1H,86,68,22.803509,18,0,0
207199807,2499837,41174,1633,2H,90,62,15.620499,12,0,0
207199880,2499837,21160,1644,1H,69,21,42.449971,29,0,0
207200041,2499837,8981,1644,1H,92,54,8.944272,4,0,0
207200173,2499837,377071,1644,1H,88,44,13.416408,6,0,0
207200207,2499837,8553,1633,2H,93,49,7.071068,1,1,0
207200325,2499837,10663,1644,2H,94,55,7.810250,5,0,0
207200366,2499837,28292,1644,2H,80,56,20.880613,6,0,0
207200392,2499837,8981,1644,2H,73,69,33.015148,19,0,0
207200440,2499837,10663,1644,2H,86,35,20.518285,15,0,0
207200448,2499837,8889,1644,2H,94,45,7.810250,5,1,0
207200526,2499837,377071,1644,2H,91,32,20.124612,18,0,1
207200547,2499837,28292,1644,2H,79,43,22.135944,7,0,0
207200789,2499837,377071,1644,2H,87,31,23.021729,19,0,0
206857983,2499838,8958,1627,1H,88,61,16.278821,11,1,0
206858281,2499838,28291,1610,1H,86,44,15.231546,6,0,0
206858370,2499838,25707,1610,1H,81,70,27.586228,20,0,0
206858371,2499838,3324,1610,1H,94,41,10.816654,9,0,1
206858425,2499838,8032,1610,1H,82,32,25.455844,18,0,0
206858469,2499838,8285,1627,1H,90,43,12.206556,7,0,0
206858480,2499838,25707,1610,1H,91,34,18.357560,16,0,1
206858520,2499838,119951,1627,1H,92,43,10.630146,7,1,0
206858803,2499838,8032,1610,1H,97,60,10.440307,10,0,1
206858838,2499838,8958,1627,2H,90,32,20.591260,18,0,0
206859237,2499838,3324,1610,2H,94,69,19.924859,19,0,0
206859246,2499838,9414,1627,2H,77,25,33.970576,25,0,0
206859396,2499838,25707,1610,2H,87,48,13.152946,2,0,1
206859419,2499838,8530,1627,2H,86,37,19.104973,13,0,0
206859549,2499838,3324,1610,2H,89,64,17.804494,14,0,0
206859699,2499838,8495,1610,2H,84,66,22.627417,16,0,0
209395629,2499839,3361,1609,1H,76,50,24.000000,0,0,0
209395837,2499839,93,1646,1H,90,64,17.204651,14,0,0
209395846,2499839,7870,1609,1H,92,46,8.944272,4,0,0
209395915,2499839,70092,1646,1H,87,35,19.849433,15,0,0
209396057,2499839,3560,1609,1H,75,36,28.653098,14,0,0
209396233,2499839,230020,1609,1H,85,34,21.931712,16,0,0
209396240,2499839,3560,1609,1H,81,33,25.495098,17,0,0
209396242,2499839,3560,1609,1H,78,34,27.202941,16,0,0
209396364,2499839,49876,1609,1H,74,34,30.528675,16,0,0
209396396,2499839,7870,1609,1H,74,61,28.231188,11,0,0
209396405,2499839,14869,1609,1H,89,60,14.866069,10,1,0
209396588,2499839,93,1646,2H,75,71,32.649655,21,0,0
209396637,2499839,14869,1609,2H,87,36,19.104973,14,0,0
209396661,2499839,25413,1609,2H,79,56,21.840330,6,0,0
209396784,2499839,9623,1646,2H,83,44,18.027756,6,0,0
209396786,2499839,70092,1646,2H,84,35,21.931712,15,0,0
209396858,2499839,9623,1646,2H,74,60,27.856777,10,0,0
209396977,2499839,25413,1609,2H,81,62,22.472205,12,0,0
209397021,2499839,7870,1609,2H,92,35,17.000000,15,0,0
209397084,2499839,3560,1609,2H,72,31,33.837849,19,0,0
209397266,2499839,167145,1609,2H,85,68,23.430749,18,0,0
209397283,2499839,7873,1609,2H,82,53,18.248288,3,0,0
209397384,2499839,7870,1609,2H,86,42,16.124515,8,0,0
209072952,2499840,49872,1639,1H,86,48,14.142136,2,0,0
209073213,2499840,49872,1639,1H,90,59,13.453624,9,0,0
209073324,2499840,235555,1628,1H,89,60,14.866069,10,0,0
209073325,2499840,15054,1639,1H,96,71,21.377558,21,0,0
209073389,2499840,49872,1639,1H,80,32,26.907248,18,0,0
209073478,2499840,127537,1628,1H,73,39,29.154759,11,0,0
209073722,2499840,8623,1628,1H,93,42,10.630146,8,0,0
209073769,2499840,49872,1639,2H,83,52,17.117243,2,0,1
209073996,2499840,3326,1639,2H,92,36,16.124515,14,0,0
209074117,2499840,38031,1628,2H,95,62,13.000000,12,0,0
209074161,2499840,235555,1628,2H,96,58,8.944272,8,0,1
209074245,2499840,25854,1639,2H,93,46,8.062258,4,0,0
209074306,2499840,8501,1628,2H,75,33,30.232433,17,0,0
209074421,2499840,38031,1628,2H,89,26,26.400758,24,0,0
209074595,2499840,7988,1628,2H,92,67,18.788294,17,0,0
209074597,2499840,25430,1628,2H,96,43,8.062258,7,0,1
209378875,2499841,8307,1625,1H,89,46,11.704700,4,1,0
209379051,2499841,105339,1625,1H,72,42,29.120440,8,0,0
209379179,2499841,8325,1625,1H,87,26,27.294688,24,0,0
209379200,2499841,11078,1673,1H,82,73,29.206164,23,0,0
209379437,2499841,70086,1625,1H,78,58,23.409400,8,0,0
209379456,2499841,8325,1625,1H,87,44,14.317821,6,0,0
209379461,2499841,11066,1625,1H,91,63,15.811388,13,0,0
209379533,2499841,105339,1625,1H,88,45,13.000000,5,0,0
209379678,2499841,55979,1673,1H,93,43,9.899495,7,0,0
209379706,2499841,8325,1625,2H,91,45,10.295630,5,0,0
209379764,2499841,8317,1625,2H,75,68,30.805844,18,0,0
209379766,2499841,15215,1673,1H,95,62,13.000000,12,1,0
209380241,2499841,15823,1673,2H,87,71,24.698178,21,0,0
209380283,2499841,340386,1625,2H,94,56,8.485281,6,0,0
209380288,2499841,11066,1625,2H,92,50,8.000000,0,0,1
209021765,2499842,120353,1612,1H,82,58,19.697716,8,0,0
209021999,2499842,120353,1612,1H,76,54,24.331050,4,0,0
209022078,2499842,25707,1610,1H,81,26,30.610456,24,0,0
209022116,2499842,8319,1612,1H,79,59,22.847319,9,0,0
209022135,2499842,22889,1610,1H,88,71,24.186773,21,0,0
209022160,2499842,28291,1610,1H,91,52,9.219544,2,0,0
209022405,2499842,120353,1612,1H,95,57,8.602325,7,0,0
209022446,2499842,7907,1612,1H,90,56,11.661904,6,0,0
209022497,2499842,3324,1610,1H,90,55,11.180340,5,1,0
209022544,2499842,3324,1610,1H,75,64,28.653098,14,0,0
209022637,2499842,120353,1612,1H,81,65,24.207437,15,0,0
209022786,2499842,120353,1612,2H,89,37,17.029386,13,0,0
209022794,2499842,7887,1610,2H,88,36,18.439089,14,1,0
209022870,2499842,14870,1612,2H,89,50,11.000000,0,1,0
209022875,2499842,7964,1612,2H,75,30,32.015621,20,0,0
209023081,2499842,7907,1612,2H,89,37,17.029386,13,0,0
209023136,2499842,120353,1612,2H,91,54,9.848858,4,0,1
209023379,2499842,116,1612,2H,83,44,18.027756,6,0,0
209023455,2499842,116,1612,2H,94,47,6.708204,3,1,0
209023462,2499842,8032,1610,2H,94,43,9.219544,7,0,0
209023514,2499842,105333,1610,2H,89,74,26.400758,24,0,1
209023685,2499842,120353,1612,2H,84,54,16.492423,4,0,0
210751432,2499842,8495,1610,1H,90,27,25.079872,23,0,0
209057885,2499843,7905,1611,1H,82,49,18.027756,1,0,0
209058088,2499843,15526,1651,1H,86,71,25.238859,21,0,0
209058142,2499843,25950,1651,1H,74,52,26.076810,2,0,0
209058143,2499843,7936,1611,1H,67,42,33.955854,8,0,0
209058571,2499843,7905,1611,1H,92,36,16.124515,14,1,0
209058774,2499843,466,1651,2H,76,34,28.844410,16,0,0
209058824,2499843,7905,1611,1H,94,44,8.485281,6,1,0
209058826,2499843,7936,1611,1H,97,48,3.605551,2,0,0
209058956,2499843,7906,1611,2H,78,76,34.058773,26,0,0
209059062,2499843,7939,1611,2H,79,37,24.698178,13,0,0
209059074,2499843,9097,1651,2H,85,45,15.811388,5,0,0
209059156,2499843,8086,1651,2H,70,42,31.048349,8,0,0
209059313,2499843,15526,1651,2H,71,60,30.675723,10,0,0
209059326,2499843,8242,1651,2H,93,60,12.206556,10,1,0
209059367,2499843,7939,1611,2H,83,35,22.671568,15,0,0
209059392,2499843,7905,1611,2H,95,54,6.403124,4,1,0
209059577,2499843,20420,1611,2H,85,34,21.931712,16,0,0
209059580,2499843,7922,1611,2H,97,60,10.440307,10,1,0
209059624,2499843,20420,1611,2H,83,54,17.464249,4,0,0
208959133,2499844,293686,1613,1H,74,43,26.925824,7,0,0
208959201,2499844,9227,1613,1H,78,68,28.425341,18,0,0
208959320,2499844,8889,1644,1H,90,45,11.180340,5,0,0
208959344,2499844,8981,1644,1H,68,34,35.777088,16,0,0
208959384,2499844,377071,1644,1H,87,32,22.203603,18,0,0
208959439,2499844,8981,1644,1H,86,48,14.142136,2,0,1
208959460,2499844,28292,1644,1H,92,53,8.544004,3,0,0
208959631,2499844,3327,1613,1H,97,38,12.369317,12,0,0
208959649,2499844,3327,1613,1H,88,39,16.278821,11,1,0
208959674,2499844,10663,1644,1H,90,39,14.866069,11,0,0
208959730,2499844,7967,1613,1H,85,44,16.155494,6,0,0
208960042,2499844,10663,1644,2H,93,34,17.464249,16,0,0
208960067,2499844,293686,1613,2H,88,46,12.649111,4,1,0
208960097,2499844,9227,1613,2H,82,48,18.110770,2,0,0
208960140,2499844,377071,1644,2H,79,56,21.840330,6,0,0
208960182,2499844,10663,1644,2H,90,56,11.661904,6,0,0
208960254,2499844,3327,1613,2H,90,51,10.049876,1,0,0
208960319,2499844,10663,1644,2H,92,45,9.433981,5,1,0
208960364,2499844,10663,1644,2H,95,59,10.295630,9,0,1
208960514,2499844,230883,1613,2H,85,36,20.518285,14,0,0
208960624,2499844,128214,1613,2H,90,59,13.453624,9,0,0
208960678,2499844,10663,1644,2H,90,39,14.866069,11,0,0
208960801,2499844,7929,1644,2H,76,57,25.000000,7,0,0
208960845,2499844,7967,1613,1H,69,50,31.000000,0,0,0
208960848,2499844,3327,1613,1H,90,33,19.723083,17,0,0
209387302,2499845,92922,1623,1H,84,49,16.031220,1,0,0
209387500,2499845,8953,1619,1H,89,53,11.401754,3,0,0
209387667,2499845,8953,1619,1H,91,54,9.848858,4,0,0
209387799,2499845,77558,1623,1H,78,65,26.627054,15,0,1
209387838,2499845,383,1619,1H,89,49,11.045361,1,0,1
209388095,2499845,215983,1619,1H,92,44,10.000000,6,1,0
209388378,2499845,25706,1623,2H,69,50,31.000000,0,0,0
209388381,2499845,8953,1619,1H,79,37,24.698178,13,0,0
209388404,2499845,77558,1623,2H,72,67,32.756679,17,0,0
209388466,2499845,77558,1623,2H,71,57,29.832868,7,0,0
209388513,2499845,370,1619,1H,95,50,5.000000,0,1,0
209388712,2499845,8144,1619,2H,75,26,34.655447,24,0,0
209388759,2499845,8953,1619,2H,97,45,5.830952,5,1,1
209388792,2499845,7885,1619,2H,69,29,37.443290,21,0,0
209388843,2499845,8953,1619,2H,97,44,6.708204,6,1,1
209388870,2499845,70389,1619,2H,77,68,29.206164,18,0,0
209388930,2499845,268776,1619,2H,96,64,14.560220,14,0,0
209389087,2499845,8384,1619,2H,92,26,25.298221,24,0,0
209389139,2499845,61988,1619,2H,84,63,20.615528,13,0,1
209389196,2499845,135114,1619,2H,76,49,24.020824,1,0,0
208944347,2499846,9293,1659,1H,87,41,15.811388,9,0,0
208944590,2499846,8351,1659,1H,70,44,30.594117,6,0,0
208944735,2499846,11669,1659,1H,77,45,23.537205,5,0,0
208945007,2499846,8192,10531,1H,96,31,19.416488,19,0,0
208945015,2499846,258162,10531,1H,88,67,20.808652,17,0,0
208945064,2499846,4365,10531,1H,73,56,27.658633,6,0,0
208945193,2499846,258162,10531,1H,91,28,23.769729,22,0,0
208945225,2499846,9637,1659,1H,89,41,14.212670,9,0,0
208945342,2499846,258162,10531,2H,76,46,24.331050,4,0,0
208945381,2499846,8460,1659,2H,72,68,33.286634,18,0,0
208945385,2499846,25571,10531,2H,88,63,17.691806,13,0,0
208945754,2499846,9739,1659,2H,88,67,20.808652,17,0,0
208945783,2499846,11669,1659,2H,86,34,21.260292,16,0,0
208945803,2499846,262,10531,2H,88,38,16.970563,12,0,0
208945805,2499846,262,10531,2H,90,44,11.661904,6,0,0
208945844,2499846,471,10531,2H,77,54,23.345235,4,0,0
208946058,2499846,9285,1659,2H,90,30,22.360680,20,0,0
209062551,2499847,8717,1624,1H,90,57,12.206556,7,1,0
209062665,2499847,240070,1624,1H,74,42,27.202941,8,0,0
209062695,2499847,3577,1627,1H,91,63,15.811388,13,0,1
209062726,2499847,8717,1624,1H,69,33,35.355339,17,0,0
209062786,2499847,8314,1627,1H,74,67,31.064449,17,0,0
209062830,2499847,8717,1624,1H,75,41,26.570661,9,0,0
209062877,2499847,14911,1624,1H,75,29,32.649655,21,0,0
209062889,2499847,136441,1624,1H,70,44,30.594117,6,0,0
209062895,2499847,54,1624,1H,68,37,34.539832,13,0,0
209063036,2499847,210044,1624,1H,87,64,19.104973,14,1,0
209063158,2499847,210044,1624,1H,89,47,11.401754,3,1,0
209063186,2499847,14911,1624,1H,87,26,27.294688,24,0,0
209063255,2499847,8717,1624,2H,75,59,26.570661,9,0,0
209063376,2499847,54,1624,2H,74,33,31.064449,17,0,0
209063383,2499847,14911,1624,2H,77,33,28.600699,17,0,0
209063518,2499847,14911,1624,2H,79,69,28.319605,19,0,0
209063643,2499847,8945,1624,2H,77,68,29.206164,18,0,0
209063744,2499847,8717,1624,2H,91,54,9.848858,4,0,1
209063754,2499847,13484,1624,2H,88,63,17.691806,13,0,0
209063779,2499847,13484,1624,2H,81,31,26.870058,19,0,0
209063825,2499847,8717,1624,2H,94,51,6.082763,1,1,0
209063846,2499847,13484,1624,2H,77,56,23.769729,6,0,0
209063853,2499847,54,1624,2H,70,59,31.320920,9,0,0
209063875,2499847,8717,1624,2H,82,29,27.658633,21,0,0
209063888,2499847,8717,1624,2H,77,52,23.086793,2,0,0
209064016,2499847,13484,1624,2H,90,55,11.180340,5,1,0
209064356,2499847,8686,1627,2H,85,52,15.132746,2,0,0
209064369,2499847,3577,1627,2H,92,50,8.000000,0,0,0
209064379,2499847,9414,1627,2H,88,69,22.472205,19,0,0
208780942,2499848,8013,1631,1H,87,54,13.601471,4,0,1
208781232,2499848,14853,1631,1H,67,49,33.015148,1,0,0
208781332,2499848,26150,1631,1H,88,63,17.691806,13,0,0
208781387,2499848,3928,1631,1H,90,58,12.806248,8,1,0
208781388,2499848,21100,1633,1H,95,54,6.403124,4,1,0
208781549,2499848,12829,1631,1H,88,36,18.439089,14,0,0
208781644,2499848,37725,1633,1H,91,58,12.041595,8,1,0
208781710,2499848,37725,1633,1H,98,51,2.236068,1,1,1
208781840,2499848,3928,1631,2H,75,33,30.232433,17,0,0
208781961,2499848,26499,1633,2H,89,27,25.495098,23,0,0
208782041,2499848,14703,1633,2H,85,32,23.430749,18,1,0
208782371,2499848,265366,1631,2H,75,57,25.961510,7,0,0
208782439,2499848,25572,1633,2H,89,50,11.000000,0,0,0
208782472,2499848,25572,1633,2H,90,64,17.204651,14,0,0
210586224,2499849,9206,1646,1H,94,49,6.082763,1,1,0
210586254,2499849,9739,1659,1H,74,50,26.000000,0,0,0
210586270,2499849,9623,1646,1H,96,28,22.360680,22,0,0
210586504,2499849,9206,1646,1H,93,49,7.071068,1,1,0
210586552,2499849,93,1646,1H,75,70,32.015621,20,0,0
210586560,2499849,11669,1659,1H,93,59,11.401754,9,1,0
210586680,2499849,8980,1646,1H,91,64,16.643317,14,0,0
210586879,2499849,9637,1659,1H,80,60,22.360680,10,0,0
210587041,2499849,9739,1659,1H,82,68,25.455844,18,0,0
210587047,2499849,9283,1659,1H,79,47,21.213203,3,0,0
210587377,2499849,9623,1646,2H,83,53,17.262677,3,0,1
210587439,2499849,8125,1646,2H,78,49,22.022716,1,0,0
210587782,2499849,9637,1659,2H,97,44,6.708204,6,0,1
210587823,2499849,62224,1659,2H,79,71,29.698485,21,0,0
210587941,2499849,9623,1646,1H,92,32,19.697716,18,0,0
210587942,2499849,9206,1646,1H,94,51,6.082763,1,0,1
210587943,2499849,9623,1646,1H,82,38,21.633308,12,0,0
210587950,2499849,9279,1659,2H,95,56,7.810250,6,1,0
210487283,2499850,25413,1609,1H,89,36,17.804494,14,0,1
210487365,2499850,7870,1609,1H,76,57,25.000000,7,0,0
210487828,2499850,3361,1609,1H,85,42,17.000000,8,0,0
210487874,2499850,55979,1673,1H,92,46,8.944272,4,1,0
210487897,2499850,25413,1609,1H,98,28,22.090722,22,0,0
210488086,2499850,49876,1609,1H,74,65,30.016662,15,0,0
210488212,2499850,3319,1609,2H,88,55,13.000000,5,0,0
210488307,2499850,26010,1609,2H,93,58,10.630146,8,0,0
210488312,2499850,16436,1673,1H,89,30,22.825424,20,0,0
210488335,2499850,214654,1673,1H,81,65,24.207437,15,0,0
210488448,2499850,26010,1609,2H,96,39,11.704700,11,0,0
210488450,2499850,26010,1609,2H,97,29,21.213203,21,0,0
210488509,2499850,3361,1609,2H,90,35,18.027756,15,0,0
210488610,2499850,26010,1609,2H,92,44,10.000000,6,0,1
210488682,2499850,3319,1609,2H,91,32,20.124612,18,0,1
210488686,2499850,16436,1673,2H,97,60,10.440307,10,0,0
210488752,2499850,3560,1609,2H,94,35,16.155494,15,0,0
210488754,2499850,214654,1673,2H,90,44,11.661904,6,0,0
210488767,2499850,15215,1673,2H,92,31,20.615528,19,1,0
210488820,2499850,49876,1609,2H,73,51,27.018512,1,0,0
210488868,2499850,49876,1609,2H,76,52,24.083189,2,0,0
210488890,2499850,26010,1609,2H,89,38,16.278821,12,0,0
210488973,2499850,26010,1609,2H,94,52,6.324555,2,0,1
210489069,2499850,214654,1673,2H,91,54,9.848858,4,1,0
210489287,2499850,3361,1609,2H,92,43,10.630146,7,0,1
210204172,2499851,38031,1628,1H,88,51,12.041595,1,0,0
210204173,2499851,8422,1628,1H,92,41,12.041595,9,0,0
210204298,2499851,7988,1628,1H,82,62,21.633308,12,0,0
210204356,2499851,8086,1651,1H,89,57,13.038405,7,1,0
210204524,2499851,91381,1651,1H,89,24,28.231188,26,0,0
210204528,2499851,8086,1651,1H,84,49,16.031220,1,0,0
210204659,2499851,127537,1628,1H,98,34,16.124515,16,1,0
210204698,2499851,15526,1651,1H,83,55,17.720045,5,0,0
210204992,2499851,9097,1651,2H,95,41,10.295630,9,0,0
210205027,2499851,235555,1628,2H,87,35,19.849433,15,0,0
210205039,2499851,127537,1628,2H,72,38,30.463092,12,0,0
210205300,2499851,8242,1651,2H,93,59,11.401754,9,1,0
210205323,2499851,8086,1651,2H,73,38,29.546573,12,0,0
210205356,2499851,8422,1628,2H,87,38,17.691806,12,0,0
210205431,2499851,8422,1628,2H,80,48,20.099751,2,0,0
210205513,2499851,235555,1628,2H,79,30,29.000000,20,0,0
210205556,2499851,8416,1651,2H,92,41,12.041595,9,1,0
210205597,2499851,8554,1628,2H,71,32,34.132096,18,0,0
210205684,2499851,91381,1651,1H,78,27,31.827661,23,0,0
210180692,2499852,265366,1631,1H,74,60,27.856777,10,0,0
210180756,2499852,8488,1631,1H,89,58,13.601471,8,1,0
210180842,2499852,12829,1631,1H,89,32,21.095023,18,0,1
210180903,2499852,25804,1624,1H,89,58,13.601471,8,0,0
210181075,2499852,8717,1624,1H,89,30,22.825424,20,0,0
210181076,2499852,265366,1631,1H,71,68,34.132096,18,0,0
210181190,2499852,8717,1624,1H,75,45,25.495098,5,0,0
210181193,2499852,8488,1631,1H,83,44,18.027756,6,1,0
210181302,2499852,13484,1624,1H,84,52,16.124515,2,0,0
210181309,2499852,13484,1624,1H,86,57,15.652476,7,0,0
210181340,2499852,265366,1631,1H,95,85,35.355339,35,0,0
210181371,2499852,26150,1631,1H,76,68,30.000000,18,0,1
210181380,2499852,8292,1624,1H,92,32,19.697716,18,0,0
210181409,2499852,8717,1624,1H,75,57,25.961510,7,0,0
210181438,2499852,25785,1624,1H,74,68,31.622777,18,0,0
210181772,2499852,257762,1624,2H,88,57,13.892444,7,1,0
210181908,2499852,8717,1624,2H,80,63,23.853721,13,0,0
210182160,2499852,54,1624,2H,95,54,6.403124,4,0,0
210182228,2499852,8717,1624,2H,93,62,13.892444,12,0,1
210182313,2499852,3424,1624,2H,96,44,7.211103,6,0,0
210182314,2499852,14763,1631,2H,92,49,8.062258,1,1,0
210182359,2499852,3424,1624,2H,91,55,10.295630,5,1,0
210182420,2499852,210044,1624,2H,92,53,8.544004,3,1,0
210182447,2499852,13484,1624,2H,83,24,31.064449,26,0,0
210182453,2499852,257762,1624,2H,87,54,13.601471,4,1,0
210187219,2499853,377071,1644,1H,97,57,7.615773,7,1,0
210187241,2499853,134513,1611,1H,77,26,33.241540,24,0,0
210187304,2499853,7939,1611,1H,81,32,26.172505,18,0,1
210187523,2499853,134513,1611,1H,82,51,18.027756,1,0,1
210187757,2499853,7905,1611,1H,76,54,24.331050,4,0,0
210187760,2499853,7934,1611,1H,96,43,8.062258,7,0,0
210187849,2499853,377071,1644,1H,86,41,16.643317,9,1,0
210187911,2499853,7905,1611,2H,84,65,21.931712,15,0,0
210187972,2499853,377071,1644,2H,85,37,19.849433,13,0,0
210188129,2499853,28292,1644,2H,72,38,30.463092,12,0,0
210188141,2499853,7934,1611,2H,91,76,27.513633,26,0,0
210188148,2499853,7936,1611,2H,89,47,11.401754,3,1,0
210188157,2499853,70156,1644,2H,67,57,33.734256,7,0,0
210188166,2499853,377071,1644,2H,92,39,13.601471,11,1,0
210188287,2499853,397178,1611,2H,75,29,32.649655,21,0,0
210188301,2499853,7936,1611,2H,89,49,11.045361,1,1,0
210188323,2499853,8889,1644,2H,68,59,33.241540,9,0,0
210188335,2499853,7905,1611,2H,89,32,21.095023,18,0,0
210188350,2499853,28292,1644,2H,85,56,16.155494,6,0,0
210188442,2499853,7934,1611,2H,87,76,29.068884,26,0,0
210188474,2499853,8903,1644,2H,88,56,13.416408,6,1,0
210188497,2499853,7934,1611,2H,86,61,17.804494,11,0,1
210188523,2499853,28292,1644,2H,69,83,45.276926,33,0,0
210188534,2499853,28292,1644,2H,87,54,13.601471,4,0,1
210188700,2499853,7905,1611,2H,94,40,11.661904,10,0,0
210201844,2499854,9227,1613,1H,79,76,33.421550,26,0,0
210201878,2499854,293686,1613,1H,71,41,30.364453,9,0,0
210201990,2499854,8004,1613,1H,91,57,11.401754,7,1,0
210202207,2499854,3577,1627,1H,69,50,31.000000,0,0,0
210202323,2499854,293686,1613,1H,88,30,23.323808,20,0,0
210202364,2499854,3327,1613,1H,88,53,12.369317,3,1,0
210202414,2499854,134294,1613,1H,76,49,24.020824,1,0,0
210202593,2499854,8686,1627,1H,90,51,10.049876,1,1,0
210202651,2499854,8686,1627,1H,92,37,15.264338,13,0,0
210202739,2499854,8686,1627,1H,91,58,12.041595,8,1,1
210202754,2499854,339789,1613,2H,76,43,25.000000,7,0,0
210202832,2499854,9227,1613,2H,77,43,24.041631,7,0,0
210202854,2499854,8004,1613,2H,96,46,5.656854,4,1,1
210202945,2499854,434159,1627,2H,96,45,6.403124,5,0,1
210203086,2499854,8686,1627,2H,88,68,21.633308,18,0,0
210203197,2499854,230883,1613,2H,76,43,25.000000,7,0,0
210485645,2499855,3324,1610,1H,82,34,24.083189,16,0,0
210485701,2499855,22889,1610,1H,77,63,26.419690,13,0,0
210485739,2499855,105333,1610,1H,96,68,18.439089,18,0,0
210485769,2499855,8032,1610,1H,91,42,12.041595,8,0,0
210485774,2499855,3324,1610,1H,97,35,15.297059,15,1,0
210485815,2499855,3360,1610,1H,74,52,26.076810,2,0,0
210485821,2499855,3324,1610,1H,88,50,12.000000,0,1,0
210485924,2499855,14748,1610,1H,68,64,34.928498,14,0,0
210485973,2499855,3324,1610,1H,89,44,12.529964,6,0,0
210486035,2499855,262,10531,2H,75,47,25.179357,3,0,0
210486134,2499855,105333,1610,1H,90,33,19.723083,17,0,0
210486140,2499855,8032,1610,1H,96,57,8.062258,7,1,0
210486152,2499855,8976,10531,2H,70,35,33.541020,15,0,0
210486155,2499855,25571,10531,2H,92,72,23.409400,22,0,0
210486259,2499855,3360,1610,1H,95,54,6.403124,4,0,0
210486335,2499855,8032,1610,1H,83,50,17.000000,0,0,0
210486478,2499855,3350,1610,2H,73,36,30.413813,14,0,0
210486585,2499855,3360,1610,2H,91,43,11.401754,7,0,0
210486617,2499855,31528,1610,2H,81,66,24.839485,16,0,0
210486618,2499855,14748,1610,2H,96,44,7.211103,6,1,1
210486629,2499855,3360,1610,2H,71,29,35.805028,21,0,0
210486630,2499855,8032,1610,2H,89,64,17.804494,14,0,0
210486672,2499855,3324,1610,2H,95,47,5.830952,3,1,0
210486694,2499855,3324,1610,2H,89,38,16.278821,12,0,0
210486708,2499855,105333,1610,2H,87,28,25.553865,22,0,0
210486776,2499855,8032,1610,2H,95,29,21.587033,21,0,0
210483464,2499856,7944,1623,1H,92,53,8.544004,3,1,1
210483621,2499856,7944,1623,1H,89,33,20.248457,17,0,1
210484008,2499856,41174,1633,2H,74,49,26.019224,1,0,0
210484011,2499856,8582,1633,2H,91,32,20.124612,18,0,0
210484070,2499856,37725,1633,2H,74,55,26.476405,5,0,0
210484374,2499856,26610,1633,2H,92,45,9.433981,5,1,0
210484394,2499856,7944,1623,2H,44,40,56.885851,10,0,1
210484624,2499856,293687,1623,2H,90,54,10.770330,4,0,0
210484641,2499856,77546,1623,2H,90,61,14.866069,11,1,1
210484647,2499856,379209,1633,2H,88,45,13.000000,5,1,0
210484770,2499856,77558,1623,2H,80,54,20.396078,4,0,0
210513028,2499857,268776,1619,1H,96,49,4.123106,1,1,0
210513058,2499857,8384,1619,1H,93,44,9.219544,6,1,0
210513247,2499857,29640,1619,1H,97,31,19.235384,19,0,0
210513253,2499857,8464,1625,1H,76,27,33.241540,23,0,0
210513255,2499857,703,1619,1H,97,50,3.000000,0,0,0
210513599,2499857,105339,1625,1H,68,38,34.176015,12,0,0
210513616,2499857,11066,1625,1H,79,30,29.000000,20,0,0
210513617,2499857,340386,1625,1H,86,69,23.600847,19,0,0
210513690,2499857,105339,1625,1H,87,39,17.029386,11,0,0
210513702,2499857,70086,1625,1H,95,50,5.000000,0,1,0
210513786,2499857,70086,1625,1H,66,33,38.013156,17,0,0
210513800,2499857,268776,1619,2H,91,32,20.124612,18,0,0
210513809,2499857,370,1619,2H,94,50,6.000000,0,1,0
210513822,2499857,340386,1625,1H,90,39,14.866069,11,0,0
210513824,2499857,14808,1625,1H,92,37,15.264338,13,0,0
210513868,2499857,7899,1619,2H,90,61,14.866069,11,0,1
210514188,2499857,105339,1625,1H,76,51,24.020824,1,0,0
210514199,2499857,38021,1625,1H,71,43,29.832868,7,0,0
210514236,2499857,38021,1625,1H,73,44,27.658633,6,0,0
210514239,2499857,70086,1625,1H,91,58,12.041595,8,1,0
210514316,2499857,340386,1625,2H,91,32,20.124612,18,0,0
210514379,2499857,14808,1625,2H,80,35,25.000000,15,0,0
210514410,2499857,340386,1625,2H,90,40,14.142136,10,0,0
210514412,2499857,38021,1625,2H,75,57,25.961510,7,0,0
210514416,2499857,8277,1625,2H,73,59,28.460499,9,0,0
210514483,2499857,14808,1625,2H,81,69,26.870058,19,0,0
210514487,2499857,8325,1625,2H,87,41,15.811388,9,0,0
210514510,2499857,8325,1625,2H,92,54,8.944272,4,1,0
210514594,2499857,105339,1625,2H,79,71,29.698485,21,0,0
210514622,2499857,38021,1625,2H,81,45,19.646883,5,0,0
210514715,2499857,8277,1625,2H,76,48,24.083189,2,0,0
210514801,2499857,8325,1625,2H,89,72,24.596748,22,0,0
210514892,2499857,11066,1625,2H,83,40,19.723083,10,0,1
210496220,2499858,25747,1612,1H,94,57,9.219544,7,0,1
210496373,2499858,7932,1639,1H,80,46,20.396078,4,0,0
210496376,2499858,49872,1639,1H,88,68,21.633308,18,0,0
210496469,2499858,7868,1612,1H,87,71,24.698178,21,0,0
210496755,2499858,77548,1639,2H,87,53,13.341664,3,0,0
210496776,2499858,286831,1612,1H,85,51,15.033296,1,0,0
210496833,2499858,25747,1612,1H,86,49,14.035669,1,0,0
210496904,2499858,18550,1612,1H,76,40,26.000000,10,0,0
210496968,2499858,134,1639,2H,73,52,27.073973,2,0,0
210497003,2499858,15054,1639,2H,88,64,18.439089,14,0,0
210497009,2499858,15054,1639,2H,92,64,16.124515,14,1,0
210497064,2499858,77548,1639,2H,89,50,11.000000,0,0,0
210497105,2499858,116,1612,2H,83,45,17.720045,5,0,0
210497168,2499858,77548,1639,2H,81,34,24.839485,16,0,0
210497376,2499858,4908,1612,2H,84,43,17.464249,7,0,0
210497453,2499858,3326,1639,2H,73,41,28.460499,9,0,0
210497515,2499858,8319,1612,2H,79,58,22.472205,8,0,0
210497557,2499858,120353,1612,2H,92,33,18.788294,17,0,1
210497601,2499858,25747,1612,2H,94,56,8.485281,6,1,0
210497615,2499858,120353,1612,2H,91,56,10.816654,6,0,1
210497639,2499858,15808,1612,2H,75,29,32.649655,21,0,0
210497684,2499858,15808,1612,2H,81,28,29.068884,22,0,0
211318601,2499859,61988,1619,1H,86,71,25.238859,21,0,0
211318807,2499859,370,1619,1H,92,55,9.433981,5,1,0
211318871,2499859,8460,1659,1H,82,61,21.095023,11,0,0
211318874,2499859,8296,1659,1H,94,53,6.708204,3,0,0
211318885,2499859,134102,1659,1H,92,39,13.601471,11,1,0
211318897,2499859,383,1619,1H,91,43,11.401754,7,1,0
211318976,2499859,302518,1659,1H,74,67,31.064449,17,0,0
211319085,2499859,8959,1659,1H,76,65,28.301943,15,0,0
211319185,2499859,25415,1619,1H,70,59,31.320920,9,0,0
211319200,2499859,8460,1659,1H,80,65,25.000000,15,0,0
211319231,2499859,9285,1659,1H,75,32,30.805844,18,0,0
211319258,2499859,8953,1619,1H,94,40,11.661904,10,1,0
211319261,2499859,383,1619,1H,86,40,17.204651,10,0,0
211319274,2499859,62224,1659,1H,87,33,21.400935,17,0,1
211319422,2499859,215983,1619,1H,88,43,13.892444,7,0,0
211319482,2499859,62224,1659,2H,86,38,18.439089,12,0,0
211319497,2499859,9637,1659,2H,89,32,21.095023,18,0,0
211319562,2499859,215983,1619,2H,92,28,23.409400,22,0,0
211319650,2499859,8959,1659,2H,83,63,21.400935,13,0,0
211319654,2499859,8351,1659,2H,79,68,27.658633,18,0,0
211319827,2499859,25415,1619,2H,69,49,31.016125,1,0,0
211319844,2499859,8953,1619,2H,91,58,12.041595,8,0,1
211320044,2499859,9637,1659,2H,88,43,13.892444,7,0,0
211320068,2499859,215983,1619,2H,84,51,16.031220,1,0,0
211320235,2499859,11669,1659,2H,88,38,16.970563,12,0,0
211320273,2499859,8116,1619,2H,75,31,31.400637,19,0,0
211320327,2499859,134102,1659,2H,89,44,12.529964,6,1,0
211320330,2499859,8953,1619,2H,93,41,11.401754,9,1,0
211320410,2499859,7899,1619,2H,72,49,28.017851,1,0,0
211065190,2499860,7936,1611,1H,92,50,8.000000,0,1,0
211065224,2499860,7938,1611,1H,91,65,17.492856,15,0,1
211065327,2499860,7934,1611,1H,90,56,11.661904,6,0,1
211065445,2499860,7939,1611,1H,87,31,23.021729,19,0,0
211065449,2499860,70122,1611,1H,75,48,25.079872,2,0,0
211065594,2499860,25413,1609,1H,98,51,2.236068,1,0,0
211065622,2499860,7870,1609,1H,76,48,24.083189,2,0,0
211065645,2499860,7870,1609,1H,78,49,22.022716,1,0,0
211065841,2499860,25413,1609,1H,93,50,7.000000,0,0,0
211065846,2499860,49876,1609,1H,88,51,12.041595,1,0,0
211065930,2499860,3319,1609,1H,84,47,16.278821,3,0,0
211065956,2499860,230020,1609,1H,86,31,23.600847,19,0,0
211066037,2499860,7934,1611,2H,88,67,20.808652,17,0,0
211066039,2499860,134513,1611,2H,98,44,6.324555,6,0,0
211066051,2499860,3361,1609,1H,93,69,20.248457,19,0,0
211066059,2499860,7870,1609,1H,93,49,7.071068,1,0,0
211066116,2499860,167145,1609,1H,78,73,31.827661,23,0,0
211066123,2499860,14869,1609,1H,82,33,24.758837,17,0,0
211066169,2499860,25413,1609,1H,93,42,10.630146,8,0,0
211066178,2499860,7934,1611,2H,98,49,2.236068,1,0,1
211066277,2499860,25413,1609,2H,96,48,4.472136,2,0,1
211066340,2499860,230020,1609,2H,88,55,13.000000,5,0,0
211066378,2499860,230020,1609,2H,88,32,21.633308,18,0,0
211066417,2499860,230020,1609,2H,86,54,14.560220,4,1,0
211066428,2499860,25413,1609,2H,90,39,14.866069,11,0,0
211066429,2499860,3361,1609,2H,97,45,5.830952,5,0,0
211066432,2499860,49876,1609,2H,76,35,28.301943,15,0,0
211066561,2499860,3361,1609,2H,81,34,24.839485,16,0,0
211066602,2499860,3319,1609,2H,87,31,23.021729,19,0,0
211066728,2499860,7870,1609,2H,81,36,23.600847,14,0,0
211066746,2499860,25413,1609,2H,89,63,17.029386,13,0,0
211066786,2499860,7945,1609,2H,89,50,11.000000,0,1,0
211066794,2499860,3361,1609,2H,79,35,25.806976,15,0,0
211066806,2499860,230020,1609,2H,80,32,26.907248,18,0,0
211066831,2499860,3560,1609,2H,91,50,9.000000,0,1,0
211066869,2499860,7870,1609,2H,91,52,9.219544,2,0,0
211066918,2499860,7945,1609,2H,80,46,20.396078,4,0,0
211308270,2499861,8416,1651,1H,93,49,7.071068,1,0,0
211308337,2499861,120353,1612,1H,86,69,23.600847,19,0,0
211308431,2499861,120353,1612,1H,97,38,12.369317,12,0,0
211308441,2499861,15808,1612,1H,92,50,8.000000,0,1,0
211308878,2499861,8416,1651,2H,95,52,5.385165,2,0,0
211309121,2499861,8086,1651,2H,89,65,18.601075,15,0,0
211309152,2499861,8416,1651,2H,90,55,11.180340,5,0,0
211309289,2499861,91381,1651,2H,92,49,8.062258,1,0,0
211309308,2499861,18550,1612,1H,94,57,9.219544,7,1,1
211309334,2499861,15808,1612,1H,94,62,13.416408,12,0,1
211309492,2499861,3802,1612,1H,77,37,26.419690,13,0,0
211309627,2499861,15808,1612,2H,89,54,11.704700,4,0,1
211309727,2499861,120353,1612,2H,89,53,11.401754,3,0,0
211309746,2499861,3802,1612,2H,79,37,24.698178,13,0,0
211309917,2499861,3802,1612,2H,86,30,24.413111,20,0,0
210981191,2499862,3324,1610,1H,91,78,29.410882,28,0,0
210981300,2499862,339789,1613,1H,77,33,28.600699,17,0,0
210981329,2499862,293686,1613,1H,74,66,30.528675,16,0,0
210981338,2499862,135103,1610,1H,89,47,11.401754,3,1,0
210981362,2499862,25707,1610,1H,94,39,12.529964,11,0,0
210981373,2499862,12536,1613,1H,85,66,21.931712,16,0,1
210981428,2499862,135103,1610,1H,91,51,9.055385,1,1,0
210981448,2499862,25707,1610,1H,92,73,24.351591,23,0,1
210981694,2499862,3324,1610,1H,87,67,21.400935,17,1,0
210981719,2499862,3324,1610,1H,97,53,4.242641,3,1,1
210981812,2499862,8625,1610,1H,85,72,26.627054,22,0,0
210981823,2499862,8495,1610,1H,75,34,29.681644,16,0,0
210982019,2499862,14748,1610,1H,88,57,13.892444,7,1,0
210982033,2499862,3523,1613,1H,88,27,25.942244,23,0,0
210982286,2499862,25707,1610,2H,74,27,34.713110,23,0,0
210982291,2499862,8625,1610,2H,84,65,21.931712,15,0,0
210982319,2499862,25707,1610,2H,92,50,8.000000,0,0,0
210982404,2499862,230883,1613,2H,77,67,28.600699,17,0,0
210982418,2499862,3350,1610,2H,77,62,25.942244,12,0,0
210982504,2499862,8625,1610,2H,86,45,14.866069,5,1,0
210982550,2499862,25707,1610,2H,89,28,24.596748,22,0,0
210982662,2499862,25707,1610,2H,92,31,20.615528,19,0,0
210982693,2499862,25707,1610,2H,75,50,25.000000,0,0,0
210982851,2499862,8625,1610,2H,89,45,12.083046,5,0,0
210982922,2499862,293686,1613,2H,80,31,27.586228,19,0,0
210982940,2499862,8004,1613,2H,89,49,11.045361,1,1,0
210982969,2499862,7967,1613,2H,70,65,33.541020,15,0,0
211109363,2499863,16122,1673,1H,88,34,20.000000,16,1,0
211109576,2499863,7944,1623,1H,77,67,28.600699,17,0,0
211109704,2499863,340,1623,1H,85,39,18.601075,11,0,0
211110169,2499863,9419,1673,2H,91,31,21.023796,19,0,0
211110192,2499863,77558,1623,2H,87,53,13.341664,3,0,1
211110313,2499863,9419,1673,2H,80,65,25.000000,15,0,0
211110442,2499863,293687,1623,2H,84,49,16.031220,1,0,0
211110449,2499863,355937,1623,2H,94,54,7.211103,4,1,0
211110574,2499863,11078,1673,2H,78,69,29.068884,19,0,0
211110681,2499863,293687,1623,2H,88,40,15.620499,10,0,1
211105099,2499864,283142,1631,1H,93,37,14.764823,13,0,1
211105110,2499864,8944,1646,1H,95,65,15.811388,15,1,0
211105204,2499864,9433,1646,1H,93,51,7.071068,1,1,0
211105230,2499864,8944,1646,1H,92,55,9.433981,5,1,0
211105259,2499864,93,1646,1H,87,73,26.419690,23,0,0
211105279,2499864,9623,1646,1H,81,79,34.669872,29,0,0
211105507,2499864,9206,1646,1H,89,55,12.083046,5,1,0
211105577,2499864,11294,1646,1H,81,39,21.954498,11,0,0
211105711,2499864,26150,1631,1H,74,46,26.305893,4,0,0
211105909,2499864,26150,1631,2H,80,34,25.612497,16,0,0
211105916,2499864,350976,1631,2H,75,42,26.248809,8,0,0
211105963,2499864,283142,1631,2H,90,55,11.180340,5,0,0
211105966,2499864,265366,1631,2H,69,59,32.280025,9,0,0
211106022,2499864,70092,1646,2H,73,27,35.468296,23,0,0
211106061,2499864,93,1646,2H,81,29,28.319605,21,0,0
211106109,2499864,12829,1631,2H,82,67,24.758837,17,0,0
211106190,2499864,8980,1646,2H,72,40,29.732137,10,0,0
211106193,2499864,265366,1631,2H,80,47,20.223748,3,0,0
211106227,2499864,8013,1631,2H,88,29,24.186773,21,0,0
211106269,2499864,283142,1631,2H,87,58,15.264338,8,0,0
211106300,2499864,283142,1631,2H,90,35,18.027756,15,0,0
211106501,2499864,12829,1631,2H,76,66,28.844410,16,0,0
211106570,2499864,14763,1631,2H,91,67,19.235384,17,0,0
211106594,2499864,26150,1631,2H,87,65,19.849433,15,0,0
211106607,2499864,26150,1631,2H,80,53,20.223748,3,0,0
211106625,2499864,9127,1646,2H,90,41,13.453624,9,1,0
211106680,2499864,9123,1646,2H,84,27,28.017851,23,0,0
211106697,2499864,9123,1646,2H,85,45,15.811388,5,0,0
211406272,2499865,8677,1633,1H,98,44,6.324555,6,0,0
211406444,2499865,8464,1625,1H,79,59,22.847319,9,0,0
211406664,2499865,41174,1633,1H,92,71,22.472205,21,0,0
211406772,2499865,26610,1633,1H,92,73,24.351591,23,0,0
211406789,2499865,21100,1633,1H,91,50,9.000000,0,1,1
211406799,2499865,70086,1625,1H,69,64,34.014703,14,0,0
211406924,2499865,8317,1625,1H,76,25,34.655447,25,0,0
211406942,2499865,11066,1625,1H,85,68,23.430749,18,0,0
211407055,2499865,26499,1633,2H,64,37,38.275318,13,0,0
211407084,2499865,245364,1625,1H,81,27,29.832868,23,0,0
211407092,2499865,8277,1625,1H,67,61,34.785054,11,0,0
211407427,2499865,11066,1625,2H,93,41,11.401754,9,0,0
211407464,2499865,11066,1625,2H,86,72,26.076810,22,0,0
211407478,2499865,70086,1625,2H,99,52,2.236068,2,0,1
211407532,2499865,245364,1625,2H,89,24,28.231188,26,0,0
211407572,2499865,38021,1625,2H,71,74,37.643060,24,0,0
211407601,2499865,245364,1625,2H,79,72,30.413813,22,0,0
211407652,2499865,8317,1625,2H,74,78,38.209946,28,0,0
211407660,2499865,8677,1633,2H,77,32,29.206164,18,0,0
211407684,2499865,245364,1625,2H,77,24,34.713110,26,0,0
211407703,2499865,38021,1625,2H,72,63,30.870698,13,0,0
211407722,2499865,340386,1625,2H,88,42,14.422205,8,0,0
211407769,2499865,26610,1633,2H,89,55,12.083046,5,0,0
211407857,2499865,8317,1625,2H,89,59,14.212670,9,0,0
211407859,2499865,340386,1625,2H,91,34,18.357560,16,0,0
211407882,2499865,8325,1625,2H,81,58,20.615528,8,0,0
211407965,2499865,8317,1625,2H,96,46,5.656854,4,0,1
211408075,2499865,245364,1625,2H,96,29,21.377558,21,0,0
211120240,2499866,471,10531,1H,86,47,14.317821,3,0,1
211120348,2499866,15054,1639,1H,91,43,11.401754,7,0,0
211120409,2499866,77548,1639,1H,75,31,31.400637,19,0,0
211120472,2499866,49872,1639,1H,78,70,29.732137,20,0,0
211120603,2499866,471,10531,1H,80,60,22.360680,10,0,0
211120751,2499866,10252,10531,1H,78,59,23.769729,9,0,0
211120822,2499866,471,10531,1H,74,74,35.383612,24,0,0
211120895,2499866,8747,1639,1H,68,7,53.600373,43,0,0
211120947,2499866,49872,1639,1H,88,52,12.165525,2,0,1
211121038,2499866,15054,1639,1H,88,42,14.422205,8,0,1
211121046,2499866,471,10531,1H,75,64,28.653098,14,0,0
211121186,2499866,8192,10531,2H,70,52,30.066593,2,0,0
211121205,2499866,8192,10531,2H,76,36,27.784888,14,0,0
211121293,2499866,61962,10531,2H,74,66,30.528675,16,0,0
211121708,2499866,15054,1639,2H,93,49,7.071068,1,1,0
211121816,2499866,49872,1639,2H,75,63,28.178006,13,0,0
211121863,2499866,49872,1639,2H,87,62,17.691806,12,0,0
211037679,2499867,8945,1624,1H,70,78,41.036569,28,0,0
211037900,2499867,68085,1644,1H,93,46,8.062258,4,1,1
211037988,2499867,14911,1624,1H,95,40,11.180340,10,0,1
211038035,2499867,377071,1644,1H,93,43,9.899495,7,0,0
211038285,2499867,136441,1624,1H,80,58,21.540659,8,0,0
211038361,2499867,28292,1644,1H,80,74,31.240999,24,0,0
211038527,2499867,11152,1624,2H,77,30,30.479501,20,0,0
211038588,2499867,8717,1624,2H,81,33,25.495098,17,0,0
211038760,2499867,25804,1624,2H,88,68,21.633308,18,0,0
211038765,2499867,377071,1644,2H,93,45,8.602325,5,1,0
211038838,2499867,28292,1644,2H,76,52,24.083189,2,0,0
211039148,2499867,25798,1644,2H,77,60,25.079872,10,0,0
211039296,2499867,377071,1644,2H,94,37,14.317821,13,1,0
211111497,2499868,3577,1627,1H,75,84,42.201896,34,0,0
211111522,2499868,8686,1627,1H,94,51,6.082763,1,0,0
211111538,2499868,3577,1627,1H,75,34,29.681644,16,0,0
211111572,2499868,8958,1627,1H,86,48,14.142136,2,1,0
211111655,2499868,119951,1627,1H,96,40,10.770330,10,1,0
211111685,2499868,8958,1627,1H,97,33,17.262677,17,0,0
211111702,2499868,8958,1627,1H,88,30,23.323808,20,1,0
211111770,2499868,8422,1628,1H,96,33,17.464249,17,0,0
211111895,2499868,8422,1628,1H,80,55,20.615528,5,0,0
211111903,2499868,38031,1628,1H,89,59,14.212670,9,1,0
211111965,2499868,8686,1627,1H,82,68,25.455844,18,0,0
211112181,2499868,434159,1627,2H,89,33,20.248457,17,0,0
211112190,2499868,8958,1627,2H,89,55,12.083046,5,1,0
211112286,2499868,38031,1628,1H,94,67,18.027756,17,0,0
211112296,2499868,38031,1628,1H,90,47,10.440307,3,1,0
211112306,2499868,38031,1628,1H,90,63,16.401219,13,1,0
211112366,2499868,8958,1627,2H,91,33,19.235384,17,0,0
211112368,2499868,8686,1627,2H,85,46,15.524175,4,0,0
211112390,2499868,8422,1628,1H,89,31,21.954498,19,0,0
211112451,2499868,3577,1627,2H,94,71,21.840330,21,0,0
211112455,2499868,434159,1627,2H,97,31,19.235384,19,0,0
211112574,2499868,8686,1627,2H,88,33,20.808652,17,0,0
211112697,2499868,8623,1628,2H,77,52,23.086793,2,0,0
211112754,2499868,8530,1627,2H,83,67,24.041631,17,0,0
211112780,2499868,3577,1627,2H,84,49,16.031220,1,0,0
211112806,2499868,3577,1627,2H,91,44,10.816654,6,1,0
211112850,2499868,8471,1628,2H,86,32,22.803509,18,0,0
211112906,2499868,434159,1627,2H,92,34,17.888544,16,0,0
211112921,2499868,8530,1627,2H,75,65,29.154759,15,0,0
211113028,2499868,8471,1628,2H,77,62,25.942244,12,0,0
213139556,2499869,8903,1644,1H,97,43,7.615773,7,1,0
213139679,2499869,377071,1644,1H,94,56,8.485281,6,0,0
213139738,2499869,20593,1644,1H,76,60,26.000000,10,0,0
213139810,2499869,9206,1646,1H,85,68,23.430749,18,0,0
213139892,2499869,8980,1646,1H,96,41,9.848858,9,0,0
213139918,2499869,11294,1646,1H,87,48,13.152946,2,0,0
213139947,2499869,93,1646,1H,72,60,29.732137,10,0,0
213139963,2499869,9206,1646,1H,79,27,31.144823,23,0,0
213139974,2499869,28292,1644,1H,88,68,21.633308,18,0,0
213139988,2499869,68085,1644,1H,88,38,16.970563,12,0,0
213140305,2499869,160,1644,1H,92,41,12.041595,9,1,0
213140367,2499869,11294,1646,1H,91,34,18.357560,16,0,1
213140398,2499869,92899,1644,1H,98,34,16.124515,16,0,0
213140622,2499869,28292,1644,2H,79,50,21.000000,0,0,0
213140672,2499869,10108,1646,2H,97,46,5.000000,4,0,0
213140716,2499869,160,1644,2H,77,62,25.942244,12,0,0
213140727,2499869,7929,1644,2H,82,52,18.110770,2,0,0
213140963,2499869,93,1646,2H,87,62,17.691806,12,0,0
213141052,2499869,160,1644,2H,94,41,10.816654,9,1,0
213171444,2499870,8501,1628,1H,77,55,23.537205,5,0,0
213171456,2499870,38031,1628,1H,94,46,7.211103,4,1,0
213171489,2499870,235555,1628,1H,90,49,10.049876,1,1,0
213171537,2499870,38031,1628,1H,92,38,14.422205,12,0,0
213171542,2499870,8471,1628,1H,89,64,17.804494,14,0,0
213171754,2499870,8554,1628,1H,68,54,32.249031,4,0,0
213171792,2499870,8296,1659,1H,89,52,11.180340,2,1,0
213171869,2499870,8296,1659,1H,90,46,10.770330,4,0,1
213171930,2499870,8186,1628,1H,96,44,7.211103,6,0,1
213171974,2499870,8471,1628,1H,72,33,32.756679,17,0,0
213172152,2499870,7988,1628,2H,87,57,14.764823,7,0,0
213172165,2499870,8471,1628,2H,86,58,16.124515,8,0,0
213172265,2499870,7988,1628,2H,78,41,23.769729,9,0,0
213172374,2499870,8959,1659,1H,80,55,20.615528,5,0,0
213172553,2499870,8296,1659,1H,92,72,23.409400,22,0,1
213172557,2499870,8186,1628,2H,96,56,7.211103,6,0,0
213172633,2499870,8351,1659,2H,83,55,17.720045,5,0,0
213172672,2499870,235555,1628,2H,86,36,19.798990,14,0,0
213172693,2499870,127537,1628,2H,86,51,14.035669,1,0,0
213172707,2499870,8422,1628,2H,89,30,22.825424,20,0,0
213172789,2499870,8422,1628,2H,87,49,13.038405,1,0,0
213172824,2499870,127537,1628,2H,92,36,16.124515,14,0,0
213172836,2499870,127537,1628,2H,89,40,14.866069,10,0,0
213172854,2499870,302518,1659,2H,71,70,35.227830,20,0,0
213172864,2499870,8959,1659,2H,72,46,28.284271,4,0,0
213172885,2499870,8296,1659,2H,89,54,11.704700,4,0,0
213172985,2499870,9739,1659,2H,73,67,31.906112,17,0,0
213173033,2499870,9739,1659,2H,90,71,23.259407,21,0,0
213173180,2499870,11669,1659,2H,88,69,22.472205,19,0,0
213150332,2499871,214654,1673,1H,80,60,22.360680,10,0,0
213150416,2499871,214654,1673,1H,95,41,10.295630,9,1,1
213150743,2499871,466,1651,1H,80,43,21.189620,7,0,0
213150879,2499871,9419,1673,1H,76,85,42.438190,35,0,0
213150979,2499871,15526,1651,2H,90,53,10.440307,3,0,0
213151095,2499871,214654,1673,1H,92,50,8.000000,0,1,1
213151115,2499871,466,1651,2H,89,49,11.045361,1,0,0
213151253,2499871,9419,1673,2H,87,38,17.691806,12,0,0
213151359,2499871,16436,1673,2H,88,26,26.832816,24,0,0
213151378,2499871,247248,1651,2H,74,67,31.064449,17,0,0
213151399,2499871,9419,1673,2H,94,52,6.324555,2,0,0
213151424,2499871,214654,1673,2H,87,39,17.029386,11,0,0
213151467,2499871,16122,1673,2H,96,65,15.524175,15,0,0
213151479,2499871,16122,1673,2H,92,33,18.788294,17,1,0
213151593,2499871,11078,1673,2H,82,69,26.172505,19,0,0
213151662,2499871,91381,1651,2H,68,33,36.235342,17,0,0
213151694,2499871,466,1651,2H,78,48,22.090722,2,0,0
213151696,2499871,8416,1651,2H,83,25,30.232433,25,0,0
213151705,2499871,62389,1673,2H,78,26,32.557641,24,0,0
213151716,2499871,214654,1673,2H,89,40,14.866069,10,0,0
213151775,2499871,9419,1673,2H,94,68,18.973666,18,0,0
213151885,2499871,9419,1673,2H,85,31,24.207437,19,0,0
213151920,2499871,62389,1673,2H,74,65,30.016662,15,0,0
213151954,2499871,9419,1673,2H,87,60,16.401219,10,0,0
213151969,2499871,14796,1673,2H,82,60,20.591260,10,0,0
213367706,2499872,7964,1612,1H,77,73,32.526912,23,0,0
213367823,2499872,8319,1612,1H,90,38,15.620499,12,0,0
213367895,2499872,120353,1612,1H,86,66,21.260292,16,0,0
213367898,2499872,7868,1612,1H,78,57,23.086793,7,0,0
213367957,2499872,120353,1612,1H,91,74,25.632011,24,0,0
213368267,2499872,8319,1612,1H,75,32,30.805844,18,0,0
213368346,2499872,222220,1612,1H,71,20,41.725292,30,0,0
213368414,2499872,120353,1612,1H,82,44,18.973666,6,0,0
213368486,2499872,120353,1612,1H,87,67,21.400935,17,0,1
213368507,2499872,77558,1623,1H,76,61,26.400758,11,0,0
213368522,2499872,120353,1612,1H,79,70,29.000000,20,0,0
213368527,2499872,7868,1612,1H,73,63,29.966648,13,0,0
213368539,2499872,25747,1612,1H,91,28,23.769729,22,0,0
213368564,2499872,8319,1612,2H,84,65,21.931712,15,0,0
213368591,2499872,120353,1612,2H,92,37,15.264338,13,1,0
213368653,2499872,74,1612,2H,89,66,19.416488,16,0,0
213368658,2499872,120353,1612,2H,83,57,18.384776,7,0,0
213368737,2499872,25747,1612,2H,86,52,14.142136,2,0,0
213368771,2499872,286831,1612,2H,86,45,14.866069,5,0,0
213368870,2499872,257899,1612,2H,89,42,13.601471,8,1,0
213369061,2499872,286831,1612,2H,83,30,26.248809,20,0,0
213369216,2499872,286831,1612,2H,91,53,9.486833,3,1,0
213369287,2499872,3802,1612,2H,71,53,29.154759,3,0,0
213369292,2499872,25393,1612,2H,90,34,18.867962,16,1,0
213369396,2499872,7964,1612,2H,82,35,23.430749,15,0,0
213395254,2499873,105339,1625,1H,78,67,27.802878,17,0,0
213395327,2499873,11066,1625,1H,91,44,10.816654,6,0,0
213395344,2499873,340386,1625,1H,90,64,17.204651,14,0,0
213395519,2499873,105339,1625,1H,74,53,26.172505,3,0,0
213395665,2499873,7922,1611,1H,88,58,14.422205,8,0,0
213395667,2499873,11066,1625,1H,89,62,16.278821,12,0,0
213395677,2499873,70086,1625,1H,76,51,24.020824,1,0,0
213395719,2499873,397178,1611,1H,90,56,11.661904,6,0,1
213395752,2499873,134513,1611,1H,81,36,23.600847,14,0,0
213395824,2499873,11066,1625,1H,81,48,19.104973,2,0,0
213395829,2499873,245364,1625,1H,96,67,17.464249,17,0,0
213395832,2499873,8317,1625,1H,97,52,3.605551,2,0,1
213396146,2499873,245364,1625,2H,78,55,22.561028,5,0,0
213396171,2499873,70086,1625,2H,97,46,5.000000,4,0,1
213396215,2499873,7905,1611,2H,86,71,25.238859,21,0,0
213396412,2499873,397178,1611,2H,88,76,28.635642,26,0,0
213396485,2499873,38021,1625,2H,77,31,29.832868,19,0,0
213396517,2499873,38021,1625,2H,82,47,18.248288,3,0,0
213396586,2499873,7905,1611,2H,94,50,6.000000,0,0,0
213396588,2499873,7906,1611,2H,97,51,3.162278,1,0,0
213396779,2499873,265673,1625,2H,97,41,9.486833,9,0,0
213084826,2499874,283142,1631,1H,92,76,27.202941,26,0,0
213084874,2499874,3327,1613,1H,93,49,7.071068,1,0,1
213084900,2499874,283142,1631,1H,71,57,29.832868,7,0,0
213084920,2499874,12536,1613,1H,81,37,23.021729,13,0,0
213084963,2499874,265366,1631,1H,71,54,29.274562,4,0,0
213085006,2499874,283142,1631,1H,73,52,27.073973,2,0,0
213085039,2499874,26150,1631,1H,73,52,27.073973,2,0,1
213085043,2499874,293686,1613,1H,57,69,47.010637,19,0,0
213085126,2499874,8013,1631,1H,77,34,28.017851,16,0,0
213085185,2499874,149019,1631,1H,98,60,10.198039,10,0,0
213085284,2499874,149019,1631,1H,92,71,22.472205,21,1,0
213085296,2499874,12829,1631,1H,93,73,24.041631,23,0,0
213085390,2499874,293686,1613,1H,82,50,18.000000,0,0,0
213085644,2499874,3327,1613,2H,90,43,12.206556,7,1,0
213085827,2499874,283142,1631,2H,88,35,19.209373,15,0,1
213085908,2499874,350976,1631,2H,76,51,24.020824,1,0,0
213085949,2499874,339789,1613,2H,89,43,13.038405,7,1,0
213085953,2499874,12536,1613,2H,87,61,17.029386,11,0,1
213086064,2499874,12536,1613,2H,91,32,20.124612,18,0,0
213086150,2499874,265366,1631,2H,81,60,21.470911,10,0,0
213086305,2499874,12536,1613,2H,79,40,23.259407,10,0,0
213348956,2499875,8953,1619,1H,91,65,17.492856,15,0,1
213349011,2499875,8953,1619,1H,90,71,23.259407,21,0,0
213349121,2499875,25413,1609,1H,91,49,9.055385,1,0,0
213349351,2499875,7870,1609,1H,86,37,19.104973,13,0,0
213349548,2499875,3319,1609,1H,74,62,28.635642,12,0,0
213349556,2499875,7870,1609,1H,88,55,13.000000,5,0,0
213349753,2499875,25413,1609,1H,89,55,12.083046,5,0,0
213349961,2499875,8116,1619,2H,76,37,27.294688,13,0,0
213350035,2499875,7870,1609,2H,81,67,25.495098,17,0,0
213350121,2499875,7899,1619,2H,76,36,27.784888,14,0,0
213350181,2499875,49876,1609,2H,73,39,29.154759,11,0,0
213350205,2499875,7885,1619,2H,89,36,17.804494,14,0,0
213350343,2499875,3560,1609,2H,72,42,29.120440,8,0,0
213350601,2499875,135114,1619,2H,79,26,31.890437,24,0,0
213350643,2499875,26010,1609,2H,91,51,9.055385,1,1,1
213109961,2499876,246866,10531,1H,95,48,5.385165,2,1,0
213110048,2499876,7914,1627,1H,86,33,22.022716,17,1,0
213110392,2499876,8958,1627,1H,69,25,39.824616,25,0,0
213110416,2499876,77552,10531,1H,86,61,17.804494,11,0,0
213110686,2499876,8336,10531,1H,75,73,33.970576,23,0,0
213110775,2499876,8958,1627,1H,85,36,20.518285,14,0,0
213110819,2499876,246866,10531,1H,95,52,5.385165,2,1,0
213110856,2499876,8192,10531,1H,79,32,27.658633,18,0,0
213111041,2499876,3577,1627,2H,89,69,21.954498,19,0,0
213111044,2499876,3577,1627,2H,89,66,19.416488,16,0,0
213111075,2499876,8958,1627,2H,89,64,17.804494,14,1,0
213111233,2499876,471,10531,2H,74,48,26.076810,2,0,0
213111244,2499876,119951,1627,2H,70,42,31.048349,8,0,0
213111250,2499876,25571,10531,2H,76,56,24.738634,6,0,0
213111419,2499876,25571,10531,2H,73,55,27.459060,5,0,0
213111483,2499876,3577,1627,2H,92,50,8.000000,0,1,0
213111708,2499876,25571,10531,2H,87,27,26.419690,23,0,0
213111721,2499876,343951,10531,2H,91,46,9.848858,4,0,0
213111762,2499876,4365,10531,2H,73,47,27.166155,3,0,0
213111766,2499876,471,10531,2H,93,56,9.219544,6,0,1
213111790,2499876,471,10531,2H,92,55,9.433981,5,1,0
213111820,2499876,25571,10531,2H,84,27,28.017851,23,0,0
213111845,2499876,343951,10531,2H,78,47,22.203603,3,0,0
213057688,2499877,14911,1624,1H,81,36,23.600847,14,0,0
213057728,2499877,15198,1639,1H,89,37,17.029386,13,0,0
213057940,2499877,14911,1624,1H,87,63,18.384776,13,0,0
213058089,2499877,11152,1624,1H,69,43,31.780497,7,0,0
213058152,2499877,8717,1624,1H,88,46,12.649111,4,0,0
213058213,2499877,14911,1624,1H,88,26,26.832816,24,0,0
213058257,2499877,8717,1624,1H,94,54,7.211103,4,0,0
213058310,2499877,8731,1639,2H,89,62,16.278821,12,0,0
213058497,2499877,49872,1639,2H,52,99,68.593003,49,0,0
213058512,2499877,14911,1624,2H,92,58,11.313708,8,0,1
213058544,2499877,8717,1624,2H,94,56,8.485281,6,1,1
213058599,2499877,11152,1624,2H,83,31,25.495098,19,0,0
213058626,2499877,8717,1624,2H,81,35,24.207437,15,0,0
213058710,2499877,8717,1624,2H,84,53,16.278821,3,0,1
213058742,2499877,8731,1639,2H,90,55,11.180340,5,1,1
213058775,2499877,8717,1624,2H,90,56,11.661904,6,0,0
213058877,2499877,20441,1624,2H,95,53,5.830952,3,0,0
213058897,2499877,54,1624,2H,88,44,13.416408,6,0,1
213058982,2499877,54,1624,2H,92,51,8.062258,1,0,0
213059032,2499877,20441,1624,2H,93,51,7.071068,1,1,0
213059050,2499877,8717,1624,2H,91,60,13.453624,10,0,0
213059052,2499877,136441,1624,2H,79,35,25.806976,15,0,0
213059078,2499877,3424,1624,2H,80,43,21.189620,7,0,0
213026054,2499878,8032,1610,1H,91,25,26.570661,25,0,0
213026137,2499878,25707,1610,1H,94,31,19.924859,19,0,0
213026174,2499878,28291,1610,1H,89,53,11.401754,3,0,0
213026283,2499878,31528,1610,1H,81,25,31.400637,25,0,0
213026294,2499878,22889,1610,1H,88,73,25.942244,23,0,0
213026341,2499878,14703,1633,1H,86,53,14.317821,3,0,1
213026428,2499878,3324,1610,1H,90,50,10.000000,0,1,0
213026533,2499878,28291,1610,1H,84,69,24.839485,19,0,0
213026725,2499878,14703,1633,1H,89,68,21.095023,18,0,0
213026800,2499878,3360,1610,2H,72,30,34.409301,20,0,0
213026861,2499878,26499,1633,1H,72,26,36.878178,24,0,0
213026888,2499878,3350,1610,2H,86,47,14.317821,3,1,0
213026978,2499878,8625,1610,2H,89,68,21.095023,18,0,0
213026992,2499878,14703,1633,1H,82,45,18.681542,5,0,0
213027008,2499878,22889,1610,2H,77,18,39.408121,32,0,0
213027107,2499878,25553,1610,2H,77,54,23.345235,4,0,0
213027214,2499878,135103,1610,2H,84,39,19.416488,11,0,0
213027241,2499878,7887,1610,2H,71,35,32.649655,15,0,0
213027402,2499878,8677,1633,2H,86,57,15.652476,7,0,0
213027507,2499878,3324,1610,2H,90,44,11.661904,6,0,0
213027536,2499878,25707,1610,2H,77,44,23.769729,6,0,0
213027728,2499878,3350,1610,2H,72,51,28.017851,1,0,0
214210574,2499879,49872,1639,1H,77,33,28.600699,17,0,0
214210607,2499879,25854,1639,1H,91,47,9.486833,3,0,0
214210727,2499879,9433,1646,1H,88,73,25.942244,23,1,0
214210774,2499879,15054,1639,1H,91,48,9.219544,2,1,0
214210964,2499879,15054,1639,1H,91,64,16.643317,14,0,0
214210975,2499879,332605,1639,1H,81,38,22.472205,12,0,0
214211198,2499879,332605,1639,1H,74,42,27.202941,8,0,0
214211250,2499879,70092,1646,1H,76,81,39.204592,31,0,0
214211318,2499879,11294,1646,1H,86,36,19.798990,14,0,0
214211325,2499879,93,1646,1H,83,76,31.064449,26,0,0
214211475,2499879,49872,1639,2H,75,52,25.079872,2,0,0
214211711,2499879,7932,1639,2H,77,56,23.769729,6,0,0
214211862,2499879,332605,1639,2H,79,42,22.472205,8,0,0
214211872,2499879,15198,1639,2H,80,37,23.853721,13,0,0
214211912,2499879,8747,1639,2H,88,44,13.416408,6,0,0
214211944,2499879,70092,1646,2H,74,26,35.383612,24,0,0
214211973,2499879,93,1646,2H,93,29,22.135944,21,0,0
214212003,2499879,15198,1639,2H,93,34,17.464249,16,1,0
214212067,2499879,9123,1646,2H,76,50,24.000000,0,0,0
214212153,2499879,9123,1646,2H,87,52,13.152946,2,0,1
214212191,2499879,15054,1639,2H,63,35,39.924930,15,0,0
214197920,2499880,62389,1673,1H,79,55,21.587033,5,0,0
214198363,2499880,105333,1610,1H,85,32,23.430749,18,0,0
214198418,2499880,28291,1610,1H,68,30,37.735925,20,0,0
214198504,2499880,28291,1610,1H,97,40,10.440307,10,0,1
214198721,2499880,31528,1610,1H,81,50,19.000000,0,0,0
214198802,2499880,28291,1610,1H,90,59,13.453624,9,1,0
214198850,2499880,105333,1610,1H,93,59,11.401754,9,1,1
214198864,2499880,3360,1610,1H,88,35,19.209373,15,0,0
214198959,2499880,9419,1673,2H,92,33,18.788294,17,0,0
214198973,2499880,55979,1673,2H,70,62,32.310989,12,0,0
214199064,2499880,3360,1610,2H,86,49,14.035669,1,0,1
214199096,2499880,9419,1673,2H,77,32,29.206164,18,0,0
214199264,2499880,8625,1610,2H,90,72,24.166092,22,0,0
214199299,2499880,25707,1610,2H,95,64,14.866069,14,0,0
214199387,2499880,3360,1610,2H,84,49,16.031220,1,0,0
214199407,2499880,3360,1610,2H,87,42,15.264338,8,0,0
214199497,2499880,15823,1673,2H,80,38,23.323808,12,0,0
214199532,2499880,38377,1673,2H,88,44,13.416408,6,1,1
214451486,2499881,8325,1625,1H,91,65,17.492856,15,0,0
214451505,2499881,105339,1625,1H,84,56,17.088007,6,0,0
214451587,2499881,25571,10531,1H,81,42,20.615528,8,0,0
214451679,2499881,38021,1625,1H,91,71,22.847319,21,0,0
214451735,2499881,8325,1625,1H,94,52,6.324555,2,1,0
214451852,2499881,8325,1625,1H,92,47,8.544004,3,1,0
214451914,2499881,70086,1625,1H,96,65,15.524175,15,0,0
214451938,2499881,8317,1625,1H,95,43,8.602325,7,0,1
214451972,2499881,8325,1625,1H,88,55,13.000000,5,0,0
214452138,2499881,70083,1625,1H,72,47,28.160256,3,0,0
214452190,2499881,11066,1625,1H,90,32,20.591260,18,0,0
214452375,2499881,8317,1625,2H,90,58,12.806248,8,0,0
214452453,2499881,8325,1625,2H,95,70,20.615528,20,0,0
214452502,2499881,8317,1625,2H,97,44,6.708204,6,0,1
214452509,2499881,471,10531,2H,83,40,19.723083,10,0,0
214452568,2499881,4365,10531,2H,76,66,28.844410,16,0,0
214452694,2499881,8325,1625,2H,94,66,17.088007,16,0,0
214452879,2499881,25571,10531,2H,89,50,11.000000,0,0,0
214452951,2499881,25571,10531,2H,78,18,38.832976,32,0,0
214452988,2499881,11066,1625,2H,92,46,8.944272,4,0,0
214453135,2499881,11066,1625,2H,85,43,16.552945,7,0,0
214453136,2499881,241564,1625,2H,79,30,29.000000,20,0,0
214453169,2499881,8325,1625,2H,94,64,15.231546,14,0,1
214453188,2499881,265673,1625,2H,82,71,27.658633,21,0,0
214453238,2499881,8325,1625,2H,74,36,29.529646,14,0,0
214453695,2499882,230020,1609,1H,84,63,20.615528,13,0,0
214453696,2499882,3361,1609,1H,85,38,19.209373,12,0,0
214453702,2499882,3361,1609,1H,88,36,18.439089,14,0,0
214453923,2499882,3361,1609,1H,87,54,13.601471,4,0,0
214453926,2499882,279717,1609,1H,83,69,25.495098,19,0,0
214454065,2499882,230020,1609,1H,89,61,15.556349,11,0,0
214454091,2499882,230020,1609,1H,78,43,23.086793,7,0,0
214454246,2499882,26010,1609,1H,92,61,13.601471,11,0,0
214454326,2499882,7873,1609,1H,82,37,22.203603,13,0,0
214454351,2499882,49876,1609,1H,66,63,36.400549,13,0,0
214454382,2499882,49876,1609,1H,76,59,25.632011,9,0,0
214454397,2499882,14703,1633,2H,89,57,13.038405,7,0,0
214454480,2499882,167145,1609,2H,75,55,25.495098,5,0,0
214454539,2499882,49876,1609,2H,74,33,31.064449,17,0,0
214454660,2499882,3361,1609,2H,87,27,26.419690,23,0,0
214454661,2499882,3319,1609,2H,93,43,9.899495,7,0,0
214454667,2499882,14703,1633,2H,92,65,17.000000,15,1,0
214454767,2499882,8677,1633,2H,72,50,28.000000,0,0,0
214454935,2499882,7873,1609,2H,92,54,8.944272,4,0,0
214455099,2499882,167145,1609,2H,84,67,23.345235,17,0,0
214455117,2499882,3361,1609,2H,82,33,24.758837,17,0,0
214455225,2499882,7873,1609,2H,80,56,20.880613,6,0,0
214455248,2499882,7941,1633,2H,90,37,16.401219,13,0,0
214455266,2499882,14703,1633,2H,80,75,32.015621,25,0,0
214208404,2499883,160,1644,1H,80,75,32.015621,25,0,0
214208409,2499883,160,1644,1H,94,58,10.000000,8,0,1
214208547,2499883,377071,1644,1H,86,52,14.142136,2,0,0
214208691,2499883,397168,1628,1H,75,65,29.154759,15,0,0
214208721,2499883,8471,1628,1H,73,47,27.166155,3,0,0
214208754,2499883,8471,1628,1H,74,51,26.019224,1,0,0
214208803,2499883,377071,1644,1H,86,32,22.803509,18,0,0
214208842,2499883,377071,1644,1H,96,25,25.317978,25,0,0
214208908,2499883,8186,1628,1H,87,50,13.000000,0,1,0
214208953,2499883,8903,1644,1H,96,54,5.656854,4,0,0
214209132,2499883,127537,1628,1H,90,33,19.723083,17,1,0
214209436,2499883,235555,1628,2H,88,52,12.165525,2,0,0
214209437,2499883,8501,1628,2H,80,37,23.853721,13,0,0
214209514,2499883,160,1644,2H,80,70,28.284271,20,0,0
214209602,2499883,377071,1644,2H,91,35,17.492856,15,0,0
214209844,2499883,235555,1628,2H,88,60,15.620499,10,0,0
214209975,2499883,8422,1628,2H,89,26,26.400758,24,0,0
214210014,2499883,8422,1628,2H,82,33,24.758837,17,0,0
214210015,2499883,25865,1628,2H,90,47,10.440307,3,0,0
214210045,2499883,8623,1628,2H,90,42,12.806248,8,0,1
214210081,2499883,25865,1628,2H,91,47,9.486833,3,0,1
214447202,2499884,7934,1611,1H,89,62,16.278821,12,0,0
214447267,2499884,7989,1659,1H,82,55,18.681542,5,0,0
214447552,2499884,8959,1659,1H,77,63,26.419690,13,0,0
214447587,2499884,9637,1659,1H,88,34,20.000000,16,0,0
214447614,2499884,9285,1659,1H,81,32,26.172505,18,0,0
214447668,2499884,7989,1659,1H,89,66,19.416488,16,0,0
214447693,2499884,7905,1611,1H,97,59,9.486833,9,1,1
214447772,2499884,8959,1659,1H,86,71,25.238859,21,0,0
214447858,2499884,9279,1659,1H,95,58,9.433981,8,0,0
214448064,2499884,62224,1659,1H,90,11,40.261644,39,0,0
214448301,2499884,62224,1659,2H,75,40,26.925824,10,0,0
214448441,2499884,7934,1611,2H,83,52,17.117243,2,0,0
214448445,2499884,7905,1611,2H,95,33,17.720045,17,0,0
214448452,2499884,134513,1611,2H,96,50,4.000000,0,0,0
214448685,2499884,8296,1659,2H,83,47,17.262677,3,0,0
214448703,2499884,397178,1611,2H,81,21,34.669872,29,0,0
214448806,2499884,134102,1659,2H,95,53,5.830952,3,1,0
214448821,2499884,8296,1659,2H,97,62,12.369317,12,0,0
214449033,2499884,62224,1659,2H,76,44,24.738634,6,0,0
214449076,2499884,7905,1611,2H,87,44,14.317821,6,0,0
214491859,2499885,25706,1623,1H,83,49,17.029386,1,0,0
214492071,2499885,8284,1623,1H,90,50,10.000000,0,1,0
214492073,2499885,7944,1623,1H,98,48,2.828427,2,0,1
214492287,2499885,339789,1613,1H,67,49,33.015148,1,0,0
214492328,2499885,77558,1623,1H,92,48,8.246211,2,1,0
214492370,2499885,9227,1613,1H,74,53,26.172505,3,0,0
214492486,2499885,9227,1613,1H,90,27,25.079872,23,0,0
214492630,2499885,3523,1613,1H,69,29,37.443290,21,0,0
214492668,2499885,7944,1623,2H,73,56,27.658633,6,0,0
214492672,2499885,252365,1613,1H,88,55,13.000000,5,0,0
214492714,2499885,339789,1613,1H,71,29,35.805028,21,0,0
214492785,2499885,77558,1623,2H,79,41,22.847319,9,0,0
214492834,2499885,77546,1623,2H,90,54,10.770330,4,1,0
214492844,2499885,12536,1613,1H,87,46,13.601471,4,0,0
214493106,2499885,339789,1613,2H,81,49,19.026298,1,0,0
214493110,2499885,3523,1613,2H,95,41,10.295630,9,1,0
214493233,2499885,7967,1613,2H,75,56,25.709920,6,0,0
214493267,2499885,339789,1613,2H,81,74,30.610456,24,0,0
214493423,2499885,70215,1613,2H,87,64,19.104973,14,0,0
214493490,2499885,7967,1613,2H,74,54,26.305893,4,0,0
214481134,2499886,703,1619,1H,96,45,6.403124,5,0,0
214481139,2499886,29640,1619,1H,83,73,28.600699,23,0,0
214481337,2499886,26150,1631,1H,77,37,26.419690,13,0,1
214481471,2499886,14763,1631,1H,80,37,23.853721,13,0,0
214481478,2499886,265366,1631,1H,71,52,29.068884,2,0,0
214481519,2499886,14763,1631,1H,86,47,14.317821,3,0,0
214481592,2499886,12829,1631,1H,92,46,8.944272,4,0,0
214481604,2499886,14853,1631,1H,81,37,23.021729,13,0,0
214481605,2499886,14763,1631,1H,97,47,4.242641,3,0,1
214481698,2499886,8498,1631,1H,97,45,5.830952,5,0,1
214481776,2499886,265366,1631,1H,78,52,22.090722,2,0,0
214481813,2499886,8953,1619,1H,83,29,27.018512,21,0,0
214481878,2499886,265366,1631,2H,87,58,15.264338,8,1,0
214481966,2499886,14853,1631,2H,79,45,21.587033,5,0,0
214481978,2499886,8653,1631,2H,90,67,19.723083,17,0,0
214482050,2499886,370,1619,1H,89,41,14.212670,9,0,0
214482155,2499886,14763,1631,2H,93,55,8.602325,5,0,1
214482157,2499886,7899,1619,1H,91,49,9.055385,1,1,0
214482464,2499886,703,1619,2H,95,46,6.403124,4,1,1
214482510,2499886,8953,1619,2H,96,51,4.123106,1,0,0
214482669,2499886,8144,1619,2H,79,40,23.259407,10,0,0
214482709,2499886,8953,1619,2H,82,52,18.110770,2,1,0
214479096,2499887,3577,1627,1H,81,39,21.954498,11,0,0
214479189,2499887,86308,1627,1H,86,49,14.035669,1,1,0
214479313,2499887,8686,1627,1H,73,44,27.658633,6,0,0
214479400,2499887,18550,1612,1H,79,35,25.806976,15,0,0
214479522,2499887,15808,1612,1H,94,34,17.088007,16,0,0
214479564,2499887,222220,1612,1H,89,31,21.954498,19,0,0
214479649,2499887,346101,1612,1H,76,70,31.240999,20,0,0
214479758,2499887,3802,1612,1H,75,39,27.313001,11,0,0
214479904,2499887,86308,1627,2H,92,58,11.313708,8,1,0
214479919,2499887,119951,1627,2H,95,42,9.433981,8,1,0
214479948,2499887,15808,1612,1H,90,29,23.259407,21,0,0
214479953,2499887,120353,1612,1H,90,66,18.867962,16,0,0
214480340,2499887,8370,1627,2H,74,36,29.529646,14,0,0
214480356,2499887,25747,1612,2H,89,36,17.804494,14,0,0
214480384,2499887,120353,1612,2H,92,38,14.422205,12,1,0
214480485,2499887,25747,1612,2H,92,38,14.422205,12,0,0
214480757,2499887,286831,1612,2H,90,36,17.204651,14,0,0
214480786,2499887,7868,1612,2H,88,36,18.439089,14,0,0
214480841,2499887,3802,1612,2H,79,73,31.144823,23,0,0
214470481,2499888,14911,1624,1H,88,30,23.323808,20,0,0
214470534,2499888,20441,1624,1H,86,43,15.652476,7,0,0
214470655,2499888,91381,1651,1H,93,51,7.071068,1,0,0
214470769,2499888,25785,1624,1H,96,69,19.416488,19,0,0
214470778,2499888,54,1624,1H,77,50,23.000000,0,0,0
214470780,2499888,8717,1624,1H,95,37,13.928388,13,0,0
214470852,2499888,14911,1624,1H,97,59,9.486833,9,0,0
214470865,2499888,8717,1624,1H,78,52,22.090722,2,0,0
214470954,2499888,8717,1624,1H,76,55,24.515301,5,0,0
214470958,2499888,20441,1624,1H,88,51,12.041595,1,0,0
214471060,2499888,25804,1624,1H,79,46,21.377558,4,0,0
214471078,2499888,25785,1624,1H,93,89,39.623226,39,0,1
214471240,2499888,8717,1624,2H,89,55,12.083046,5,0,0
214471258,2499888,210044,1624,2H,93,41,11.401754,9,0,0
214471282,2499888,25785,1624,2H,71,55,29.427878,5,0,0
214471290,2499888,8717,1624,2H,79,43,22.135944,7,0,0
214471518,2499888,14911,1624,2H,73,66,31.384710,16,0,0
214471552,2499888,8242,1651,1H,89,40,14.866069,10,1,0
214471663,2499888,8717,1624,2H,87,36,19.104973,14,0,0
214471691,2499888,8717,1624,2H,82,39,21.095023,11,0,0
214471731,2499888,13484,1624,2H,78,46,22.360680,4,0,0
214471829,2499888,466,1651,2H,74,25,36.069378,25,0,0
214471844,2499888,8292,1624,2H,91,35,17.492856,15,0,0
214471894,2499888,14911,1624,2H,95,62,13.000000,12,1,1
214472008,2499888,8717,1624,1H,96,41,9.848858,9,0,0
214472010,2499888,3657,1651,2H,77,31,29.832868,19,0,0
214472020,2499888,20441,1624,2H,83,36,22.022716,14,0,0
214472035,2499888,8242,1651,2H,90,39,14.866069,11,1,0
214472084,2499888,3657,1651,2H,90,49,10.049876,1,0,0
214472092,2499888,25950,1651,2H,88,73,25.942244,23,0,0
215449857,2499889,9739,1659,1H,75,75,35.355339,25,0,0
215449896,2499889,3802,1612,1H,87,34,20.615528,16,1,0
215450073,2499889,3802,1612,1H,72,34,32.249031,16,0,0
215450099,2499889,120353,1612,1H,88,64,18.439089,14,0,0
215450239,2499889,3802,1612,1H,87,42,15.264338,8,0,1
215450240,2499889,8296,1659,1H,89,63,17.029386,13,0,0
215450275,2499889,120353,1612,1H,87,60,16.401219,10,0,0
215450328,2499889,8959,1659,1H,81,51,19.026298,1,0,0
215450359,2499889,15808,1612,1H,90,57,12.206556,7,0,0
215450377,2499889,25393,1612,1H,97,49,3.162278,1,1,1
215450633,2499889,62224,1659,2H,92,29,22.472205,21,0,0
215450662,2499889,7868,1612,1H,80,62,23.323808,12,0,0
215450689,2499889,8296,1659,2H,82,35,23.430749,15,0,0
215450721,2499889,9739,1659,2H,88,77,29.546573,27,0,0
215450730,2499889,120353,1612,1H,89,57,13.038405,7,0,0
215450770,2499889,120353,1612,1H,92,59,12.041595,9,0,1
215450941,2499889,222220,1612,2H,80,41,21.931712,9,0,0
215451080,2499889,7868,1612,2H,93,32,19.313208,18,0,0
215451217,2499889,15808,1612,2H,91,42,12.041595,8,1,1
215451267,2499889,3802,1612,2H,86,58,16.124515,8,0,0
215451429,2499889,7868,1612,2H,89,70,22.825424,20,0,0
215451468,2499889,3802,1612,2H,71,66,33.120990,16,0,0
215451475,2499889,8955,1612,2H,90,38,15.620499,12,0,0
215451548,2499889,286831,1612,2H,79,57,22.135944,7,0,0
215451549,2499889,8140,1612,2H,90,42,12.806248,8,1,0
215156648,2499890,25413,1609,1H,75,50,25.000000,0,0,0
215156717,2499890,8833,1613,1H,89,66,19.416488,16,1,0
215156735,2499890,252365,1613,1H,77,68,29.206164,18,0,0
215156753,2499890,25413,1609,1H,86,29,25.238859,21,0,0
215156755,2499890,167145,1609,1H,88,56,13.416408,6,0,0
215156827,2499890,3361,1609,1H,86,55,14.866069,5,0,0
215156847,2499890,279717,1609,1H,78,60,24.166092,10,0,0
215157145,2499890,3361,1609,1H,88,39,16.278821,11,0,0
215157147,2499890,3319,1609,1H,86,45,14.866069,5,0,1
215157230,2499890,167145,1609,1H,92,68,19.697716,18,0,0
215157321,2499890,49876,1609,1H,74,37,29.068884,13,0,0
215157482,2499890,3319,1609,1H,97,66,16.278821,16,0,0
215157513,2499890,230020,1609,1H,84,64,21.260292,14,0,0
215157580,2499890,3361,1609,1H,81,34,24.839485,16,0,0
215157796,2499890,279717,1609,2H,75,28,33.301652,22,0,0
215157818,2499890,25413,1609,2H,89,71,23.706539,21,0,0
215157903,2499890,25413,1609,2H,89,65,18.601075,15,0,0
215157925,2499890,9227,1613,2H,76,38,26.832816,12,0,0
215157942,2499890,230020,1609,2H,92,40,12.806248,10,0,0
215157972,2499890,3361,1609,2H,85,34,21.931712,16,0,0
215158004,2499890,293686,1613,2H,80,37,23.853721,13,0,0
215158010,2499890,230020,1609,2H,90,40,14.142136,10,0,0
215158011,2499890,134294,1613,2H,74,55,26.476405,5,0,0
215158210,2499890,7873,1609,2H,92,53,8.544004,3,0,0
215158219,2499890,7855,1609,2H,92,51,8.062258,1,1,0
215158369,2499890,7945,1609,2H,86,69,23.600847,19,0,0
215158380,2499890,230883,1613,2H,70,31,35.510562,19,0,0
215158416,2499890,26010,1609,2H,91,75,26.570661,25,0,0
215158417,2499890,3327,1613,2H,77,45,23.537205,5,0,0
215158439,2499890,230883,1613,2H,86,32,22.803509,18,0,0
215158475,2499890,230883,1613,2H,87,41,15.811388,9,1,0
215158545,2499890,9227,1613,2H,72,55,28.442925,5,0,0
215154716,2499891,9097,1651,1H,90,46,10.770330,4,0,0
215154747,2499891,8416,1651,1H,92,47,8.544004,3,1,0
215154871,2499891,25950,1651,1H,92,55,9.433981,5,0,0
215154875,2499891,8086,1651,1H,84,62,20.000000,12,0,0
215154893,2499891,93,1646,1H,87,37,18.384776,13,0,0
215154932,2499891,9097,1651,1H,91,46,9.848858,4,1,0
215154973,2499891,93,1646,1H,81,57,20.248457,7,0,0
215154978,2499891,93,1646,1H,80,39,22.825424,11,0,0
215155125,2499891,8416,1651,1H,92,32,19.697716,18,0,0
215155281,2499891,26495,1651,1H,76,38,26.832816,12,0,0
215155439,2499891,9206,1646,2H,82,48,18.110770,2,0,0
215155532,2499891,93,1646,2H,84,31,24.839485,19,0,0
215155554,2499891,9433,1646,2H,93,48,7.280110,2,1,0
215155727,2499891,11294,1646,2H,93,54,8.062258,4,0,0
215155734,2499891,11294,1646,2H,94,49,6.082763,1,0,0
215155898,2499891,9206,1646,2H,90,61,14.866069,11,0,0
215155915,2499891,8516,1646,2H,69,62,33.241540,12,0,0
215156012,2499891,466,1651,2H,73,37,29.966648,13,0,0
215156043,2499891,247248,1651,2H,73,62,29.546573,12,0,0
215156073,2499891,247248,1651,2H,75,62,27.730849,12,0,0
215156138,2499891,9127,1646,2H,89,53,11.401754,3,0,0
215070697,2499892,135114,1619,1H,78,64,26.076810,14,0,0
215070741,2499892,8144,1619,1H,78,59,23.769729,9,0,0
215070838,2499892,105333,1610,1H,88,45,13.000000,5,0,0
215070875,2499892,28291,1610,1H,72,43,28.861739,7,0,0
215070960,2499892,7887,1610,1H,73,45,27.459060,5,0,0
215071057,2499892,31528,1610,1H,78,52,22.090722,2,0,0
215071240,2499892,8032,1610,1H,89,34,19.416488,16,0,0
215071369,2499892,28291,1610,1H,82,54,18.439089,4,0,0
215071418,2499892,3360,1610,1H,88,37,17.691806,13,0,0
215071591,2499892,105333,1610,2H,82,71,27.658633,21,0,0
215071611,2499892,105333,1610,2H,82,52,18.110770,2,0,0
215071684,2499892,105333,1610,2H,79,32,27.658633,18,0,0
215071722,2499892,25553,1610,2H,73,68,32.449961,18,0,0
215071873,2499892,8953,1619,2H,83,36,22.022716,14,0,0
215071998,2499892,25707,1610,2H,91,61,14.212670,11,0,0
215072055,2499892,8032,1610,2H,76,48,24.083189,2,0,0
215072144,2499892,3324,1610,2H,92,66,17.888544,16,0,0
215072153,2499892,8032,1610,2H,91,35,17.492856,15,1,0
215072161,2499892,8953,1619,2H,95,35,15.811388,15,0,0
215072188,2499892,3350,1610,2H,98,35,15.132746,15,0,0
215072244,2499892,3324,1610,2H,72,44,28.635642,6,0,0
215072320,2499892,8953,1619,2H,93,56,9.219544,6,0,0
215072369,2499892,8032,1610,2H,89,34,19.416488,16,0,0
215072414,2499892,28291,1610,2H,91,50,9.000000,0,1,0
215072449,2499892,3350,1610,2H,78,56,22.803509,6,0,0
215072471,2499892,3350,1610,2H,89,33,20.248457,17,0,0
215072483,2499892,25553,1610,2H,74,46,26.305893,4,0,0
215865814,2499893,179,10531,1H,88,68,21.633308,18,0,0
215866058,2499893,4365,10531,1H,79,33,27.018512,17,0,0
215866105,2499893,179,10531,1H,81,67,25.495098,17,0,0
215866115,2499893,7944,1623,1H,92,39,13.601471,11,0,0
215866140,2499893,293687,1623,1H,82,41,20.124612,9,0,0
215866280,2499893,8284,1623,1H,87,67,21.400935,17,0,0
215866345,2499893,262,10531,1H,97,47,4.242641,3,0,1
215866422,2499893,8192,10531,1H,77,35,27.459060,15,0,0
215866538,2499893,293687,1623,1H,89,59,14.212670,9,0,1
215866776,2499893,8336,10531,2H,69,82,44.553339,32,0,0
215866818,2499893,77552,10531,2H,73,30,33.600595,20,0,0
215866901,2499893,77558,1623,2H,73,35,30.886890,15,0,0
215866937,2499893,293687,1623,2H,91,43,11.401754,7,1,0
215866992,2499893,77558,1623,2H,75,33,30.232433,17,0,1
215867161,2499893,293687,1623,2H,86,24,29.529646,26,0,0
215867249,2499893,293687,1623,2H,87,36,19.104973,14,0,0
215867279,2499893,406682,1623,2H,88,63,17.691806,13,0,0
215037258,2499894,7988,1628,1H,71,27,37.013511,23,0,0
215037304,2499894,8653,1631,1H,87,49,13.038405,1,1,0
215037345,2499894,235555,1628,1H,85,48,15.132746,2,0,0
215037350,2499894,8422,1628,1H,94,29,21.840330,21,0,0
215037449,2499894,3928,1631,1H,85,34,21.931712,16,0,0
215037490,2499894,38031,1628,1H,90,48,10.198039,2,1,1
215037662,2499894,235555,1628,1H,83,43,18.384776,7,0,0
215037786,2499894,265366,1631,1H,73,41,28.460499,9,0,0
215037815,2499894,8422,1628,1H,89,66,19.416488,16,0,0
215037819,2499894,12829,1631,1H,91,43,11.401754,7,0,0
215037967,2499894,8422,1628,1H,88,62,16.970563,12,0,1
215038165,2499894,26150,1631,2H,90,71,23.259407,21,0,0
215038173,2499894,38031,1628,2H,91,51,9.055385,1,1,0
215038281,2499894,265366,1631,2H,93,81,31.780497,31,0,0
215038641,2499894,350976,1631,2H,66,52,34.058773,2,0,0
215038680,2499894,8488,1631,2H,95,62,13.000000,12,1,0
215038725,2499894,38031,1628,2H,96,38,12.649111,12,1,0
215038803,2499894,8471,1628,2H,83,31,25.495098,19,0,0
215038823,2499894,38031,1628,2H,88,62,16.970563,12,0,0
215038893,2499894,283142,1631,2H,83,39,20.248457,11,0,0
215038923,2499894,283142,1631,2H,95,27,23.537205,23,0,0
215039006,2499894,25865,1628,2H,83,52,17.117243,2,0,1
215108558,2499895,8325,1625,1H,92,62,14.422205,12,1,0
215108640,2499895,14808,1625,1H,92,43,10.630146,7,1,1
215108755,2499895,8325,1625,1H,85,27,27.459060,23,0,0
215108760,2499895,11066,1625,1H,88,37,17.691806,13,0,0
215108786,2499895,38021,1625,1H,77,46,23.345235,4,0,0
215108826,2499895,14808,1625,1H,88,33,20.808652,17,0,0
215108879,2499895,8325,1625,1H,88,67,20.808652,17,0,0
215108944,2499895,8325,1625,1H,82,50,18.000000,0,0,0
215109097,2499895,8325,1625,1H,87,70,23.853721,20,0,0
215109134,2499895,14808,1625,1H,74,44,26.683328,6,0,0
215109180,2499895,8717,1624,1H,82,25,30.805844,25,0,0
215109454,2499895,245364,1625,2H,89,30,22.825424,20,0,0
215109497,2499895,48,1624,2H,84,32,24.083189,18,0,0
215109572,2499895,8717,1624,2H,77,48,23.086793,2,0,0
215109623,2499895,245364,1625,2H,88,42,14.422205,8,0,0
215109624,2499895,11066,1625,2H,93,52,7.280110,2,0,0
215109644,2499895,38021,1625,2H,91,29,22.847319,21,0,1
215109661,2499895,8292,1624,2H,82,30,26.907248,20,0,0
215109704,2499895,11066,1625,2H,89,55,12.083046,5,0,0
215109780,2499895,11066,1625,2H,99,56,6.082763,6,0,1
215109783,2499895,14911,1624,2H,79,61,23.706539,11,0,0
215109837,2499895,265673,1625,2H,93,29,22.135944,21,0,0
215109889,2499895,11066,1625,2H,78,46,22.360680,4,0,0
215109918,2499895,11066,1625,2H,92,59,12.041595,9,0,1
215110118,2499895,54,1624,2H,81,44,19.924859,6,0,1
215171474,2499896,26499,1633,1H,79,41,22.847319,9,0,0
215171592,2499896,8677,1633,1H,80,23,33.600595,27,0,0
215171716,2499896,49872,1639,1H,81,71,28.319605,21,0,0
215171773,2499896,8731,1639,1H,89,44,12.529964,6,1,0
215171817,2499896,77548,1639,1H,77,38,25.942244,12,0,0
215172065,2499896,14703,1633,1H,91,65,17.492856,15,0,0
215172073,2499896,49872,1639,1H,81,36,23.600847,14,0,0
215172122,2499896,41174,1633,1H,71,44,29.614186,6,0,0
215172187,2499896,49872,1639,1H,81,68,26.172505,18,0,0
215172210,2499896,332605,1639,2H,81,26,30.610456,24,0,0
215172214,2499896,15054,1639,2H,90,39,14.866069,11,1,0
215172267,2499896,49872,1639,2H,86,48,14.142136,2,0,0
215172275,2499896,77548,1639,2H,77,62,25.942244,12,0,0
215172284,2499896,8731,1639,2H,95,63,13.928388,13,0,0
215172303,2499896,332605,1639,2H,78,31,29.068884,19,0,0
215172323,2499896,49872,1639,2H,73,57,27.892651,7,0,0
215172327,2499896,14703,1633,1H,90,39,14.866069,11,0,0
215172520,2499896,49872,1639,2H,92,63,15.264338,13,0,0
215172624,2499896,14703,1633,2H,94,44,8.485281,6,0,0
215172652,2499896,7961,1639,2H,86,37,19.104973,13,0,0
215172658,2499896,8731,1639,2H,93,48,7.280110,2,1,0
215172773,2499896,9532,1639,2H,79,33,27.018512,17,0,0
215172803,2499896,14703,1633,2H,88,60,15.620499,10,0,0
215172882,2499896,14703,1633,2H,93,73,24.041631,23,0,0
215172947,2499896,26610,1633,2H,89,64,17.804494,14,0,0
215172974,2499896,14703,1633,2H,93,58,10.630146,8,0,1
215173042,2499896,26610,1633,2H,97,58,8.544004,8,0,0
215173067,2499896,26610,1633,2H,91,48,9.219544,2,0,1
215173096,2499896,7941,1633,2H,95,39,12.083046,11,0,0
215158906,2499897,15215,1673,1H,93,66,17.464249,16,1,0
215158920,2499897,377071,1644,1H,96,32,18.439089,18,0,0
215158958,2499897,16436,1673,1H,97,58,8.544004,8,0,0
215158961,2499897,16122,1673,1H,98,48,2.828427,2,0,1
215159110,2499897,377071,1644,1H,93,26,25.000000,24,0,0
215159111,2499897,14796,1673,1H,78,39,24.596748,11,0,0
215159219,2499897,62389,1673,1H,96,45,6.403124,5,0,1
215159596,2499897,160,1644,2H,74,74,35.383612,24,0,0
215159617,2499897,70156,1644,2H,87,33,21.400935,17,0,0
215159752,2499897,173,1673,1H,86,64,19.798990,14,0,0
215159773,2499897,14688,1644,2H,87,43,14.764823,7,1,0
215159808,2499897,160,1644,2H,83,67,24.041631,17,0,0
215159817,2499897,20593,1644,2H,87,63,18.384776,13,0,0
215159830,2499897,28292,1644,2H,73,43,27.892651,7,0,1
215159862,2499897,9419,1673,2H,89,25,27.313001,25,0,0
215159866,2499897,16436,1673,2H,90,59,13.453624,9,1,0
215159883,2499897,38377,1673,2H,90,68,20.591260,18,0,1
215159963,2499897,377071,1644,2H,88,33,20.808652,17,0,0
215159972,2499897,10663,1644,2H,90,64,17.204651,14,0,0
215160018,2499897,377071,1644,2H,72,36,31.304952,14,0,0
215160040,2499897,160,1644,2H,88,42,14.422205,8,1,0
215160291,2499897,20593,1644,2H,93,65,16.552945,15,0,0
215160331,2499897,62389,1673,2H,90,31,21.470911,19,0,0
215160393,2499897,9419,1673,2H,88,25,27.730849,25,0,0
215160442,2499897,16436,1673,2H,87,40,16.401219,10,0,0
215160447,2499897,38377,1673,2H,96,49,4.123106,1,1,0
215966934,2499898,397178,1611,1H,84,31,24.839485,19,0,0
215967254,2499898,7914,1627,1H,89,67,20.248457,17,1,0
215967404,2499898,7905,1611,1H,92,51,8.062258,1,1,1
215967497,2499898,7853,1627,1H,92,25,26.248809,25,0,0
215967561,2499898,8285,1627,1H,76,67,29.410882,17,0,0
215967567,2499898,7934,1611,1H,83,58,18.788294,8,0,1
215967681,2499898,7939,1611,1H,79,57,22.135944,7,0,0
215967702,2499898,7853,1627,2H,80,30,28.284271,20,0,0
215967834,2499898,8314,1627,2H,79,46,21.377558,4,0,0
215967876,2499898,397178,1611,2H,86,32,22.803509,18,0,0
215967889,2499898,397178,1611,2H,88,37,17.691806,13,0,0
215967929,2499898,7934,1611,2H,85,64,20.518285,14,0,0
215968178,2499898,3577,1627,2H,87,36,19.104973,14,0,0
215968196,2499898,8370,1627,2H,80,55,20.615528,5,0,0
215968230,2499898,3577,1627,2H,87,49,13.038405,1,0,0
215968242,2499898,8314,1627,2H,95,46,6.403124,4,0,1
215968296,2499898,8958,1627,2H,88,33,20.808652,17,0,0
215968360,2499898,8958,1627,2H,90,48,10.198039,2,1,0
215968414,2499898,7905,1611,2H,87,70,23.853721,20,0,0
215968474,2499898,8314,1627,2H,89,31,21.954498,19,0,0
216904425,2499899,3361,1609,1H,80,26,31.240999,24,0,0
216904428,2499899,49876,1609,1H,63,50,37.000000,0,0,0
216904583,2499899,3802,1612,1H,73,62,29.546573,12,0,0
216904775,2499899,15808,1612,1H,97,62,12.369317,12,1,0
216904817,2499899,15808,1612,1H,93,64,15.652476,14,1,0
216904865,2499899,3802,1612,1H,96,54,5.656854,4,1,1
216904866,2499899,25413,1609,1H,84,40,18.867962,10,0,0
216904943,2499899,25747,1612,1H,83,43,18.384776,7,0,0
216904994,2499899,15808,1612,1H,86,34,21.260292,16,0,0
216905147,2499899,25413,1609,1H,84,17,36.674242,33,0,0
216905199,2499899,120353,1612,1H,89,60,14.866069,10,0,0
216905207,2499899,25747,1612,1H,92,40,12.806248,10,0,0
216905342,2499899,120353,1612,2H,89,64,17.804494,14,0,0
216905412,2499899,120353,1612,2H,84,54,16.492423,4,0,1
216905434,2499899,3361,1609,2H,90,39,14.866069,11,1,1
216905473,2499899,49876,1609,2H,71,69,34.669872,19,0,1
216905504,2499899,3319,1609,2H,95,40,11.180340,10,0,1
216905556,2499899,25747,1612,2H,94,61,12.529964,11,0,0
216905557,2499899,49876,1609,2H,87,40,16.401219,10,0,0
216905592,2499899,25413,1609,2H,75,49,25.019992,1,0,0
216905705,2499899,15808,1612,2H,83,50,17.000000,0,0,1
216905744,2499899,18550,1612,2H,86,50,14.000000,0,1,0
216905817,2499899,167145,1609,2H,92,73,24.351591,23,0,0
216905920,2499899,3361,1609,2H,86,13,39.560081,37,0,0
216906019,2499899,120353,1612,2H,90,37,16.401219,13,0,0
216906100,2499899,3319,1609,2H,86,27,26.925824,23,0,0
217095545,2499900,3657,1651,1H,92,28,23.409400,22,0,0
217095576,2499900,15526,1651,1H,81,68,26.172505,18,0,0
217095625,2499900,466,1651,1H,86,44,15.231546,6,0,0
217095693,2499900,377071,1644,1H,96,29,21.377558,21,0,0
217095702,2499900,8627,1644,1H,78,61,24.596748,11,0,0
217095931,2499900,70156,1644,1H,73,60,28.792360,10,0,0
217095942,2499900,13451,1651,1H,96,60,10.770330,10,1,0
217096050,2499900,25950,1651,1H,78,70,29.732137,20,0,0
217096217,2499900,377071,1644,1H,83,57,18.384776,7,0,0
217096305,2499900,3657,1651,2H,85,32,23.430749,18,0,0
217096363,2499900,13451,1651,2H,92,58,11.313708,8,1,0
217096408,2499900,3657,1651,2H,82,47,18.248288,3,0,0
217096412,2499900,15526,1651,2H,73,69,33.015148,19,0,0
217096511,2499900,15526,1651,2H,81,37,23.021729,13,0,1
217096587,2499900,9097,1651,2H,92,54,8.944272,4,1,0
217096662,2499900,3657,1651,2H,90,49,10.049876,1,0,0
217096675,2499900,377071,1644,2H,92,30,21.540659,20,0,0
217096824,2499900,3657,1651,2H,82,33,24.758837,17,0,0
217096825,2499900,25950,1651,2H,91,63,15.811388,13,0,0
217097082,2499900,68085,1644,2H,87,41,15.811388,9,1,0
217097112,2499900,20505,1644,2H,79,28,30.413813,22,0,0
217097113,2499900,7929,1644,2H,76,49,24.020824,1,0,0
217097122,2499900,377071,1644,2H,93,50,7.000000,0,1,0
217080844,2499901,14911,1624,1H,75,42,26.248809,8,0,0
217080887,2499901,8717,1624,1H,79,48,21.095023,2,0,0
217080978,2499901,14911,1624,1H,87,38,17.691806,12,0,0
217081027,2499901,13484,1624,1H,83,53,17.262677,3,0,0
217081028,2499901,8717,1624,1H,95,59,10.295630,9,0,0
217081109,2499901,25804,1624,1H,89,58,13.601471,8,0,0
217081110,2499901,25804,1624,1H,89,52,11.180340,2,0,0
217081176,2499901,8717,1624,1H,82,64,22.803509,14,0,0
217081389,2499901,13484,1624,1H,91,37,15.811388,13,0,0
217081576,2499901,54,1624,2H,91,50,9.000000,0,0,0
217081714,2499901,14911,1624,2H,89,48,11.180340,2,0,0
217081764,2499901,8717,1624,2H,90,37,16.401219,13,0,0
217081904,2499901,8717,1624,2H,91,55,10.295630,5,0,1
217081931,2499901,8944,1646,2H,91,71,22.847319,21,0,0
217082111,2499901,8717,1624,2H,89,39,15.556349,11,0,1
217082219,2499901,8944,1646,2H,83,51,17.029386,1,1,0
217082313,2499901,54,1624,2H,71,49,29.017236,1,0,0
217082379,2499901,9123,1646,2H,92,47,8.544004,3,1,0
217082388,2499901,70092,1646,2H,76,47,24.186773,3,0,0
217082398,2499901,9123,1646,2H,86,25,28.653098,25,0,0
217082414,2499901,9123,1646,2H,88,41,15.000000,9,1,0
216994654,2499902,8625,1610,1H,76,73,33.241540,23,0,0
216994655,2499902,3360,1610,1H,80,51,20.024984,1,0,0
216994757,2499902,8032,1610,1H,91,29,22.847319,21,0,0
216994759,2499902,28291,1610,1H,93,51,7.071068,1,0,0
216994761,2499902,105333,1610,1H,96,53,5.000000,3,0,0
216994777,2499902,31528,1610,1H,72,70,34.409301,20,0,0
216994819,2499902,77558,1623,1H,86,55,14.866069,5,0,0
216994863,2499902,31528,1610,1H,81,45,19.646883,5,0,0
216995008,2499902,3360,1610,1H,83,39,20.248457,11,0,0
216995208,2499902,3360,1610,1H,88,34,20.000000,16,0,0
216995219,2499902,135103,1610,1H,97,55,5.830952,5,1,0
216995333,2499902,14748,1610,1H,71,47,29.154759,3,0,0
216995339,2499902,3360,1610,1H,82,48,18.110770,2,0,0
216995434,2499902,353236,1623,1H,74,55,26.476405,5,0,0
216995582,2499902,293687,1623,1H,88,61,16.278821,11,0,0
216995594,2499902,3360,1610,2H,93,47,7.615773,3,0,0
216995596,2499902,8032,1610,2H,88,34,20.000000,16,0,0
216995610,2499902,105333,1610,2H,90,55,11.180340,5,0,0
216995835,2499902,31528,1610,2H,82,53,18.248288,3,0,0
216995931,2499902,25707,1610,2H,87,36,19.104973,14,0,0
216996030,2499902,105333,1610,2H,82,35,23.430749,15,0,0
216996127,2499902,25707,1610,2H,78,45,22.561028,5,0,0
216996129,2499902,14748,1610,2H,94,51,6.082763,1,0,0
216996233,2499902,3350,1610,2H,74,62,28.635642,12,0,0
216996240,2499902,22889,1610,2H,81,54,19.416488,4,0,0
216996303,2499902,25707,1610,2H,89,77,29.154759,27,0,0
216996367,2499902,8032,1610,2H,80,34,25.612497,16,0,0
216996500,2499902,7919,1623,2H,88,53,12.369317,3,1,0
217105945,2499903,134513,1611,1H,82,48,18.110770,2,0,0
217105946,2499903,7906,1611,1H,76,64,27.784888,14,0,0
217105965,2499903,7922,1611,1H,96,50,4.000000,0,1,0
217106016,2499903,7934,1611,1H,75,57,25.961510,7,0,0
217106069,2499903,283142,1631,1H,72,36,31.304952,14,0,0
217106092,2499903,134513,1611,1H,71,24,38.948684,26,0,0
217106096,2499903,7936,1611,1H,73,55,27.459060,5,0,0
217106114,2499903,7906,1611,1H,89,44,12.529964,6,0,0
217106324,2499903,7905,1611,1H,92,55,9.433981,5,0,0
217106396,2499903,134513,1611,1H,83,37,21.400935,13,0,0
217106401,2499903,26150,1631,1H,86,36,19.798990,14,0,0
217106418,2499903,12829,1631,1H,91,42,12.041595,8,0,1
217106536,2499903,7936,1611,1H,68,36,34.928498,14,0,0
217106604,2499903,7936,1611,1H,50,50,50.000000,0,0,0
217106678,2499903,265366,1631,1H,74,66,30.528675,16,0,0
217106705,2499903,7906,1611,1H,88,38,16.970563,12,0,1
217106957,2499903,14853,1631,2H,92,38,14.422205,12,0,0
217106971,2499903,7936,1611,2H,71,50,29.000000,0,0,0
217106972,2499903,26150,1631,2H,87,68,22.203603,18,0,0
217106989,2499903,134513,1611,2H,89,58,13.601471,8,0,0
217107267,2499903,7934,1611,2H,96,61,11.704700,11,0,0
217107268,2499903,7934,1611,2H,92,67,18.788294,17,0,0
217107361,2499903,397178,1611,2H,75,26,34.655447,24,0,0
217107515,2499903,8013,1631,2H,75,66,29.681644,16,0,0
217107582,2499903,8653,1631,2H,97,57,7.615773,7,0,1
217032535,2499904,8959,1659,1H,86,61,17.804494,11,0,0
217032627,2499904,8277,1625,1H,74,69,32.202484,19,0,0
217032737,2499904,8325,1625,1H,91,63,15.811388,13,0,0
217032785,2499904,105339,1625,1H,91,42,12.041595,8,1,0
217032853,2499904,70086,1625,1H,68,37,34.539832,13,0,0
217032877,2499904,8325,1625,1H,90,53,10.440307,3,1,1
217032998,2499904,38021,1625,1H,74,69,32.202484,19,0,0
217033134,2499904,9739,1659,1H,85,32,23.430749,18,0,0
217033382,2499904,11066,1625,2H,92,63,15.264338,13,0,1
217033616,2499904,105339,1625,2H,78,67,27.802878,17,0,0
217033773,2499904,38021,1625,2H,77,47,23.194827,3,0,0
217033886,2499904,8317,1625,2H,81,51,19.026298,1,0,0
217033893,2499904,105339,1625,2H,78,88,43.908997,38,0,0
217033942,2499904,8325,1625,2H,94,48,6.324555,2,1,1
217034038,2499904,7989,1659,2H,85,32,23.430749,18,0,0
217034071,2499904,70083,1625,2H,89,34,19.416488,16,0,1
217034120,2499904,11066,1625,2H,77,52,23.086793,2,0,0
217034182,2499904,14808,1625,2H,74,58,27.202941,8,0,0
217159823,2499905,703,1619,1H,92,43,10.630146,7,1,0
217159832,2499905,8953,1619,1H,97,43,7.615773,7,1,1
217159918,2499905,383,1619,1H,93,49,7.071068,1,0,0
217159920,2499905,61988,1619,1H,90,62,15.620499,12,0,0
217159935,2499905,8953,1619,1H,81,32,26.172505,18,0,0
217159955,2499905,8953,1619,1H,73,50,27.000000,0,0,0
217159963,2499905,8116,1619,1H,71,30,35.227830,20,0,0
217160161,2499905,8953,1619,2H,88,57,13.892444,7,0,0
217160277,2499905,173,1673,1H,86,45,14.866069,5,0,0
217160311,2499905,62389,1673,1H,87,58,15.264338,8,0,0
217160410,2499905,15215,1673,1H,91,60,13.453624,10,1,0
217160413,2499905,16436,1673,1H,86,51,14.035669,1,0,0
217160415,2499905,8953,1619,2H,75,50,25.000000,0,0,0
217160417,2499905,173,1673,1H,80,61,22.825424,11,0,0
217160539,2499905,15215,1673,1H,89,42,13.601471,8,1,0
217160624,2499905,8144,1619,2H,73,66,31.384710,16,0,0
217160802,2499905,703,1619,2H,87,50,13.000000,0,1,0
217161024,2499905,62389,1673,2H,86,53,14.317821,3,0,0
217161039,2499905,38377,1673,2H,95,47,5.830952,3,1,1
217161049,2499905,9280,1673,2H,87,38,17.691806,12,0,0
217195042,2499906,7932,1639,1H,77,41,24.698178,9,0,0
217195173,2499906,15198,1639,1H,76,61,26.400758,11,0,0
217195176,2499906,77548,1639,1H,90,45,11.180340,5,0,1
217195256,2499906,7932,1639,1H,70,40,31.622777,10,0,0
217195429,2499906,15198,1639,1H,91,61,14.212670,11,0,1
217195530,2499906,15198,1639,2H,91,54,9.848858,4,1,0
217195825,2499906,15054,1639,2H,90,53,10.440307,3,1,0
217195848,2499906,332605,1639,2H,90,61,14.866069,11,0,1
217195886,2499906,8530,1627,1H,80,70,28.284271,20,0,0
217195987,2499906,3577,1627,1H,76,62,26.832816,12,0,0
217196034,2499906,3577,1627,1H,84,36,21.260292,14,0,0
217196108,2499906,3577,1627,1H,90,50,10.000000,0,0,0
217196152,2499906,3577,1627,1H,91,61,14.212670,11,0,0
217196176,2499906,3577,1627,1H,88,47,12.369317,3,0,0
217196178,2499906,3577,1627,1H,93,39,13.038405,11,1,0
217196245,2499906,3577,1627,1H,90,37,16.401219,13,0,0
217196347,2499906,3577,1627,2H,88,40,15.620499,10,0,1
217196386,2499906,8285,1627,2H,87,63,18.384776,13,0,0
217196520,2499906,8285,1627,2H,87,48,13.152946,2,0,0
217196537,2499906,7914,1627,2H,89,53,11.401754,3,1,0
217196585,2499906,8958,1627,2H,90,43,12.206556,7,0,0
217196595,2499906,3577,1627,2H,71,31,34.669872,19,0,0
217196685,2499906,8958,1627,2H,83,36,22.022716,14,0,0
217196762,2499906,7914,1627,2H,87,51,13.038405,1,1,0
217137232,2499907,343951,10531,1H,82,70,26.907248,20,0,0
217137237,2499907,4365,10531,1H,71,45,29.427878,5,0,0
217137645,2499907,343951,10531,2H,90,69,21.470911,19,0,0
217137710,2499907,343951,10531,2H,97,60,10.440307,10,0,0
217137784,2499907,8976,10531,2H,83,50,17.000000,0,0,0
217137861,2499907,25571,10531,2H,80,57,21.189620,7,0,1
217137873,2499907,25571,10531,2H,76,33,29.410882,17,0,0
217138052,2499907,8186,1628,1H,93,54,8.062258,4,1,0
217138107,2499907,8471,1628,1H,86,26,27.784888,24,0,0
217138257,2499907,235555,1628,1H,85,30,25.000000,20,0,0
217138340,2499907,8623,1628,1H,81,47,19.235384,3,0,0
217138341,2499907,235555,1628,1H,76,35,28.301943,15,0,0
217138376,2499907,8422,1628,1H,88,37,17.691806,13,0,0
217138456,2499907,8471,1628,2H,79,38,24.186773,12,0,0
217138507,2499907,235555,1628,2H,89,39,15.556349,11,0,0
217138609,2499907,8422,1628,2H,90,36,17.204651,14,0,0
217138686,2499907,8471,1628,2H,77,83,40.224371,33,0,0
217138712,2499907,8422,1628,2H,82,63,22.203603,13,0,0
217265621,2499908,14703,1633,1H,83,53,17.262677,3,0,1
217265690,2499908,8677,1633,1H,75,37,28.178006,13,0,0
217265799,2499908,8677,1633,1H,92,49,8.062258,1,1,0
217265810,2499908,8677,1633,1H,95,30,20.615528,20,1,0
217265833,2499908,26499,1633,1H,77,31,29.832868,19,0,0
217265877,2499908,8677,1633,1H,91,53,9.486833,3,1,0
217265916,2499908,8582,1633,1H,71,32,34.132096,18,0,0
217265929,2499908,8677,1633,1H,90,64,17.204651,14,0,0
217265972,2499908,20620,1633,1H,80,62,23.323808,12,0,0
217266057,2499908,14703,1633,2H,83,59,19.235384,9,0,0
217266156,2499908,20620,1633,2H,84,53,16.278821,3,0,0
217266230,2499908,7970,1633,2H,97,58,8.544004,8,1,0
217266231,2499908,25572,1633,2H,96,52,4.472136,2,0,1
217266327,2499908,20620,1633,2H,82,48,18.110770,2,0,0
217266437,2499908,7970,1633,2H,90,40,14.142136,10,0,0
217266449,2499908,14703,1633,2H,82,48,18.110770,2,0,0
217266495,2499908,21100,1633,2H,76,40,26.000000,10,0,0
217266630,2499908,12536,1613,1H,93,55,8.602325,5,0,0
217266639,2499908,70215,1613,1H,80,34,25.612497,16,0,0
217266736,2499908,252365,1613,1H,76,57,25.000000,7,0,0
217266745,2499908,9227,1613,1H,82,67,24.758837,17,0,0
217266747,2499908,8620,1613,1H,85,43,16.552945,7,0,0
217266786,2499908,12536,1613,1H,89,56,12.529964,6,0,0
217266919,2499908,8620,1613,2H,91,50,9.000000,0,0,1
217266962,2499908,70215,1613,2H,94,47,6.708204,3,0,1
217267061,2499908,9227,1613,2H,77,74,33.241540,24,0,0
217638731,2499909,8005,1633,1H,93,59,11.401754,9,1,1
217638855,2499909,9279,1659,1H,96,58,8.944272,8,1,0
217638932,2499909,25572,1633,1H,90,50,10.000000,0,0,0
217639024,2499909,11669,1659,1H,98,38,12.165525,12,0,0
217639100,2499909,9637,1659,1H,90,48,10.198039,2,0,0
217639202,2499909,9637,1659,1H,89,48,11.180340,2,0,0
217639233,2499909,9739,1659,1H,87,64,19.104973,14,0,0
217639247,2499909,8460,1659,1H,78,31,29.068884,19,0,0
217639279,2499909,41174,1633,1H,88,41,15.000000,9,0,0
217639349,2499909,26499,1633,1H,88,26,26.832816,24,0,0
217639389,2499909,7989,1659,1H,92,55,9.433981,5,0,1
217639546,2499909,62224,1659,1H,79,37,24.698178,13,0,0
217639556,2499909,41174,1633,2H,90,33,19.723083,17,0,0
217639712,2499909,14703,1633,2H,87,54,13.601471,4,0,0
217639779,2499909,134102,1659,1H,87,55,13.928388,5,1,0
217639797,2499909,9637,1659,1H,93,50,7.000000,0,1,0
217639812,2499909,9277,1659,1H,70,58,31.048349,8,0,0
217639844,2499909,7970,1633,2H,85,46,15.524175,4,0,0
217639875,2499909,14703,1633,2H,82,48,18.110770,2,0,1
217639953,2499909,7941,1633,2H,96,61,11.704700,11,0,0
217639955,2499909,14703,1633,2H,98,46,4.472136,4,0,1
217640019,2499909,11669,1659,2H,84,39,19.416488,11,0,0
217640071,2499909,134102,1659,2H,92,52,8.246211,2,0,1
217640115,2499909,7989,1659,2H,91,63,15.811388,13,0,0
217640123,2499909,134102,1659,2H,90,58,12.806248,8,1,0
217640153,2499909,9739,1659,2H,92,69,20.615528,19,0,0
217640211,2499909,62224,1659,2H,89,36,17.804494,14,0,0
217640245,2499909,134351,1659,2H,94,46,7.211103,4,0,0
217640271,2499909,9739,1659,2H,88,58,14.422205,8,0,0
217640290,2499909,11669,1659,2H,90,52,10.198039,2,1,0
217640347,2499909,11669,1659,2H,96,52,4.472136,2,1,1
217640400,2499909,134351,1659,2H,95,40,11.180340,10,0,0
217525698,2499910,3324,1610,1H,97,34,16.278821,16,0,0
217525719,2499910,25707,1610,1H,74,43,26.925824,7,0,0
217525832,2499910,466,1651,1H,75,46,25.317978,4,0,0
217525996,2499910,28291,1610,1H,96,46,5.656854,4,0,0
217526103,2499910,28291,1610,1H,87,59,15.811388,9,0,0
217526143,2499910,31528,1610,1H,74,59,27.513633,9,0,0
217526160,2499910,8625,1610,1H,94,62,13.416408,12,0,0
217526182,2499910,8625,1610,1H,91,68,20.124612,18,1,0
217526444,2499910,466,1651,2H,88,57,13.892444,7,0,0
217526468,2499910,3350,1610,1H,81,33,25.495098,17,0,0
217526480,2499910,14748,1610,1H,78,36,26.076810,14,0,0
217526525,2499910,3324,1610,1H,81,44,19.924859,6,0,0
217526554,2499910,3324,1610,1H,91,57,11.401754,7,1,0
217526608,2499910,3324,1610,2H,89,49,11.045361,1,1,1
217526642,2499910,25707,1610,2H,82,46,18.439089,4,0,0
217526765,2499910,61961,1651,2H,86,56,15.231546,6,0,0
217526784,2499910,8032,1610,2H,95,66,16.763055,16,1,0
217526807,2499910,8032,1610,2H,95,42,9.433981,8,1,1
217526820,2499910,25707,1610,2H,86,60,17.204651,10,0,0
217526954,2499910,25707,1610,2H,88,40,15.620499,10,0,0
217526993,2499910,8242,1651,2H,90,45,11.180340,5,1,0
217527004,2499910,28291,1610,2H,89,38,16.278821,12,0,0
217527014,2499910,91381,1651,2H,74,35,30.016662,15,0,0
217527152,2499910,8625,1610,2H,79,69,28.319605,19,0,0
217527181,2499910,31528,1610,2H,73,43,27.892651,7,0,0
217527201,2499910,105333,1610,2H,89,29,23.706539,21,0,0
217527202,2499910,25553,1610,2H,70,59,31.320920,9,0,0
217527282,2499910,38093,1610,2H,84,62,20.000000,12,0,0
217928431,2499911,171283,1609,1H,81,74,30.610456,24,0,0
217928445,2499911,49876,1609,1H,79,34,26.400758,16,0,0
217928460,2499911,7988,1628,1H,73,58,28.160256,8,0,0
217928565,2499911,7988,1628,1H,72,35,31.764760,15,0,0
217928584,2499911,7873,1609,1H,89,59,14.212670,9,0,0
217928590,2499911,3361,1609,1H,76,53,24.186773,3,0,0
217928631,2499911,235555,1628,1H,73,48,27.073973,2,0,0
217928687,2499911,49876,1609,1H,87,43,14.764823,7,0,0
217928713,2499911,7873,1609,1H,77,49,23.021729,1,0,0
217928809,2499911,25413,1609,1H,93,75,25.961510,25,0,0
217928817,2499911,20612,1609,1H,98,33,17.117243,17,0,1
217928883,2499911,8422,1628,1H,88,30,23.323808,20,0,0
217928934,2499911,3319,1609,1H,93,43,9.899495,7,0,0
217929072,2499911,8501,1628,1H,78,35,26.627054,15,0,0
217929110,2499911,25413,1609,1H,88,63,17.691806,13,0,0
217929157,2499911,49876,1609,1H,82,43,19.313208,7,0,0
217929305,2499911,8471,1628,2H,88,51,12.041595,1,0,1
217929351,2499911,235555,1628,2H,94,38,13.416408,12,0,0
217929379,2499911,8501,1628,2H,95,33,17.720045,17,0,0
217929411,2499911,235555,1628,2H,86,40,17.204651,10,0,0
217929605,2499911,3361,1609,2H,87,39,17.029386,11,0,1
217929642,2499911,8422,1628,2H,83,49,17.029386,1,0,0
217929670,2499911,3361,1609,2H,88,46,12.649111,4,0,1
217929733,2499911,3319,1609,2H,86,41,16.643317,9,0,0
217929900,2499911,8422,1628,2H,94,35,16.155494,15,0,0
217929966,2499911,8422,1628,2H,95,44,7.810250,6,1,0
217929977,2499911,167145,1609,2H,95,72,22.561028,22,0,0
217930038,2499911,25865,1628,2H,85,56,16.155494,6,0,0
217930124,2499911,8554,1628,2H,94,54,7.211103,4,1,1
217930252,2499911,8471,1628,1H,76,62,26.832816,12,0,0
217607194,2499912,9419,1673,1H,88,33,20.808652,17,0,0
217607208,2499912,16436,1673,1H,74,50,26.000000,0,0,0
217607237,2499912,9419,1673,1H,94,54,7.211103,4,0,1
217607384,2499912,173,1673,1H,85,25,29.154759,25,0,0
217607607,2499912,173,1673,1H,85,25,29.154759,25,0,0
217607614,2499912,9419,1673,1H,78,67,27.802878,17,0,0
217607623,2499912,49872,1639,1H,77,66,28.017851,16,0,0
217607632,2499912,77548,1639,1H,91,35,17.492856,15,0,0
217607684,2499912,173,1673,1H,90,37,16.401219,13,0,0
217607807,2499912,214654,1673,2H,88,43,13.892444,7,0,0
217607817,2499912,49872,1639,1H,82,68,25.455844,18,0,0
217607824,2499912,8747,1639,1H,92,52,8.246211,2,1,0
217607937,2499912,9419,1673,2H,88,68,21.633308,18,0,0
217607993,2499912,49872,1639,1H,94,63,14.317821,13,0,0
217608003,2499912,8731,1639,1H,89,57,13.038405,7,1,0
217608021,2499912,25854,1639,1H,91,58,12.041595,8,1,0
217608022,2499912,173,1673,2H,95,41,10.295630,9,0,0
217608031,2499912,214654,1673,2H,95,52,5.385165,2,0,0
217608151,2499912,16436,1673,2H,87,67,21.400935,17,0,0
217608199,2499912,8747,1639,1H,94,54,7.211103,4,1,0
217608498,2499912,49872,1639,2H,80,73,30.479501,23,0,0
217608645,2499912,274488,1673,2H,88,26,26.832816,24,0,0
217608673,2499912,332605,1639,2H,96,61,11.704700,11,0,1
217608716,2499912,16436,1673,2H,82,70,26.907248,20,0,0
217608736,2499912,274488,1673,2H,78,40,24.166092,10,0,0
217608740,2499912,15198,1639,2H,81,19,36.359318,31,0,0
217608747,2499912,25854,1639,2H,92,40,12.806248,10,0,0
217608980,2499912,25854,1639,1H,94,59,10.816654,9,0,0
217608982,2499912,15198,1639,1H,89,43,13.038405,7,0,0
217608983,2499912,15198,1639,1H,97,47,4.242641,3,0,0
217542455,2499913,3802,1612,1H,77,47,23.194827,3,0,1
217542525,2499913,222220,1612,1H,80,39,22.825424,11,0,0
217542639,2499913,25571,10531,1H,89,39,15.556349,11,1,0
217542728,2499913,18550,1612,1H,75,50,25.000000,0,0,0
217542769,2499913,120353,1612,1H,87,74,27.294688,24,0,0
217542789,2499913,7868,1612,1H,72,49,28.017851,1,0,0
217542802,2499913,288865,10531,1H,96,69,19.416488,19,0,0
217542864,2499913,15808,1612,1H,70,50,30.000000,0,0,0
217543053,2499913,3802,1612,1H,89,32,21.095023,18,0,0
217543181,2499913,15808,1612,1H,87,41,15.811388,9,0,0
217543224,2499913,288865,10531,1H,87,32,22.203603,18,0,0
217543382,2499913,120353,1612,2H,87,56,14.317821,6,0,0
217543398,2499913,15808,1612,2H,95,58,9.433981,8,0,1
217543438,2499913,25571,10531,2H,72,54,28.284271,4,0,0
217543452,2499913,120353,1612,2H,93,68,19.313208,18,0,0
217543454,2499913,3802,1612,2H,78,22,35.608988,28,0,0
217543571,2499913,346101,1612,2H,89,53,11.401754,3,0,1
217543593,2499913,15808,1612,2H,92,44,10.000000,6,0,1
217543717,2499913,262,10531,2H,89,61,15.556349,11,0,0
217543869,2499913,7868,1612,2H,92,66,17.888544,16,0,1
217543892,2499913,7868,1612,2H,90,70,22.360680,20,0,0
217543928,2499913,286831,1612,2H,95,45,7.071068,5,0,0
217543944,2499913,286831,1612,2H,91,67,19.235384,17,0,0
217543952,2499913,8140,1612,2H,76,54,24.331050,4,0,0
217544155,2499913,343951,10531,2H,89,56,12.529964,6,1,0
217544163,2499913,120353,1612,2H,89,54,11.704700,4,0,0
217521421,2499914,7906,1611,1H,92,58,11.313708,8,1,0
217521422,2499914,9123,1646,1H,96,53,5.000000,3,0,1
217521557,2499914,7906,1611,1H,89,47,11.401754,3,0,0
217521629,2499914,8135,1611,1H,77,31,29.832868,19,0,0
217521685,2499914,7936,1611,1H,92,49,8.062258,1,1,0
217521686,2499914,11294,1646,1H,89,48,11.180340,2,0,0
217521690,2499914,8135,1611,1H,81,26,30.610456,24,0,0
217521697,2499914,101652,1611,1H,69,36,34.014703,14,0,0
217521988,2499914,397178,1611,1H,92,34,17.888544,16,0,0
217522076,2499914,20420,1611,1H,88,33,20.808652,17,0,0
217522081,2499914,7936,1611,1H,77,34,28.017851,16,0,0
217522300,2499914,7936,1611,2H,74,32,31.622777,18,0,0
217522346,2499914,8135,1611,2H,93,33,18.384776,17,0,0
217522354,2499914,8135,1611,2H,87,36,19.104973,14,0,0
217522395,2499914,7934,1611,2H,97,52,3.605551,2,0,0
217522410,2499914,7934,1611,2H,92,55,9.433981,5,0,1
217522646,2499914,7936,1611,2H,74,59,27.513633,9,0,0
217522731,2499914,397178,1611,2H,91,29,22.847319,21,0,0
217522807,2499914,397178,1611,2H,73,36,30.413813,14,0,0
217522817,2499914,105338,1611,2H,91,39,14.212670,11,1,0
217522981,2499914,8135,1611,2H,89,36,17.804494,14,0,0
217522990,2499914,7939,1611,2H,88,52,12.165525,2,0,0
217522991,2499914,7934,1611,2H,88,45,13.000000,5,0,1
217768232,2499915,7967,1613,1H,50,52,50.039984,2,0,0
217768333,2499915,70086,1625,1H,67,35,36.249138,15,0,0
217768390,2499915,8325,1625,1H,93,58,10.630146,8,0,0
217768406,2499915,8277,1625,1H,88,61,16.278821,11,0,0
217768487,2499915,38021,1625,1H,79,46,21.377558,4,0,0
217768534,2499915,340386,1625,1H,92,30,21.540659,20,0,0
217768603,2499915,8325,1625,1H,91,61,14.212670,11,1,0
217768732,2499915,70083,1625,1H,72,26,36.878178,24,0,0
217768794,2499915,340386,1625,1H,94,68,18.973666,18,0,0
217768797,2499915,70086,1625,1H,87,38,17.691806,12,1,0
217768845,2499915,38021,1625,1H,79,41,22.847319,9,0,0
217768906,2499915,337225,1613,1H,93,33,18.384776,17,0,0
217768928,2499915,8325,1625,1H,72,38,30.463092,12,0,0
217768948,2499915,11066,1625,1H,95,30,20.615528,20,0,1
217769120,2499915,8325,1625,1H,93,64,15.652476,14,0,0
217769122,2499915,70086,1625,1H,89,66,19.416488,16,0,0
217769140,2499915,11066,1625,1H,88,45,13.000000,5,0,0
217769448,2499915,14808,1625,2H,82,45,18.681542,5,0,0
217769497,2499915,38021,1625,2H,93,30,21.189620,20,0,0
217769686,2499915,12536,1613,2H,76,54,24.331050,4,0,0
217769764,2499915,12536,1613,2H,92,47,8.544004,3,1,0
217769797,2499915,7967,1613,2H,74,53,26.172505,3,0,0
217769935,2499915,38021,1625,2H,74,44,26.683328,6,0,0
217770196,2499915,14808,1625,2H,79,25,32.649655,25,0,0
217483598,2499916,54,1624,1H,74,44,26.683328,6,0,0
217483614,2499916,25785,1624,1H,89,60,14.866069,10,0,0
217483633,2499916,8717,1624,1H,97,56,6.708204,6,0,0
217483647,2499916,210044,1624,1H,77,27,32.526912,23,0,0
217483698,2499916,215983,1619,1H,87,37,18.384776,13,0,0
217483785,2499916,13484,1624,1H,90,28,24.166092,22,0,0
217483919,2499916,8717,1624,1H,97,50,3.000000,0,1,1
217484083,2499916,215983,1619,1H,92,30,21.540659,20,0,0
217484088,2499916,54,1624,1H,94,59,10.816654,9,0,0
217484180,2499916,8717,1624,1H,73,50,27.000000,0,0,0
217484219,2499916,8717,1624,1H,96,49,4.123106,1,0,1
217484307,2499916,8717,1624,1H,75,60,26.925824,10,0,0
217484397,2499916,7899,1619,1H,89,60,14.866069,10,1,0
217484446,2499916,13484,1624,2H,83,38,20.808652,12,0,1
217484455,2499916,8384,1619,2H,86,54,14.560220,4,0,0
217484491,2499916,29640,1619,2H,83,45,17.720045,5,0,0
217484493,2499916,14911,1624,2H,91,65,17.492856,15,0,1
217484536,2499916,215983,1619,2H,77,24,34.713110,26,0,0
217484555,2499916,8717,1624,2H,89,67,20.248457,17,0,0
217484616,2499916,7899,1619,2H,81,48,19.104973,2,0,0
217484740,2499916,8717,1624,2H,94,42,10.000000,8,0,1
217484807,2499916,215983,1619,2H,88,28,25.059928,22,0,1
217484916,2499916,8136,1619,2H,85,72,26.627054,22,0,0
217484929,2499916,8384,1619,2H,94,50,6.000000,0,1,0
217484988,2499916,20441,1624,2H,90,46,10.770330,4,0,0
217485141,2499916,215983,1619,2H,88,29,24.186773,21,0,0
217485156,2499916,215983,1619,2H,90,29,23.259407,21,0,0
217485161,2499916,135114,1619,2H,77,42,24.351591,8,0,0
217485165,2499916,383,1619,2H,85,55,15.811388,5,0,1
217485219,2499916,703,1619,2H,89,52,11.180340,2,1,0
217485261,2499916,20857,1619,2H,76,46,24.331050,4,0,0
217605311,2499917,14763,1631,1H,92,64,16.124515,14,0,0
217605401,2499917,20593,1644,1H,95,56,7.810250,6,0,0
217605410,2499917,12829,1631,1H,89,39,15.556349,11,0,0
217605492,2499917,26150,1631,1H,79,52,21.095023,2,0,0
217605530,2499917,28292,1644,1H,86,59,16.643317,9,0,0
217605571,2499917,26150,1631,1H,94,63,14.317821,13,1,1
217605789,2499917,20593,1644,1H,97,65,15.297059,15,0,0
217605891,2499917,26150,1631,2H,79,21,35.805028,29,0,0
217605895,2499917,265366,1631,2H,75,57,25.961510,7,0,0
217605937,2499917,377071,1644,1H,91,31,21.023796,19,0,0
217606238,2499917,28292,1644,2H,77,42,24.351591,8,0,0
217606264,2499917,20505,1644,2H,90,45,11.180340,5,0,0
217606317,2499917,28292,1644,2H,89,34,19.416488,16,0,0
217606458,2499917,8488,1631,2H,93,57,9.899495,7,0,0
217606469,2499917,4255,1631,2H,93,42,10.630146,8,1,0
217606646,2499917,7929,1644,2H,86,71,25.238859,21,0,0
217606661,2499917,377071,1644,1H,91,49,9.055385,1,0,0
217606662,2499917,25885,1644,1H,98,55,5.385165,5,0,1
217609365,2499918,8958,1627,1H,83,31,25.495098,19,0,0
217609431,2499918,8360,1627,1H,94,52,6.324555,2,1,0
217609470,2499918,3577,1627,1H,89,40,14.866069,10,1,0
217609603,2499918,8360,1627,1H,90,55,11.180340,5,1,0
217609645,2499918,8370,1627,1H,76,55,24.515301,5,0,0
217609657,2499918,8314,1627,1H,95,37,13.928388,13,1,0
217609706,2499918,8314,1627,2H,74,69,32.202484,19,0,0
217609714,2499918,3577,1627,2H,91,33,19.235384,17,0,0
217609777,2499918,8370,1627,2H,90,31,21.470911,19,0,0
217609821,2499918,8958,1627,2H,91,48,9.219544,2,1,0
217609947,2499918,8686,1627,2H,92,50,8.000000,0,1,0
217609984,2499918,7853,1627,2H,82,34,24.083189,16,0,0
217610052,2499918,8370,1627,2H,71,64,32.202484,14,0,0
217610318,2499918,9194,1623,1H,75,31,31.400637,19,0,0
217610566,2499918,77546,1623,2H,92,54,8.944272,4,1,0
217610713,2499918,353236,1623,2H,81,63,23.021729,13,0,0
217610855,2499918,145692,1623,2H,92,33,18.788294,17,0,0
217610898,2499918,145692,1623,2H,96,36,14.560220,14,0,0
218248192,2499919,8284,1623,1H,81,58,20.615528,8,0,0
218248461,2499919,302518,1659,1H,72,44,28.635642,6,0,0
218248711,2499919,293687,1623,1H,91,50,9.000000,0,1,0
218248722,2499919,11669,1659,1H,88,41,15.000000,9,0,0
218248753,2499919,9739,1659,1H,76,71,31.890437,21,0,0
218248802,2499919,8143,1623,1H,94,49,6.082763,1,0,0
218248964,2499919,9739,1659,1H,82,64,22.803509,14,0,0
218248975,2499919,7989,1659,1H,87,49,13.038405,1,1,0
218249047,2499919,62224,1659,1H,89,47,11.401754,3,0,1
218249112,2499919,7944,1623,2H,79,58,22.472205,8,0,0
218249123,2499919,25706,1623,2H,88,57,13.892444,7,0,1
218249324,2499919,11669,1659,2H,86,44,15.231546,6,0,0
218249376,2499919,9279,1659,2H,77,66,28.017851,16,0,0
218249396,2499919,9194,1623,2H,93,45,8.602325,5,0,0
218249513,2499919,11669,1659,2H,90,59,13.453624,9,0,0
218249646,2499919,77558,1623,2H,91,63,15.811388,13,0,0
218249744,2499919,11669,1659,2H,91,34,18.357560,16,0,0
218249793,2499919,11669,1659,2H,78,40,24.166092,10,0,0
218249850,2499919,9739,1659,2H,81,68,26.172505,18,0,0
218249854,2499919,9739,1659,2H,85,62,19.209373,12,0,0
218249895,2499919,9739,1659,2H,85,66,21.931712,16,0,0
218249913,2499919,9277,1659,2H,91,55,10.295630,5,1,0
218249932,2499919,62224,1659,2H,87,32,22.203603,18,0,1
218249971,2499919,134351,1659,2H,90,67,19.723083,17,0,0
218180957,2499920,14748,1610,1H,96,50,4.000000,0,1,1
218181071,2499920,105333,1610,1H,86,38,18.439089,12,0,0
218181075,2499920,8495,1610,1H,81,38,22.472205,12,0,1
218181095,2499920,3324,1610,1H,78,44,22.803509,6,0,0
218181187,2499920,3324,1610,1H,91,69,21.023796,19,0,0
218181193,2499920,8495,1610,1H,83,52,17.117243,2,0,0
218181313,2499920,3360,1610,1H,86,35,20.518285,15,0,0
218181369,2499920,3360,1610,1H,86,60,17.204651,10,0,1
218181465,2499920,105333,1610,1H,77,51,23.021729,1,0,0
218181595,2499920,25553,1610,1H,76,72,32.557641,22,0,0
218181802,2499920,3360,1610,1H,78,72,31.112698,22,0,0
218181955,2499920,9532,1639,2H,87,37,18.384776,13,0,0
218182114,2499920,3360,1610,2H,83,31,25.495098,19,0,0
218182221,2499920,3324,1610,2H,92,59,12.041595,9,0,0
218182223,2499920,3360,1610,2H,86,43,15.652476,7,0,0
218182402,2499920,3360,1610,2H,90,57,12.206556,7,0,0
218182651,2499920,3360,1610,2H,71,45,29.427878,5,0,0
218182714,2499920,22889,1610,2H,78,66,27.202941,16,0,1
218182724,2499920,38093,1610,2H,76,60,26.000000,10,0,0
218381679,2499921,265673,1625,1H,91,68,20.124612,18,0,0
218381773,2499921,105339,1625,1H,75,69,31.400637,19,0,0
218381814,2499921,7988,1628,1H,90,16,35.440090,34,0,0
218381820,2499921,38031,1628,1H,90,62,15.620499,12,0,0
218381845,2499921,454,1628,1H,72,61,30.083218,11,0,0
218381850,2499921,454,1628,1H,75,59,26.570661,9,0,0
218381950,2499921,340386,1625,1H,82,62,21.633308,12,0,0
218382079,2499921,8325,1625,1H,80,52,20.099751,2,0,0
218382116,2499921,38031,1628,1H,92,54,8.944272,4,1,0
218382150,2499921,8471,1628,1H,82,54,18.439089,4,0,0
218382421,2499921,8325,1625,1H,91,60,13.453624,10,0,0
218382708,2499921,14808,1625,2H,79,33,27.018512,17,0,0
218382746,2499921,105339,1625,2H,69,29,37.443290,21,0,0
218382788,2499921,8325,1625,2H,90,48,10.198039,2,1,0
218382810,2499921,245364,1625,2H,97,38,12.369317,12,0,0
218382951,2499921,38021,1625,2H,78,35,26.627054,15,0,0
218382957,2499921,8142,1628,2H,80,68,26.907248,18,0,0
218382961,2499921,8471,1628,2H,94,44,8.485281,6,0,0
218382982,2499921,8554,1628,2H,89,44,12.529964,6,1,0
218383149,2499921,38021,1625,2H,87,57,14.764823,7,0,0
218383201,2499921,38031,1628,2H,88,36,18.439089,14,1,0
218239746,2499922,16436,1673,1H,76,49,24.020824,1,0,0
218239758,2499922,8897,1673,1H,76,43,25.000000,7,0,0
218239999,2499922,93,1646,1H,94,66,17.088007,16,0,0
218240032,2499922,70092,1646,1H,85,68,23.430749,18,0,0
218240080,2499922,11294,1646,1H,89,68,21.095023,18,1,0
218240145,2499922,9123,1646,1H,88,64,18.439089,14,1,0
218240364,2499922,9123,1646,1H,89,66,19.416488,16,0,0
218240385,2499922,9280,1673,1H,79,45,21.587033,5,0,0
218240465,2499922,8516,1646,2H,75,46,25.317978,4,0,0
218240508,2499922,11294,1646,2H,90,33,19.723083,17,0,0
218240961,2499922,9179,1646,2H,94,52,6.324555,2,0,0
218241047,2499922,9127,1646,2H,92,64,16.124515,14,1,0
218189412,2499923,120353,1612,1H,91,46,9.848858,4,0,0
218189437,2499923,283142,1631,1H,79,44,21.840330,6,0,0
218189484,2499923,120353,1612,1H,89,30,22.825424,20,0,0
218189485,2499923,12829,1631,1H,93,48,7.280110,2,0,1
218189547,2499923,3802,1612,1H,74,37,29.068884,13,0,0
218189594,2499923,8319,1612,1H,88,38,16.970563,12,0,0
218189736,2499923,120353,1612,1H,96,62,12.649111,12,0,0
218189760,2499923,15808,1612,1H,81,59,21.023796,9,0,0
218189839,2499923,257899,1612,1H,77,75,33.970576,25,0,0
218189917,2499923,3802,1612,1H,76,53,24.186773,3,0,0
218189946,2499923,15808,1612,1H,77,71,31.144823,21,0,0
218189985,2499923,283142,1631,1H,74,51,26.019224,1,0,0
218189994,2499923,3802,1612,1H,90,60,14.142136,10,0,0
218190125,2499923,14870,1612,1H,92,57,10.630146,7,0,0
218190316,2499923,25747,1612,1H,85,38,19.209373,12,0,0
218190491,2499923,12829,1631,2H,89,28,24.596748,22,0,0
218190569,2499923,120353,1612,2H,89,52,11.180340,2,0,1
218190586,2499923,265366,1631,2H,81,37,23.021729,13,0,0
218190713,2499923,120353,1612,2H,91,66,18.357560,16,0,0
218190946,2499923,14763,1631,2H,87,37,18.384776,13,0,0
218190958,2499923,25393,1612,2H,92,43,10.630146,7,1,0
218191013,2499923,3802,1612,2H,87,30,23.853721,20,0,0
218191049,2499923,120353,1612,2H,89,57,13.038405,7,0,1
218199933,2499924,7905,1611,1H,91,52,9.219544,2,1,0
218200020,2499924,8144,1619,1H,89,47,11.401754,3,0,0
218200166,2499924,268776,1619,1H,95,54,6.403124,4,1,0
218200263,2499924,7906,1611,1H,84,50,16.000000,0,0,0
218200345,2499924,397178,1611,1H,93,49,7.071068,1,1,0
218200506,2499924,7936,1611,1H,70,50,30.000000,0,0,0
218200572,2499924,70122,1611,1H,72,41,29.410882,9,0,0
218200666,2499924,8135,1611,1H,77,22,36.235342,28,0,0
218200704,2499924,7934,1611,1H,94,48,6.324555,2,1,0
218200736,2499924,70122,1611,1H,74,49,26.019224,1,0,0
218200929,2499924,8384,1619,2H,87,47,13.341664,3,0,0
218201056,2499924,105338,1611,2H,80,32,26.907248,18,0,0
218201311,2499924,70122,1611,2H,69,43,31.780497,7,0,0
218201328,2499924,383,1619,2H,93,51,7.071068,1,1,0
218201444,2499924,383,1619,2H,85,48,15.132746,2,0,0
218201453,2499924,397178,1611,2H,89,46,11.704700,4,0,0
218201543,2499924,215983,1619,2H,86,27,26.925824,23,0,0
218201544,2499924,297733,1619,2H,88,26,26.832816,24,0,0
218201553,2499924,70122,1611,2H,90,53,10.440307,3,0,0
218201723,2499924,7934,1611,2H,87,47,13.341664,3,0,0
218216969,2499925,12536,1613,1H,74,55,26.476405,5,0,0
218216970,2499925,339789,1613,1H,80,40,22.360680,10,0,0
218217006,2499925,3327,1613,1H,75,56,25.709920,6,0,0
218217079,2499925,25950,1651,1H,78,79,36.400549,29,0,0
218217228,2499925,8242,1651,1H,93,55,8.602325,5,1,0
218217331,2499925,134294,1613,2H,84,43,17.464249,7,0,0
218217351,2499925,25950,1651,1H,78,56,22.803509,6,0,0
218217352,2499925,8833,1613,2H,91,42,12.041595,8,1,0
218217413,2499925,8242,1651,1H,87,51,13.038405,1,0,0
218217534,2499925,3327,1613,2H,76,43,25.000000,7,0,0
218217537,2499925,12536,1613,2H,92,47,8.544004,3,1,0
218217538,2499925,3327,1613,2H,79,35,25.806976,15,0,0
218217590,2499925,8242,1651,1H,81,64,23.600847,14,1,0
218217668,2499925,8242,1651,1H,95,53,5.830952,3,1,0
218217689,2499925,12536,1613,2H,88,60,15.620499,10,0,0
218218078,2499925,70215,1613,2H,77,29,31.144823,21,0,0
218218113,2499925,9097,1651,2H,91,51,9.055385,1,1,0
218218156,2499925,7967,1613,2H,81,66,24.839485,16,0,0
218218255,2499925,25950,1651,2H,77,49,23.021729,1,0,0
218868762,2499926,257762,1624,1H,91,56,10.816654,6,0,0
218869037,2499926,8717,1624,1H,92,61,13.601471,11,0,0
218869389,2499926,8717,1624,1H,79,31,28.319605,19,0,0
218869393,2499926,210044,1624,1H,73,59,28.460499,9,0,0
218869414,2499926,54,1624,1H,78,43,23.086793,7,0,0
218869476,2499926,54,1624,1H,80,33,26.248809,17,0,0
218869536,2499926,25785,1624,1H,78,70,29.732137,20,0,0
218869752,2499926,54,1624,1H,76,49,24.020824,1,0,0
218869758,2499926,13484,1624,1H,92,43,10.630146,7,1,0
218869833,2499926,14911,1624,2H,92,15,35.902646,35,0,0
218869968,2499926,20620,1633,2H,74,26,35.383612,24,0,1
218869973,2499926,8717,1624,2H,75,31,31.400637,19,0,0
218870073,2499926,37725,1633,2H,95,63,13.928388,13,1,0
218870127,2499926,14911,1624,2H,89,57,13.038405,7,0,0
218870204,2499926,54,1624,2H,86,43,15.652476,7,0,0
218870207,2499926,13484,1624,2H,93,53,7.615773,3,1,0
218870246,2499926,48,1624,2H,72,29,35.000000,21,0,0
218870249,2499926,25572,1633,2H,97,36,14.317821,14,0,0
218870298,2499926,54,1624,2H,74,31,32.202484,19,0,0
218870328,2499926,8717,1624,2H,88,47,12.369317,3,0,0
218870332,2499926,13484,1624,2H,96,44,7.211103,6,1,0
218870433,2499926,8717,1624,2H,88,28,25.059928,22,0,0
218870434,2499926,8717,1624,1H,98,42,8.246211,8,0,0
218870466,2499926,54,1624,2H,74,36,29.529646,14,0,0
218870542,2499926,48,1624,2H,86,36,19.798990,14,0,0
218870545,2499926,61967,1624,2H,88,35,19.209373,15,0,0
218870556,2499926,14911,1624,2H,69,50,31.000000,0,0,1
218870599,2499926,3424,1624,2H,80,63,23.853721,13,0,0
218870667,2499926,61967,1624,2H,80,56,20.880613,6,0,0
218870668,2499926,13484,1624,2H,86,34,21.260292,16,0,0
218870670,2499926,54,1624,2H,76,41,25.632011,9,0,0
218241864,2499927,7929,1644,1H,87,42,15.264338,8,0,0
218241902,2499927,377071,1644,1H,89,32,21.095023,18,0,0
218241912,2499927,377071,1644,1H,93,30,21.189620,20,0,0
218241914,2499927,70156,1644,1H,92,51,8.062258,1,1,1
218242260,2499927,377071,1644,1H,92,37,15.264338,13,1,0
218242305,2499927,28292,1644,1H,76,64,27.784888,14,0,0
218242709,2499927,28292,1644,2H,88,43,13.892444,7,0,0
218242737,2499927,10663,1644,2H,90,50,10.000000,0,0,0
218242774,2499927,28292,1644,2H,75,29,32.649655,21,0,0
218242858,2499927,25571,10531,1H,74,67,31.064449,17,0,0
218243007,2499927,4365,10531,1H,74,63,29.068884,13,0,0
218243114,2499927,4365,10531,1H,77,39,25.495098,11,0,0
218243379,2499927,246866,10531,2H,91,57,11.401754,7,1,0
218243403,2499927,179,10531,2H,92,62,14.422205,12,0,0
218243589,2499927,25571,10531,2H,74,53,26.172505,3,0,0
218243657,2499927,25571,10531,2H,96,50,4.000000,0,0,1
218243678,2499927,77552,10531,2H,78,49,22.022716,1,0,0
218243679,2499927,179,10531,2H,92,47,8.544004,3,0,1
218383867,2499928,25413,1609,1H,86,57,15.652476,7,0,0
218383978,2499928,8958,1627,1H,89,48,11.180340,2,1,0
218383984,2499928,230020,1609,1H,85,53,15.297059,3,0,0
218383997,2499928,8686,1627,1H,89,57,13.038405,7,0,0
218384121,2499928,49876,1609,1H,77,66,28.017851,16,0,0
218384134,2499928,9414,1627,1H,73,61,29.154759,11,0,0
218384161,2499928,230020,1609,1H,81,68,26.172505,18,0,0
218384288,2499928,8958,1627,1H,89,59,14.212670,9,1,0
218384331,2499928,3361,1609,1H,79,37,24.698178,13,0,0
218384744,2499928,25413,1609,2H,88,35,19.209373,15,0,0
218384799,2499928,25413,1609,2H,94,46,7.211103,4,0,0
218384815,2499928,3361,1609,2H,86,21,32.202484,29,0,0
218384847,2499928,8958,1627,2H,82,54,18.439089,4,0,0
218385006,2499928,3361,1609,2H,88,54,12.649111,4,0,0
218385008,2499928,49876,1609,2H,76,70,31.240999,20,0,0
218385018,2499928,119951,1627,2H,91,50,9.000000,0,0,0
218385052,2499928,230020,1609,2H,75,60,26.925824,10,0,0
218385297,2499928,8958,1627,2H,77,43,24.041631,7,0,0
218385298,2499928,8530,1627,2H,92,30,21.540659,20,0,0
218385410,2499928,3361,1609,2H,76,47,24.186773,3,0,0
218385495,2499928,8686,1627,1H,89,42,13.601471,8,1,0
218738867,2499929,25707,1610,1H,87,30,23.853721,20,0,0
218738904,2499929,3324,1610,1H,88,45,13.000000,5,0,0
218739087,2499929,28291,1610,1H,90,56,11.661904,6,1,0
218739135,2499929,3361,1609,1H,89,43,13.038405,7,0,0
218739137,2499929,28291,1610,1H,86,43,15.652476,7,0,0
218739168,2499929,25707,1610,1H,86,43,15.652476,7,0,0
218739288,2499929,49876,1609,1H,71,39,31.016125,11,0,0
218739302,2499929,25413,1609,1H,89,59,14.212670,9,0,0
218739480,2499929,3350,1610,1H,85,50,15.000000,0,0,0
218739543,2499929,25707,1610,1H,90,27,25.079872,23,0,0
218739578,2499929,3319,1609,1H,75,33,30.232433,17,0,0
218739594,2499929,49876,1609,1H,73,36,30.413813,14,0,0
218739706,2499929,25707,1610,2H,92,61,13.601471,11,0,0
218739709,2499929,8032,1610,2H,89,32,21.095023,18,1,0
218739714,2499929,28291,1610,2H,89,65,18.601075,15,0,0
218739760,2499929,25707,1610,2H,92,65,17.000000,15,0,0
218739802,2499929,31528,1610,2H,70,38,32.310989,12,0,0
218739823,2499929,25413,1609,2H,93,35,16.552945,15,0,0
218739982,2499929,3324,1610,2H,89,63,17.029386,13,0,0
218740021,2499929,31528,1610,2H,82,66,24.083189,16,0,0
218740064,2499929,7873,1609,2H,87,33,21.400935,17,0,1
218740087,2499929,25413,1609,2H,89,54,11.704700,4,0,0
218740199,2499929,8032,1610,2H,92,53,8.544004,3,0,1
218740302,2499929,3324,1610,2H,89,55,12.083046,5,0,0
218740303,2499929,22889,1610,2H,85,63,19.849433,13,0,0
218740419,2499929,167145,1609,2H,93,70,21.189620,20,0,0
218740448,2499929,20612,1609,2H,83,46,17.464249,4,0,0
218740480,2499929,3361,1609,2H,89,32,21.095023,18,0,0
218740499,2499929,167145,1609,2H,87,53,13.341664,3,0,1
218431851,2499930,25950,1651,1H,97,62,12.369317,12,0,1
218431908,2499930,11669,1659,1H,89,40,14.866069,10,0,0
218431937,2499930,91381,1651,1H,76,25,34.655447,25,0,0
218432111,2499930,9283,1659,1H,80,36,24.413111,14,0,0
218432202,2499930,8416,1651,1H,76,46,24.331050,4,0,0
218432205,2499930,466,1651,1H,74,39,28.231188,11,0,0
218432228,2499930,9739,1659,1H,77,52,23.086793,2,0,0
218432231,2499930,9739,1659,1H,87,73,26.419690,23,0,0
218432268,2499930,9277,1659,1H,91,59,12.727922,9,1,0
218432292,2499930,9277,1659,1H,92,47,8.544004,3,1,1
218432391,2499930,8416,1651,1H,92,65,17.000000,15,0,0
218432437,2499930,11669,1659,1H,90,52,10.198039,2,0,0
218432491,2499930,9293,1659,1H,86,46,14.560220,4,0,0
218432500,2499930,9293,1659,1H,79,30,29.000000,20,0,0
218432512,2499930,9293,1659,1H,89,45,12.083046,5,0,0
218432603,2499930,91381,1651,1H,93,53,7.615773,3,0,0
218432656,2499930,9739,1659,2H,95,61,12.083046,11,0,0
218432699,2499930,9739,1659,2H,86,44,15.231546,6,0,0
218432799,2499930,8416,1651,2H,93,54,8.062258,4,0,1
218432854,2499930,25950,1651,2H,74,50,26.000000,0,0,0
218432881,2499930,302518,1659,2H,79,34,26.400758,16,0,0
218432918,2499930,25950,1651,2H,89,74,26.400758,24,0,0
218432941,2499930,8460,1659,2H,84,28,27.202941,22,0,0
218432964,2499930,15526,1651,2H,85,53,15.297059,3,0,0
218432978,2499930,8242,1651,2H,92,45,9.433981,5,0,0
218433086,2499930,9739,1659,2H,76,40,26.000000,10,0,0
218433096,2499930,91381,1651,2H,90,47,10.440307,3,0,0
218433098,2499930,7989,1659,2H,76,53,24.186773,3,0,0
218433117,2499930,302518,1659,2H,70,42,31.048349,8,0,0
218433161,2499930,91381,1651,2H,76,58,25.298221,8,0,0
218433184,2499930,9285,1659,2H,88,40,15.620499,10,0,0
218433193,2499930,11669,1659,2H,91,50,9.000000,0,0,1
218433314,2499930,11669,1659,2H,94,72,22.803509,22,0,0
218433337,2499930,9739,1659,2H,79,32,27.658633,18,0,0
218433375,2499930,9739,1659,2H,77,48,23.086793,2,0,0
218435961,2499931,8140,1612,1H,83,40,19.723083,10,0,0
218436084,2499931,9123,1646,1H,90,31,21.470911,19,0,0
218436262,2499931,7868,1612,1H,77,41,24.698178,9,0,0
218436287,2499931,8140,1612,1H,75,48,25.079872,2,0,0
218436434,2499931,286831,1612,1H,88,42,14.422205,8,1,0
218436466,2499931,11294,1646,1H,78,37,25.553865,13,0,0
218436472,2499931,11294,1646,1H,88,41,15.000000,9,1,0
218436496,2499931,116,1612,1H,76,71,31.890437,21,0,0
218436521,2499931,25747,1612,1H,76,47,24.186773,3,0,0
218436623,2499931,11294,1646,1H,82,55,18.681542,5,0,0
218436672,2499931,7868,1612,1H,88,31,22.472205,19,0,0
218436806,2499931,7868,1612,2H,85,35,21.213203,15,0,0
218436919,2499931,8140,1612,2H,81,63,23.021729,13,0,0
218436929,2499931,116,1612,2H,89,43,13.038405,7,1,0
218436956,2499931,8140,1612,2H,81,27,29.832868,23,0,0
218437050,2499931,25747,1612,2H,82,49,18.027756,1,0,1
218437120,2499931,70092,1646,2H,80,28,29.732137,22,0,0
218437182,2499931,116,1612,2H,95,58,9.433981,8,0,0
218437272,2499931,8140,1612,2H,70,43,30.805844,7,0,0
218437286,2499931,346101,1612,2H,75,70,32.015621,20,0,0
218437305,2499931,8944,1646,2H,88,35,19.209373,15,1,0
218437314,2499931,25393,1612,2H,90,58,12.806248,8,1,0
218437370,2499931,9123,1646,2H,87,68,22.203603,18,0,0
218437392,2499931,9123,1646,2H,89,45,12.083046,5,1,0
218437438,2499931,9127,1646,2H,90,39,14.866069,11,1,0
218437468,2499931,7868,1612,2H,95,68,18.681542,18,0,0
218437477,2499931,93,1646,2H,95,61,12.083046,11,1,1
218437608,2499931,74,1612,2H,97,45,5.830952,5,1,1
218463417,2499932,355937,1623,1H,81,74,30.610456,24,0,0
218463420,2499932,7944,1623,1H,75,55,25.495098,5,0,0
218463426,2499932,355937,1623,1H,94,60,11.661904,10,1,0
218463683,2499932,134513,1611,1H,77,25,33.970576,25,0,0
218463696,2499932,353236,1623,1H,79,69,28.319605,19,0,0
218463701,2499932,284476,1623,1H,88,64,18.439089,14,0,0
218463806,2499932,145692,1623,1H,92,41,12.041595,9,0,0
218463843,2499932,7918,1611,1H,69,69,36.359318,19,0,0
218463857,2499932,101652,1611,1H,88,57,13.892444,7,1,0
218464041,2499932,353236,1623,1H,95,31,19.646883,19,0,0
218464055,2499932,3413,1611,1H,77,49,23.021729,1,0,0
218464130,2499932,7936,1611,1H,75,60,26.925824,10,0,0
218464141,2499932,3413,1611,1H,77,25,33.970576,25,0,0
218464177,2499932,3413,1611,1H,78,63,25.553865,13,0,0
218464220,2499932,101652,1611,1H,69,39,32.893768,11,0,0
218464233,2499932,7934,1611,1H,82,27,29.206164,23,0,0
218464301,2499932,7936,1611,1H,69,35,34.438351,15,0,0
218464362,2499932,7906,1611,2H,76,46,24.331050,4,0,0
218464371,2499932,101652,1611,2H,75,52,25.079872,2,0,0
218464448,2499932,7906,1611,2H,78,71,30.413813,21,0,0
218464569,2499932,134513,1611,2H,83,53,17.262677,3,0,1
218464622,2499932,7934,1611,2H,82,69,26.172505,19,0,0
218464675,2499932,7936,1611,2H,91,36,16.643317,14,0,0
218464715,2499932,7936,1611,2H,95,54,6.403124,4,1,0
218464774,2499932,145692,1623,2H,93,54,8.062258,4,1,0
218464847,2499932,353236,1623,2H,91,60,13.453624,10,0,0
218464993,2499932,7934,1611,2H,80,41,21.931712,9,0,0
218465031,2499932,7934,1611,2H,82,31,26.172505,19,0,1
218465081,2499932,7919,1623,2H,91,52,9.219544,2,1,0
218465190,2499932,7934,1611,2H,80,37,23.853721,13,0,0
218465191,2499932,397178,1611,2H,79,39,23.706539,11,0,0
218467844,2499933,8653,1631,1H,90,60,14.142136,10,1,0
218467898,2499933,265366,1631,1H,87,40,16.401219,10,0,0
218468091,2499933,14796,1673,1H,76,45,24.515301,5,0,0
218468127,2499933,14853,1631,2H,78,39,24.596748,11,0,0
218468129,2499933,14763,1631,2H,93,56,9.219544,6,0,0
218468193,2499933,119630,1631,2H,89,51,11.045361,1,1,0
218468235,2499933,26150,1631,2H,93,70,21.189620,20,0,1
218468351,2499933,119630,1631,2H,80,42,21.540659,8,0,1
218468524,2499933,15823,1673,1H,79,59,22.847319,9,0,0
218468688,2499933,14853,1631,2H,71,42,30.083218,8,0,0
218468856,2499933,265366,1631,2H,92,62,14.422205,12,1,0
218468887,2499933,283142,1631,2H,90,68,20.591260,18,0,0
218469057,2499933,8013,1631,2H,95,47,5.830952,3,0,1
218469154,2499933,62389,1673,2H,73,54,27.294688,4,0,0
218469335,2499933,55979,1673,2H,89,55,12.083046,5,0,0
218469389,2499933,16436,1673,2H,88,67,20.808652,17,0,0
218469491,2499933,9419,1673,2H,78,67,27.802878,17,0,0
218677975,2499934,11066,1625,1H,93,56,9.219544,6,0,1
218678024,2499934,9380,1625,1H,93,42,10.630146,8,0,0
218678190,2499934,9380,1625,1H,90,47,10.440307,3,1,0
218678479,2499934,8317,1625,1H,88,35,19.209373,15,0,0
218678538,2499934,8325,1625,1H,96,53,5.000000,3,0,0
218678550,2499934,11066,1625,1H,93,71,22.135944,21,0,0
218678606,2499934,8325,1625,1H,86,50,14.000000,0,0,0
218678659,2499934,8325,1625,2H,92,49,8.062258,1,1,0
218678773,2499934,8325,1625,2H,88,39,16.278821,11,0,0
218678915,2499934,8325,1625,2H,95,53,5.830952,3,0,1
218678994,2499934,38021,1625,2H,79,66,26.400758,16,0,0
218679016,2499934,245364,1625,2H,90,49,10.049876,1,0,0
218679150,2499934,38021,1625,2H,81,37,23.021729,13,0,0
218679305,2499934,11066,1625,2H,93,71,22.135944,21,0,0
218679406,2499934,10663,1644,1H,93,29,22.135944,21,0,0
218679532,2499934,160,1644,1H,75,77,36.796739,27,0,0
218679546,2499934,10663,1644,1H,88,76,28.635642,26,0,0
218679636,2499934,25798,1644,1H,91,38,15.000000,12,0,0
218679922,2499934,10663,1644,2H,91,53,9.486833,3,0,1
218679953,2499934,28292,1644,2H,86,36,19.798990,14,0,0
218659130,2499935,8384,1619,1H,86,40,17.204651,10,0,0
218659146,2499935,383,1619,1H,80,38,23.323808,12,0,0
218659343,2499935,135114,1619,1H,74,66,30.528675,16,0,0
218659358,2499935,8384,1619,1H,89,46,11.704700,4,0,1
218659470,2499935,7899,1619,1H,71,49,29.017236,1,0,0
218659563,2499935,215983,1619,1H,93,29,22.135944,21,0,0
218659669,2499935,383,1619,1H,73,93,50.774009,43,0,0
218660024,2499935,8384,1619,2H,80,68,26.907248,18,0,0
218660253,2499935,215983,1619,2H,80,39,22.825424,11,0,0
218660321,2499935,8471,1628,1H,76,57,25.000000,7,0,0
218660483,2499935,8471,1628,1H,74,54,26.305893,4,0,0
218660590,2499935,8422,1628,1H,88,34,20.000000,16,0,0
218660838,2499935,38031,1628,2H,87,62,17.691806,12,0,0
218660862,2499935,25865,1628,2H,71,24,38.948684,26,0,0
218660875,2499935,8623,1628,2H,93,41,11.401754,9,0,1
218660949,2499935,127537,1628,2H,90,58,12.806248,8,0,0
218660962,2499935,127537,1628,2H,75,43,25.961510,7,0,1
218661003,2499935,8422,1628,2H,91,46,9.848858,4,0,0
218661023,2499935,38031,1628,2H,83,52,17.117243,2,0,0
218465538,2499936,70215,1613,1H,92,38,14.422205,12,0,0
218465548,2499936,252365,1613,1H,76,65,28.301943,15,0,0
218465618,2499936,70215,1613,1H,83,51,17.029386,1,0,0
218465707,2499936,70215,1613,1H,90,59,13.453624,9,0,0
218465884,2499936,293686,1613,1H,75,69,31.400637,19,0,0
218466044,2499936,8004,1613,1H,97,42,8.544004,8,0,0
218466079,2499936,9227,1613,1H,81,30,27.586228,20,0,0
218466164,2499936,9227,1613,1H,92,41,12.041595,9,1,0
218466253,2499936,15198,1639,1H,89,32,21.095023,18,0,0
218466293,2499936,7961,1639,1H,50,66,52.497619,16,0,0
218466350,2499936,9227,1613,1H,76,48,24.083189,2,0,0
218466589,2499936,15198,1639,2H,79,28,30.413813,22,0,0
218466786,2499936,230883,1613,2H,92,53,8.544004,3,0,1
218466827,2499936,25854,1639,2H,86,36,19.798990,14,1,0
218466929,2499936,65254,1639,2H,86,42,16.124515,8,0,0
218466967,2499936,8620,1613,2H,85,42,17.000000,8,0,0
218466993,2499936,15054,1639,2H,89,58,13.601471,8,0,0
218467093,2499936,134294,1613,2H,82,52,18.110770,2,0,0
218467119,2499936,15054,1639,2H,96,52,4.472136,2,1,0
218467126,2499936,447812,1639,2H,69,56,31.575307,6,0,0
218467129,2499936,70215,1613,1H,89,66,19.416488,16,0,0
218467147,2499936,15054,1639,2H,79,48,21.095023,2,0,0
218467167,2499936,15054,1639,2H,96,56,7.211103,6,1,0
218602724,2499937,3424,1624,1H,94,45,7.810250,5,1,1
218602895,2499937,13484,1624,1H,80,52,20.099751,2,0,0
218603221,2499937,8192,10531,1H,86,31,23.600847,19,0,0
218603351,2499937,3424,1624,1H,93,45,8.602325,5,0,0
218603502,2499937,77552,10531,2H,81,34,24.839485,16,0,0
218603520,2499937,14911,1624,2H,83,76,31.064449,26,0,0
218603548,2499937,13484,1624,2H,80,72,29.732137,22,0,0
218603762,2499937,179,10531,2H,92,72,23.409400,22,0,0
218603771,2499937,13484,1624,2H,89,52,11.180340,2,1,0
218603830,2499937,284,10531,2H,96,58,8.944272,8,1,0
218603958,2499937,14911,1624,2H,94,39,12.529964,11,0,0
218604040,2499937,8717,1624,2H,89,56,12.529964,6,0,0
218604050,2499937,25571,10531,2H,91,66,18.357560,16,0,0
218604052,2499937,179,10531,2H,87,67,21.400935,17,0,0
218604056,2499937,210044,1624,2H,87,37,18.384776,13,0,0
218604058,2499937,8192,10531,2H,73,38,29.546573,12,0,0
218604171,2499937,13484,1624,2H,88,63,17.691806,13,0,0
218604177,2499937,13484,1624,2H,89,62,16.278821,12,0,1
218665463,2499938,41174,1633,1H,81,68,26.172505,18,0,0
218665483,2499938,41174,1633,1H,84,56,17.088007,6,0,0
218665517,2499938,8582,1633,1H,68,21,43.185646,29,0,0
218665642,2499938,41174,1633,1H,87,56,14.317821,6,0,0
218665655,2499938,7970,1633,1H,81,66,24.839485,16,0,0
218665754,2499938,41174,1633,1H,88,44,13.416408,6,0,0
218665866,2499938,7970,1633,2H,95,54,6.403124,4,0,0
218665975,2499938,26499,1633,2H,83,35,22.671568,15,0,0
218665997,2499938,7970,1633,2H,96,51,4.123106,1,1,1
218666059,2499938,14703,1633,2H,93,33,18.384776,17,0,0
218666218,2499938,14703,1633,2H,87,38,17.691806,12,0,0
218666270,2499938,7970,1633,2H,97,63,13.341664,13,0,1
218666377,2499938,3577,1627,1H,78,62,25.059928,12,0,0
218666462,2499938,8530,1627,1H,77,29,31.144823,21,0,0
218666472,2499938,8958,1627,1H,76,51,24.020824,1,0,0
218666513,2499938,8530,1627,1H,79,50,21.000000,0,0,1
218666621,2499938,86308,1627,1H,81,60,21.470911,10,0,0
218666638,2499938,7914,1627,1H,94,52,6.324555,2,0,0
218666707,2499938,8530,1627,2H,74,31,32.202484,19,0,0
218666732,2499938,3577,1627,2H,45,52,55.036352,2,0,0
218666856,2499938,346071,1627,2H,87,49,13.038405,1,0,0
218666973,2499938,346071,1627,2H,91,51,9.055385,1,0,0
220882572,2499939,279717,1609,1H,90,39,14.866069,11,0,0
220882594,2499939,230020,1609,1H,83,72,27.802878,22,0,0
220882702,2499939,8460,1659,1H,85,49,15.033296,1,0,0
220882737,2499939,230020,1609,1H,77,55,23.537205,5,0,0
220882888,2499939,7873,1609,1H,93,36,15.652476,14,0,0
220883156,2499939,7945,1609,1H,88,43,13.892444,7,0,0
220883198,2499939,20612,1609,1H,93,62,13.892444,12,1,0
220883452,2499939,62224,1659,1H,82,48,18.110770,2,0,0
220883463,2499939,8460,1659,1H,88,75,27.730849,25,0,0
220883496,2499939,62224,1659,1H,89,37,17.029386,13,0,0
220883520,2499939,167145,1609,2H,88,68,21.633308,18,0,1
220883527,2499939,62224,1659,1H,82,40,20.591260,10,0,0
220883827,2499939,7989,1659,2H,85,53,15.297059,3,0,0
220883855,2499939,49876,1609,2H,77,39,25.495098,11,0,0
220883887,2499939,62224,1659,2H,87,32,22.203603,18,0,0
220884003,2499939,7873,1609,2H,75,38,27.730849,12,0,0
220884157,2499939,49876,1609,2H,74,46,26.305893,4,0,0
220884219,2499939,62224,1659,2H,75,65,29.154759,15,0,0
220884250,2499939,9739,1659,2H,92,71,22.472205,21,0,0
220884257,2499939,49876,1609,1H,73,48,27.073973,2,0,0
220884291,2499939,11669,1659,2H,88,50,12.000000,0,0,1
220884321,2499939,9739,1659,2H,87,50,13.000000,0,0,1
220884326,2499939,62224,1659,2H,70,73,37.802116,23,0,0
220884392,2499939,9739,1659,2H,75,49,25.019992,1,0,0
220604245,2499940,31528,1610,1H,80,48,20.099751,2,0,0
220604257,2499940,8625,1610,1H,80,52,20.099751,2,0,0
220604359,2499940,14763,1631,1H,96,42,8.944272,8,0,0
220604381,2499940,12829,1631,1H,93,40,12.206556,10,0,0
220604401,2499940,12829,1631,1H,91,66,18.357560,16,0,0
220604426,2499940,8013,1631,1H,80,61,22.825424,11,0,0
220604430,2499940,3350,1610,1H,92,72,23.409400,22,0,0
220604432,2499940,265366,1631,1H,90,48,10.198039,2,1,0
220604434,2499940,49859,1631,1H,93,30,21.189620,20,0,0
220604496,2499940,25707,1610,1H,87,40,16.401219,10,0,0
220604583,2499940,12829,1631,1H,80,54,20.396078,4,0,0
220604590,2499940,26150,1631,1H,88,60,15.620499,10,0,0
220604628,2499940,12829,1631,1H,79,74,31.890437,24,0,0
220604927,2499940,14763,1631,1H,91,54,9.848858,4,0,0
220604929,2499940,8013,1631,1H,78,46,22.360680,4,0,0
220605014,2499940,3350,1610,1H,89,72,24.596748,22,0,0
220605348,2499940,26150,1631,2H,78,64,26.076810,14,0,0
220605428,2499940,28291,1610,2H,75,28,33.301652,22,0,0
220605455,2499940,3360,1610,2H,83,29,27.018512,21,0,0
220605519,2499940,8625,1610,2H,86,67,22.022716,17,0,0
220605627,2499940,31528,1610,2H,78,65,26.627054,15,0,0
220605654,2499940,105333,1610,2H,88,68,21.633308,18,0,0
220605704,2499940,28291,1610,2H,81,44,19.924859,6,0,0
220605723,2499940,28291,1610,2H,75,30,32.015621,20,0,0
220605757,2499940,3360,1610,2H,72,61,30.083218,11,0,0
220605820,2499940,3360,1610,2H,77,25,33.970576,25,0,0
220605939,2499940,8625,1610,2H,81,67,25.495098,17,0,0
220623159,2499941,25865,1628,1H,79,45,21.587033,5,0,0
220623178,2499941,127537,1628,1H,73,57,27.892651,7,0,0
220623342,2499941,25865,1628,1H,96,33,17.464249,17,0,1
220623378,2499941,8422,1628,1H,93,68,19.313208,18,0,0
220623450,2499941,38031,1628,1H,95,47,5.830952,3,1,0
220623634,2499941,9123,1646,1H,79,50,21.000000,0,0,0
220623637,2499941,7958,1628,1H,83,41,19.235384,9,0,0
220623640,2499941,7958,1628,1H,95,28,22.561028,22,0,0
220623643,2499941,454,1628,1H,82,37,22.203603,13,0,0
220623645,2499941,38031,1628,1H,96,56,7.211103,6,0,0
220623664,2499941,25865,1628,1H,95,32,18.681542,18,0,0
220623736,2499941,9127,1646,1H,92,43,10.630146,7,1,0
220623768,2499941,9123,1646,1H,83,50,17.000000,0,0,0
220623917,2499941,8422,1628,2H,93,64,15.652476,14,0,0
220624069,2499941,9123,1646,2H,93,44,9.219544,6,1,0
220624107,2499941,38031,1628,2H,95,55,7.071068,5,1,0
220624153,2499941,25865,1628,2H,86,44,15.231546,6,1,0
220624277,2499941,8125,1646,2H,81,42,20.615528,8,0,0
220624290,2499941,8623,1628,2H,93,36,15.652476,14,0,0
220624373,2499941,38031,1628,2H,91,67,19.235384,17,0,0
220624540,2499941,9123,1646,2H,88,50,12.000000,0,0,0
220624627,2499941,9127,1646,2H,92,73,24.351591,23,1,0
220683991,2499942,173,1673,1H,68,19,44.553339,31,0,0
220684025,2499942,173,1673,1H,74,31,32.202484,19,0,0
220684416,2499942,8561,1633,1H,89,67,20.248457,17,0,1
220684636,2499942,15215,1673,1H,94,42,10.000000,8,1,0
220684655,2499942,274488,1673,1H,87,60,16.401219,10,0,1
220684882,2499942,14703,1633,2H,88,37,17.691806,13,0,1
220684955,2499942,38377,1673,2H,93,51,7.071068,1,1,0
220684964,2499942,14703,1633,2H,91,75,26.570661,25,0,0
220685075,2499942,41174,1633,2H,83,31,25.495098,19,0,0
220685118,2499942,41174,1633,2H,90,59,13.453624,9,0,1
220685182,2499942,41174,1633,2H,87,49,13.038405,1,0,1
220685228,2499942,9280,1673,2H,74,43,26.925824,7,0,0
220685288,2499942,15215,1673,2H,93,46,8.062258,4,0,0
220685616,2499942,62389,1673,2H,78,43,23.086793,7,0,0
220933078,2499943,120353,1612,1H,82,45,18.681542,5,0,0
220933208,2499943,7868,1612,1H,81,68,26.172505,18,0,1
220933296,2499943,120353,1612,1H,93,64,15.652476,14,0,0
220933548,2499943,245364,1625,1H,76,60,26.000000,10,0,0
220933559,2499943,15808,1612,1H,93,66,17.464249,16,1,0
220933687,2499943,116,1612,1H,71,58,30.083218,8,0,0
220933722,2499943,120353,1612,1H,81,72,29.068884,22,0,0
220933775,2499943,38021,1625,1H,68,51,32.015621,1,0,0
220933819,2499943,120353,1612,1H,79,68,27.658633,18,0,0
220933896,2499943,15808,1612,1H,72,49,28.017851,1,0,0
220933931,2499943,245364,1625,1H,94,29,21.840330,21,0,1
220933968,2499943,105339,1625,1H,69,54,31.256999,4,0,0
220934147,2499943,8325,1625,2H,89,34,19.416488,16,0,0
220934158,2499943,70086,1625,2H,92,55,9.433981,5,1,0
220934199,2499943,120353,1612,2H,87,69,23.021729,19,0,0
220934216,2499943,7868,1612,2H,93,32,19.313208,18,0,0
220934244,2499943,25747,1612,2H,78,37,25.553865,13,0,0
220934280,2499943,15808,1612,2H,89,34,19.416488,16,0,1
220934289,2499943,25747,1612,2H,83,40,19.723083,10,0,0
220934313,2499943,25747,1612,2H,87,36,19.104973,14,0,1
220934410,2499943,120353,1612,2H,67,34,36.674242,16,0,1
220934655,2499943,116,1612,2H,74,52,26.076810,2,0,0
220934718,2499943,14808,1625,2H,75,50,25.000000,0,0,0
220934793,2499943,14808,1625,2H,85,36,20.518285,14,0,0
220934795,2499943,265673,1625,2H,93,64,15.652476,14,0,1
220934911,2499943,14808,1625,2H,90,59,13.453624,9,0,1
220934920,2499943,8325,1625,2H,77,30,30.479501,20,0,0
221288694,2499944,49872,1639,1H,89,69,21.954498,19,0,0
221288723,2499944,7938,1611,1H,87,67,21.400935,17,0,1
221288776,2499944,8017,1639,1H,87,53,13.341664,3,0,0
221288862,2499944,15198,1639,1H,88,26,26.832816,24,0,0
221288885,2499944,8017,1639,1H,88,48,12.165525,2,0,0
221288949,2499944,15198,1639,1H,88,42,14.422205,8,0,0
221289020,2499944,134513,1611,1H,73,30,33.600595,20,0,0
221289076,2499944,8135,1611,1H,74,35,30.016662,15,0,0
221289149,2499944,134513,1611,1H,88,37,17.691806,13,0,0
221289195,2499944,134513,1611,1H,83,52,17.117243,2,0,1
221289317,2499944,25854,1639,1H,89,42,13.601471,8,1,0
221289327,2499944,134513,1611,1H,74,38,28.635642,12,0,0
221289350,2499944,77548,1639,1H,73,52,27.073973,2,0,0
221289358,2499944,49872,1639,1H,83,50,17.000000,0,0,0
221289556,2499944,7905,1611,2H,81,41,21.023796,9,0,0
221289616,2499944,7936,1611,2H,90,67,19.723083,17,0,0
221289653,2499944,134513,1611,2H,92,47,8.544004,3,0,0
221289697,2499944,7906,1611,2H,91,64,16.643317,14,0,0
221289745,2499944,7906,1611,2H,90,33,19.723083,17,0,0
221289757,2499944,7905,1611,2H,90,68,20.591260,18,0,0
221289760,2499944,7934,1611,2H,80,48,20.099751,2,0,0
221289788,2499944,332605,1639,2H,82,34,24.083189,16,0,0
221289805,2499944,8135,1611,2H,78,25,33.301652,25,0,0
221289883,2499944,7905,1611,2H,91,39,14.212670,11,0,1
221290071,2499944,15054,1639,2H,91,35,17.492856,15,0,0
221290072,2499944,15054,1639,2H,94,41,10.816654,9,0,0
221290130,2499944,397178,1611,2H,95,48,5.385165,2,0,0
221290210,2499944,397178,1611,2H,90,31,21.470911,19,0,0
220679698,2499945,12536,1613,1H,90,51,10.049876,1,1,0
220679837,2499945,288865,10531,1H,91,45,10.295630,5,0,0
220679966,2499945,8620,1613,1H,78,36,26.076810,14,0,0
220680015,2499945,12536,1613,1H,88,45,13.000000,5,1,0
220680132,2499945,230883,1613,1H,86,68,22.803509,18,0,0
220680180,2499945,7978,1613,1H,91,35,17.492856,15,0,0
220680242,2499945,230883,1613,1H,89,36,17.804494,14,0,0
220680254,2499945,61962,10531,1H,83,65,22.671568,15,0,0
220680264,2499945,284,10531,1H,94,48,6.324555,2,0,0
220680440,2499945,61979,10531,1H,92,55,9.433981,5,1,0
220680677,2499945,12536,1613,2H,87,38,17.691806,12,0,0
220680790,2499945,25571,10531,2H,93,48,7.280110,2,1,0
220680797,2499945,25571,10531,2H,94,49,6.082763,1,1,1
220680933,2499945,230883,1613,2H,89,32,21.095023,18,0,0
220680935,2499945,3327,1613,2H,93,64,15.652476,14,0,1
220681064,2499945,8620,1613,2H,76,42,25.298221,8,0,0
220681388,2499945,471,10531,2H,79,47,21.213203,3,0,0
220642168,2499946,14911,1624,1H,89,34,19.416488,16,1,0
220642290,2499946,7944,1623,1H,83,47,17.262677,3,0,0
220642315,2499946,8717,1624,1H,80,35,25.000000,15,0,0
220642316,2499946,25785,1624,1H,80,69,27.586228,19,0,0
220642335,2499946,8717,1624,1H,74,38,28.635642,12,0,0
220642374,2499946,8717,1624,1H,87,55,13.928388,5,0,0
220642400,2499946,14911,1624,1H,96,51,4.123106,1,0,1
220642401,2499946,25706,1623,1H,73,44,27.658633,6,0,0
220642452,2499946,48,1624,1H,69,41,32.280025,9,0,0
220642664,2499946,32636,1623,1H,88,44,13.416408,6,1,0
220642793,2499946,8624,1623,1H,87,55,13.928388,5,0,0
220642884,2499946,14911,1624,2H,91,34,18.357560,16,0,0
220642888,2499946,8717,1624,2H,98,50,2.000000,0,0,1
220642944,2499946,7944,1623,2H,69,40,32.572995,10,0,0
220642971,2499946,13484,1624,2H,92,34,17.888544,16,0,0
220643013,2499946,8717,1624,2H,76,60,26.000000,10,0,0
220643074,2499946,14911,1624,2H,82,52,18.110770,2,0,0
220643107,2499946,8717,1624,2H,94,48,6.324555,2,0,1
220643345,2499946,25785,1624,2H,89,76,28.231188,26,0,0
220643466,2499946,14911,1624,2H,89,35,18.601075,15,0,0
220643467,2499946,13484,1624,2H,88,44,13.416408,6,0,0
220643491,2499946,14911,1624,2H,90,36,17.204651,14,0,0
220643522,2499946,54,1624,2H,87,40,16.401219,10,0,1
220643591,2499946,14911,1624,2H,87,32,22.203603,18,0,0
220643692,2499946,61967,1624,2H,70,64,33.105891,14,0,0
220690422,2499947,70156,1644,1H,88,67,20.808652,17,0,0
220690436,2499947,7929,1644,1H,86,25,28.653098,25,0,0
220690450,2499947,160,1644,1H,77,70,30.479501,20,0,0
220690664,2499947,8384,1619,1H,89,30,22.825424,20,0,0
220690669,2499947,70389,1619,1H,83,68,24.758837,18,0,0
220690688,2499947,68085,1644,1H,89,31,21.954498,19,1,0
220690787,2499947,10663,1644,1H,79,60,23.259407,10,0,0
220690828,2499947,8144,1619,1H,87,61,17.029386,11,0,1
220690863,2499947,8384,1619,1H,94,39,12.529964,11,1,0
220690911,2499947,377071,1644,2H,91,44,10.816654,6,1,0
220690958,2499947,268776,1619,1H,63,29,42.544095,21,0,0
220691054,2499947,20593,1644,2H,83,38,20.808652,12,0,0
220691104,2499947,377071,1644,2H,87,46,13.601471,4,0,0
220691126,2499947,160,1644,2H,83,59,19.235384,9,0,0
220691129,2499947,10663,1644,2H,95,54,6.403124,4,1,1
220691150,2499947,8384,1619,1H,94,56,8.485281,6,0,0
220691179,2499947,70156,1644,2H,72,61,30.083218,11,0,0
220691203,2499947,25885,1644,2H,92,54,8.944272,4,1,0
220691323,2499947,10663,1644,2H,91,63,15.811388,13,1,0
220691366,2499947,160,1644,2H,69,40,32.572995,10,0,0
220691395,2499947,8144,1619,1H,92,54,8.944272,4,0,1
220691536,2499947,28292,1644,2H,94,55,7.810250,5,1,1
220691782,2499947,135114,1619,2H,86,54,14.560220,4,1,0
220688159,2499948,7914,1627,1H,96,44,7.211103,6,1,1
220688164,2499948,91381,1651,1H,78,49,22.022716,1,0,0
220688207,2499948,8360,1627,1H,90,72,24.166092,22,1,0
220688344,2499948,9414,1627,1H,63,17,49.578221,33,0,0
220688389,2499948,8360,1627,1H,78,71,30.413813,21,0,0
220688578,2499948,9414,1627,1H,76,67,29.410882,17,0,0
220688644,2499948,466,1651,1H,75,48,25.079872,2,0,0
220688733,2499948,8360,1627,1H,95,70,20.615528,20,0,0
220688768,2499948,3577,1627,1H,71,66,33.120990,16,0,0
220688820,2499948,8416,1651,1H,85,62,19.209373,12,0,0
220688821,2499948,8416,1651,1H,89,68,21.095023,18,0,0
220688866,2499948,8958,1627,2H,95,57,8.602325,7,0,0
220688881,2499948,8314,1627,2H,80,46,20.396078,4,0,0
220688942,2499948,8958,1627,2H,77,46,23.345235,4,0,0
220688997,2499948,8360,1627,2H,87,58,15.264338,8,1,1
220689011,2499948,466,1651,1H,86,56,15.231546,6,0,0
220689013,2499948,9097,1651,1H,89,45,12.083046,5,0,0
220689025,2499948,25950,1651,1H,74,70,32.802439,20,0,0
220689183,2499948,15526,1651,1H,84,35,21.931712,15,0,0
220689206,2499948,3577,1627,2H,90,35,18.027756,15,0,0
220689389,2499948,3278,1651,2H,74,64,29.529646,14,0,0
220689458,2499948,3577,1627,2H,81,54,19.416488,4,0,0
220689491,2499948,3577,1627,2H,91,67,19.235384,17,0,0
220689582,2499948,25950,1651,2H,90,54,10.770330,4,0,0
220689622,2499948,8416,1651,2H,90,44,11.661904,6,1,0
220689642,2499948,8416,1651,2H,92,43,10.630146,7,1,0
220689765,2499948,26495,1651,2H,74,36,29.529646,14,0,0
222290932,2499949,8554,1628,1H,87,36,19.104973,14,1,0
222290964,2499949,230020,1609,1H,85,33,22.671568,17,0,0
222290972,2499949,3560,1609,1H,96,43,8.062258,7,1,1
222291127,2499949,25865,1628,1H,88,70,23.323808,20,0,0
222291212,2499949,230020,1609,1H,91,51,9.055385,1,0,0
222291241,2499949,230020,1609,1H,92,44,10.000000,6,0,1
222291348,2499949,25413,1609,1H,95,67,17.720045,17,0,0
222291352,2499949,7855,1609,1H,98,46,4.472136,4,0,1
222291362,2499949,49876,1609,1H,89,61,15.556349,11,0,0
222291381,2499949,397168,1628,1H,73,57,27.892651,7,0,0
222291428,2499949,25865,1628,2H,69,19,43.840620,31,0,0
222291462,2499949,454,1628,2H,69,20,43.139309,30,0,0
222291468,2499949,7958,1628,2H,89,50,11.000000,0,0,0
222291574,2499949,3319,1609,1H,87,58,15.264338,8,0,0
222291605,2499949,25413,1609,1H,87,48,13.152946,2,0,1
222291660,2499949,230020,1609,1H,74,59,27.513633,9,0,0
222291674,2499949,38031,1628,2H,89,66,19.416488,16,0,0
222291939,2499949,127537,1628,2H,91,32,20.124612,18,0,1
222292253,2499949,8422,1628,1H,76,55,24.515301,5,0,0
222292422,2499949,230020,1609,2H,91,35,17.492856,15,0,0
222292601,2499949,120339,1609,2H,94,72,22.803509,22,0,0
222292659,2499949,167145,1609,2H,91,71,22.847319,21,0,0
222292692,2499949,25413,1609,2H,90,38,15.620499,12,0,0
222292694,2499949,25413,1609,2H,87,40,16.401219,10,0,0
222188190,2499950,25707,1610,1H,89,59,14.212670,9,0,1
222188252,2499950,105333,1610,1H,85,57,16.552945,7,0,1
222188254,2499950,15526,1651,1H,76,60,26.000000,10,0,0
222188468,2499950,247248,1651,1H,76,59,25.632011,9,0,0
222188470,2499950,28291,1610,1H,76,64,27.784888,14,0,0
222188611,2499950,105333,1610,1H,90,73,25.079872,23,0,0
222188628,2499950,3657,1651,1H,89,61,15.556349,11,0,0
222188651,2499950,38093,1610,1H,90,61,14.866069,11,0,0
222188665,2499950,25707,1610,1H,74,63,29.068884,13,0,0
222188738,2499950,3657,1651,1H,97,46,5.000000,4,1,0
222188778,2499950,8242,1651,1H,89,48,11.180340,2,1,0
222188887,2499950,38093,1610,1H,83,54,17.464249,4,0,0
222188960,2499950,38093,1610,1H,87,66,20.615528,16,0,0
222189118,2499950,466,1651,2H,91,57,11.401754,7,1,0
222189330,2499950,247248,1651,2H,80,68,26.907248,18,0,0
222189398,2499950,20855,1651,2H,92,52,8.246211,2,0,0
222189457,2499950,20855,1651,2H,82,84,38.470768,34,0,0
222189605,2499950,25707,1610,2H,87,52,13.152946,2,0,1
222189729,2499950,38093,1610,2H,78,49,22.022716,1,0,0
222189779,2499950,8416,1651,2H,95,47,5.830952,3,1,0
222189791,2499950,8625,1610,2H,90,45,11.180340,5,0,1
222189812,2499950,91381,1651,2H,90,43,12.206556,7,0,0
222353907,2499951,9433,1646,1H,90,56,11.661904,6,1,0
222353924,2499951,8980,1646,1H,81,34,24.839485,16,0,0
222353982,2499951,93,1646,1H,89,67,20.248457,17,0,0
222354076,2499951,8980,1646,1H,90,71,23.259407,21,0,0
222354096,2499951,8944,1646,1H,94,50,6.000000,0,1,0
222354396,2499951,9123,1646,2H,83,43,18.384776,7,0,0
222354543,2499951,93,1646,2H,92,65,17.000000,15,1,0
222354569,2499951,7936,1611,1H,92,37,15.264338,13,0,0
222354656,2499951,134513,1611,1H,88,31,22.472205,19,0,0
222354862,2499951,8944,1646,2H,87,55,13.928388,5,1,0
222355010,2499951,7936,1611,1H,73,60,28.792360,10,0,0
222355033,2499951,9123,1646,2H,92,48,8.246211,2,1,0
222355071,2499951,7939,1611,1H,95,31,19.646883,19,0,0
222355146,2499951,134513,1611,1H,84,43,17.464249,7,0,0
222355182,2499951,9127,1646,2H,96,56,7.211103,6,1,0
222355328,2499951,9127,1646,2H,91,50,9.000000,0,1,0
222355380,2499951,270828,1646,2H,89,33,20.248457,17,0,0
222355411,2499951,134513,1611,2H,88,39,16.278821,11,0,1
222355519,2499951,7936,1611,2H,80,48,20.099751,2,0,0
222355534,2499951,7905,1611,2H,86,45,14.866069,5,0,0
222355604,2499951,7936,1611,2H,82,50,18.000000,0,0,0
222355642,2499951,7934,1611,2H,83,60,19.723083,10,0,0
222355649,2499951,70122,1611,2H,69,64,34.014703,14,0,0
222355712,2499951,134513,1611,2H,90,33,19.723083,17,0,0
222330594,2499952,3577,1627,1H,82,66,24.083189,16,0,0
222330724,2499952,25537,1627,1H,87,59,15.811388,9,0,0
222330732,2499952,77558,1623,1H,87,37,18.384776,13,0,0
222330743,2499952,8958,1627,1H,87,54,13.601471,4,0,1
222331048,2499952,77558,1623,1H,78,31,29.068884,19,0,0
222331192,2499952,286825,1623,1H,81,66,24.839485,16,0,0
222331343,2499952,9414,1627,1H,81,64,23.600847,14,0,0
222331438,2499952,77558,1623,2H,89,58,13.601471,8,0,0
222331519,2499952,3577,1627,1H,92,41,12.041595,9,1,0
222331583,2499952,3577,1627,2H,86,54,14.560220,4,0,0
222331799,2499952,145692,1623,2H,94,57,9.219544,7,0,1
222331926,2499952,7879,1623,2H,87,43,14.764823,7,0,0
222331991,2499952,9194,1623,2H,86,42,16.124515,8,0,0
222332016,2499952,25537,1627,2H,75,58,26.248809,8,0,0
222332019,2499952,9414,1627,2H,91,38,15.000000,12,0,0
222332115,2499952,9414,1627,2H,87,36,19.104973,14,0,0
222332125,2499952,3577,1627,2H,91,60,13.453624,10,1,0
222332166,2499952,3577,1627,2H,74,47,26.172505,3,0,0
222332167,2499952,355937,1623,2H,91,50,9.000000,0,1,0
222332183,2499952,3577,1627,2H,89,61,15.556349,11,1,0
222332233,2499952,3577,1627,2H,88,60,15.620499,10,1,0
222332418,2499952,3577,1627,2H,74,34,30.528675,16,0,0
222332433,2499952,25537,1627,2H,78,40,24.166092,10,0,0
222272050,2499953,70156,1644,1H,82,55,18.681542,5,0,0
222272227,2499953,12829,1631,1H,87,49,13.038405,1,0,0
222272256,2499953,28292,1644,1H,82,68,25.455844,18,0,0
222272257,2499953,265366,1631,1H,96,47,5.000000,3,0,0
222272275,2499953,20593,1644,1H,78,49,22.022716,1,0,0
222272327,2499953,8903,1644,1H,76,67,29.410882,17,0,0
222273028,2499953,8903,1644,2H,87,36,19.104973,14,0,0
222273095,2499953,10663,1644,2H,90,63,16.401219,13,0,0
222273201,2499953,14763,1631,2H,90,40,14.142136,10,0,0
222273238,2499953,10663,1644,2H,90,32,20.591260,18,0,0
222273258,2499953,265366,1631,2H,92,38,14.422205,12,1,0
222273335,2499953,8903,1644,2H,95,49,5.099020,1,1,0
222273700,2499953,265366,1631,2H,87,33,21.400935,17,0,0
222273710,2499953,265366,1631,2H,79,64,25.238859,14,0,0
222273721,2499953,26150,1631,2H,95,31,19.646883,19,0,1
222267979,2499954,9380,1625,1H,92,58,11.313708,8,0,0
222268008,2499954,8004,1613,1H,90,58,12.806248,8,0,0
222268049,2499954,8277,1625,1H,71,28,36.400549,22,0,0
222268169,2499954,245364,1625,1H,78,25,33.301652,25,0,0
222268490,2499954,11066,1625,1H,86,61,17.804494,11,0,0
222268539,2499954,8317,1625,1H,90,38,15.620499,12,0,0
222268547,2499954,8325,1625,1H,94,39,12.529964,11,1,1
222268649,2499954,38021,1625,1H,85,42,17.000000,8,0,0
222268701,2499954,8325,1625,1H,90,62,15.620499,12,0,0
222268739,2499954,105339,1625,1H,72,48,28.071338,2,0,0
222268805,2499954,8325,1625,1H,95,69,19.646883,19,0,0
222269113,2499954,293686,1613,2H,89,49,11.045361,1,0,1
222269202,2499954,8620,1613,2H,91,32,20.124612,18,0,0
222269205,2499954,230883,1613,2H,92,27,24.351591,23,0,0
222269319,2499954,8325,1625,2H,86,49,14.035669,1,0,0
222269355,2499954,8325,1625,2H,97,61,11.401754,11,0,0
222269360,2499954,11066,1625,2H,92,57,10.630146,7,0,0
222269396,2499954,293686,1613,2H,78,59,23.769729,9,0,0
222269495,2499954,38021,1625,2H,78,42,23.409400,8,0,0
222269498,2499954,12536,1613,2H,93,46,8.062258,4,1,0
222269508,2499954,8317,1625,2H,80,67,26.248809,17,0,0
222269575,2499954,38021,1625,2H,84,37,20.615528,13,0,0
222269587,2499954,8325,1625,2H,92,52,8.246211,2,0,1
222269593,2499954,105339,1625,2H,83,66,23.345235,16,0,0
222594444,2499955,20857,1619,1H,78,36,26.076810,14,0,0
222594514,2499955,210044,1624,1H,89,57,13.038405,7,0,0
222594541,2499955,8717,1624,1H,92,52,8.246211,2,1,1
222594594,2499955,210044,1624,1H,75,75,35.355339,25,0,0
222594609,2499955,8144,1619,1H,73,51,27.018512,1,0,0
222594735,2499955,25804,1624,1H,94,55,7.810250,5,0,0
222594837,2499955,210044,1624,1H,83,62,20.808652,12,0,0
222594994,2499955,29640,1619,1H,81,28,29.068884,22,0,0
222595186,2499955,8136,1619,1H,92,45,9.433981,5,1,0
222595251,2499955,29640,1619,1H,82,58,19.697716,8,0,0
222595354,2499955,13484,1624,2H,75,62,27.730849,12,0,0
222595381,2499955,8717,1624,2H,89,69,21.954498,19,0,0
222595402,2499955,11152,1624,2H,78,40,24.166092,10,0,0
222595409,2499955,48,1624,2H,69,75,39.824616,25,0,0
222595523,2499955,8144,1619,2H,73,56,27.658633,6,0,0
222595755,2499955,20441,1624,2H,88,42,14.422205,8,0,0
222595777,2499955,8717,1624,2H,92,38,14.422205,12,0,0
222595798,2499955,20857,1619,2H,77,36,26.925824,14,0,0
222595822,2499955,61967,1624,2H,69,67,35.355339,17,0,0
222596003,2499955,70389,1619,2H,66,59,35.171011,9,0,0
222596022,2499955,215983,1619,2H,89,56,12.529964,6,0,0
222375091,2499956,8731,1639,1H,95,45,7.071068,5,1,0
222375279,2499956,15054,1639,1H,91,40,13.453624,10,0,0
222375280,2499956,7961,1639,1H,78,32,28.425341,18,0,0
222375440,2499956,214654,1673,1H,91,60,13.453624,10,0,0
222375775,2499956,49872,1639,1H,85,38,19.209373,12,0,0
222375826,2499956,8897,1673,2H,75,50,25.000000,0,0,0
222376034,2499956,77548,1639,2H,90,63,16.401219,13,0,1
222376048,2499956,8897,1673,2H,77,55,23.537205,5,0,0
222376077,2499956,49872,1639,2H,89,64,17.804494,14,0,0
222376092,2499956,173,1673,2H,85,20,33.541020,30,0,0
222376111,2499956,15054,1639,2H,96,68,18.439089,18,0,0
222376169,2499956,16436,1673,2H,88,49,12.041595,1,1,0
222376175,2499956,15198,1639,2H,89,52,11.180340,2,1,0
222376263,2499956,49872,1639,2H,89,69,21.954498,19,0,0
222376289,2499956,15054,1639,2H,86,54,14.560220,4,0,1
222376309,2499956,214654,1673,2H,74,44,26.683328,6,0,0
222376487,2499956,15198,1639,2H,85,35,21.213203,15,0,0
222948938,2499957,370,1612,1H,94,41,10.816654,9,1,0
222949074,2499957,120353,1612,1H,89,47,11.401754,3,0,0
222949123,2499957,8336,10531,1H,72,58,29.120440,8,0,0
222949161,2499957,7868,1612,1H,80,75,32.015621,25,0,0
222949217,2499957,246866,10531,1H,88,47,12.369317,3,0,1
222949320,2499957,25747,1612,1H,89,56,12.529964,6,0,0
222949534,2499957,120353,1612,2H,80,47,20.223748,3,0,0
222949622,2499957,15808,1612,2H,73,71,34.205263,21,0,0
222949624,2499957,120353,1612,2H,88,63,17.691806,13,0,0
222949727,2499957,25571,10531,2H,86,66,21.260292,16,0,0
222949776,2499957,7868,1612,2H,78,63,25.553865,13,0,0
222949865,2499957,18550,1612,2H,75,48,25.079872,2,0,0
222949893,2499957,14870,1612,2H,82,68,25.455844,18,0,0
222949909,2499957,257899,1612,2H,73,71,34.205263,21,0,0
222950033,2499957,8955,1612,2H,89,36,17.804494,14,0,0
222950091,2499957,257899,1612,2H,84,70,25.612497,20,0,0
222950110,2499957,370,1612,2H,76,29,31.890437,21,0,0
222950178,2499957,370,1612,2H,88,52,12.165525,2,1,0
222950196,2499957,15808,1612,2H,79,62,24.186773,12,0,0
222950255,2499957,18550,1612,2H,88,59,15.000000,9,0,0
222950269,2499957,120353,1612,2H,94,69,19.924859,19,0,0
222950283,2499957,15808,1612,2H,96,54,5.656854,4,1,0
222284558,2499958,8582,1633,1H,72,28,35.608988,22,0,0
222284670,2499958,8561,1633,1H,72,52,28.071338,2,0,0
222284721,2499958,20620,1633,1H,91,55,10.295630,5,1,0
222284767,2499958,14703,1633,1H,91,48,9.219544,2,0,0
222284777,2499958,20620,1633,1H,73,38,29.546573,12,0,0
222284814,2499958,14703,1633,1H,73,41,28.460499,9,0,0
222284984,2499958,9739,1659,1H,81,58,20.615528,8,0,0
222285042,2499958,302518,1659,1H,83,59,19.235384,9,0,0
222285053,2499958,8561,1633,1H,76,35,28.301943,15,0,0
222285083,2499958,14703,1633,1H,87,72,25.553865,22,0,0
222285198,2499958,9285,1659,1H,77,31,29.832868,19,0,0
222285310,2499958,7989,1659,1H,75,51,25.019992,1,0,0
222285642,2499958,8313,1633,2H,85,64,20.518285,14,0,0
222285674,2499958,41174,1633,2H,74,33,31.064449,17,0,0
222285676,2499958,62224,1659,2H,91,30,21.931712,20,0,1
222285705,2499958,8959,1659,2H,75,61,27.313001,11,0,0
222285715,2499958,134102,1659,2H,91,59,12.727922,9,0,0
222285859,2499958,14703,1633,2H,89,63,17.029386,13,0,0
222285863,2499958,7941,1633,2H,91,49,9.055385,1,0,1
222285946,2499958,9637,1659,2H,90,26,26.000000,24,0,0
222286055,2499958,8959,1659,2H,83,39,20.248457,11,0,0
222286119,2499958,224206,1633,2H,95,76,26.476405,26,0,0
224985067,2499959,15808,1612,1H,76,34,28.844410,16,0,0
224985246,2499959,222220,1612,1H,88,31,22.472205,19,0,0
224985383,2499959,38377,1673,1H,86,51,14.035669,1,0,0
224985533,2499959,18550,1612,1H,74,56,26.683328,6,0,0
224985583,2499959,18550,1612,1H,73,53,27.166155,3,0,1
224985602,2499959,18550,1612,1H,73,57,27.892651,7,0,0
224985960,2499959,25747,1612,1H,88,44,13.416408,6,1,0
224985979,2499959,15808,1612,1H,97,42,8.544004,8,0,1
224986170,2499959,25747,1612,2H,88,45,13.000000,5,1,0
224986229,2499959,8319,1612,2H,69,45,31.400637,5,0,0
224986258,2499959,25747,1612,2H,89,35,18.601075,15,0,0
224986510,2499959,25747,1612,2H,88,57,13.892444,7,1,0
224986566,2499959,120353,1612,2H,95,72,22.561028,22,0,0
224986656,2499959,120353,1612,2H,83,62,20.808652,12,0,0
224986726,2499959,15808,1612,2H,89,31,21.954498,19,0,0
224986739,2499959,9419,1673,2H,90,61,14.866069,11,0,0
224986780,2499959,9419,1673,2H,87,39,17.029386,11,0,0
225021172,2499960,230020,1609,1H,89,36,17.804494,14,0,0
225021220,2499960,3560,1609,1H,94,45,7.810250,5,0,1
225021324,2499960,20612,1609,1H,71,49,29.017236,1,0,0
225021333,2499960,7855,1609,1H,91,54,9.848858,4,1,0
225021368,2499960,49876,1609,1H,82,42,19.697716,8,0,0
225021497,2499960,25571,10531,1H,85,60,18.027756,10,0,0
225021729,2499960,61962,10531,1H,67,47,33.136083,3,0,0
225021819,2499960,3319,1609,2H,84,61,19.416488,11,0,0
225021981,2499960,246866,10531,1H,79,33,27.018512,17,0,0
225021992,2499960,230020,1609,2H,80,56,20.880613,6,0,0
225022044,2499960,25571,10531,1H,78,71,30.413813,21,0,0
225022089,2499960,10252,10531,1H,90,34,18.867962,16,0,1
225022161,2499960,262,10531,1H,82,52,18.110770,2,0,0
225022372,2499960,10252,10531,2H,87,38,17.691806,12,1,0
225022525,2499960,25571,10531,2H,88,56,13.416408,6,0,1
225022574,2499960,8336,10531,2H,73,28,34.828150,22,0,0
225022581,2499960,77552,10531,2H,89,66,19.416488,16,0,0
225022662,2499960,10252,10531,2H,91,57,11.401754,7,0,1
225001694,2499961,70965,1633,1H,85,55,15.811388,5,0,0
225001925,2499961,8582,1633,1H,91,32,20.124612,18,0,0
225001929,2499961,21100,1633,1H,91,59,12.727922,9,1,0
225002165,2499961,8582,1633,1H,93,42,10.630146,8,1,0
225002226,2499961,38031,1628,1H,93,49,7.071068,1,1,1
225002275,2499961,8471,1628,1H,90,31,21.470911,19,0,0
225002296,2499961,127537,1628,1H,72,52,28.071338,2,0,0
225002414,2499961,7941,1633,2H,92,45,9.433981,5,1,0
225002523,2499961,8471,1628,1H,84,75,29.681644,25,0,0
225002528,2499961,8623,1628,1H,91,41,12.727922,9,1,0
225002560,2499961,127537,1628,1H,79,59,22.847319,9,0,0
225002649,2499961,379209,1633,2H,79,36,25.238859,14,0,0
225002729,2499961,397168,1628,2H,86,73,26.925824,23,0,0
225002756,2499961,7958,1628,2H,90,62,15.620499,12,1,0
225247822,2499962,9739,1659,1H,82,66,24.083189,16,0,0
225247857,2499962,3360,1610,1H,77,46,23.345235,4,0,0
225248035,2499962,9279,1659,1H,72,58,29.120440,8,0,0
225248042,2499962,8959,1659,1H,74,17,42.011903,33,0,0
225248089,2499962,7887,1610,1H,92,40,12.806248,10,1,0
225248173,2499962,8246,1610,1H,86,49,14.035669,1,0,0
225248259,2499962,8959,1659,1H,90,55,11.180340,5,0,0
225248296,2499962,9739,1659,1H,80,32,26.907248,18,0,0
225248308,2499962,8032,1610,1H,90,36,17.204651,14,1,0
225248346,2499962,25553,1610,1H,75,75,35.355339,25,0,0
225248584,2499962,25707,1610,2H,78,32,28.425341,18,0,0
225248687,2499962,22889,1610,2H,74,61,28.231188,11,0,0
225248880,2499962,8032,1610,2H,75,42,26.248809,8,0,0
225248881,2499962,11669,1659,2H,89,53,11.401754,3,0,1
225248895,2499962,3360,1610,2H,92,47,8.544004,3,1,0
225248911,2499962,3360,1610,2H,82,40,20.591260,10,0,0
225248929,2499962,3360,1610,2H,78,58,23.409400,8,0,0
225248931,2499962,302518,1659,2H,75,73,33.970576,23,0,0
225249046,2499962,25707,1610,2H,77,33,28.600699,17,0,0
225249121,2499962,8959,1659,2H,93,38,13.892444,12,0,1
225249151,2499962,11669,1659,2H,77,57,24.041631,7,0,0
225249157,2499962,450826,1610,2H,79,45,21.587033,5,0,0
225249176,2499962,8959,1659,2H,87,37,18.384776,13,0,0
225249179,2499962,450826,1610,2H,84,34,22.627417,16,0,0
225249180,2499962,134102,1659,2H,93,59,11.401754,9,0,1
225249240,2499962,25707,1610,2H,86,50,14.000000,0,0,0
225262665,2499963,283142,1631,1H,86,25,28.653098,25,0,0
225262669,2499963,8653,1631,1H,95,43,8.602325,7,1,0
225262770,2499963,265366,1631,1H,95,53,5.830952,3,1,0
225263192,2499963,7879,1623,1H,69,68,35.846897,18,0,0
225263597,2499963,7879,1623,1H,91,38,15.000000,12,0,1
225263620,2499963,353236,1623,1H,77,41,24.698178,9,0,0
225263691,2499963,285508,1631,2H,96,49,4.123106,1,0,0
225263724,2499963,285508,1631,2H,96,41,9.848858,9,0,0
225263736,2499963,145692,1623,1H,90,47,10.440307,3,0,0
225263753,2499963,192748,1631,2H,91,62,15.000000,12,0,0
225263768,2499963,7879,1623,1H,97,58,8.544004,8,0,1
225263860,2499963,7919,1623,1H,91,47,9.486833,3,1,0
225263865,2499963,7879,1623,1H,82,57,19.313208,7,0,0
225263869,2499963,7944,1623,1H,92,37,15.264338,13,0,0
225264277,2499963,7879,1623,2H,78,78,35.608988,28,0,0
225264281,2499963,7919,1623,2H,89,49,11.045361,1,1,0
225264301,2499963,8240,1623,2H,95,58,9.433981,8,0,0
225254257,2499964,8004,1613,1H,92,44,10.000000,6,1,0
225254326,2499964,254898,1613,1H,76,50,24.000000,0,0,0
225254328,2499964,70215,1613,1H,90,41,13.453624,9,0,0
225254512,2499964,70215,1613,1H,78,68,28.425341,18,0,0
225254656,2499964,9123,1646,1H,92,45,9.433981,5,1,0
225254675,2499964,8004,1613,1H,97,37,13.341664,13,1,0
225254684,2499964,8620,1613,1H,91,39,14.212670,11,0,0
225254873,2499964,3327,1613,2H,95,49,5.099020,1,1,0
225255000,2499964,339789,1613,2H,42,27,62.393910,23,0,0
225255067,2499964,254898,1613,2H,93,33,18.384776,17,0,0
225255071,2499964,8833,1613,2H,93,61,13.038405,11,1,1
225255117,2499964,9123,1646,1H,74,47,26.172505,3,0,0
225255142,2499964,3327,1613,2H,87,39,17.029386,11,0,0
225255217,2499964,9123,1646,2H,89,61,15.556349,11,0,0
225255220,2499964,9227,1613,2H,97,36,14.317821,14,0,0
225255230,2499964,7978,1613,2H,76,37,27.294688,13,0,0
225255480,2499964,9123,1646,2H,91,72,23.769729,22,0,0
225255578,2499964,9127,1646,2H,79,45,21.587033,5,0,0
225255598,2499964,8980,1646,2H,75,52,25.079872,2,0,0
225255664,2499964,8284,1646,2H,97,38,12.369317,12,0,0
225255668,2499964,8944,1646,2H,91,52,9.219544,2,1,0
225255673,2499964,9127,1646,2H,94,49,6.082763,1,1,0
225255689,2499964,8980,1646,2H,83,37,21.400935,13,0,0
225255721,2499964,270828,1646,2H,82,66,24.083189,16,0,0
225245526,2499965,91381,1651,1H,89,45,12.083046,5,0,0
225245754,2499965,247248,1651,1H,71,67,33.615473,17,0,0
225245756,2499965,7899,1619,1H,88,52,12.165525,2,1,0
225245771,2499965,466,1651,1H,75,63,28.178006,13,0,0
225245931,2499965,7899,1619,1H,74,43,26.925824,7,0,0
225245959,2499965,135114,1619,1H,76,36,27.784888,14,0,0
225246013,2499965,7885,1619,1H,88,19,33.241540,31,0,0
225246095,2499965,20855,1651,1H,79,72,30.413813,22,0,0
225246256,2499965,70389,1619,1H,73,26,36.124784,24,0,0
225246304,2499965,7885,1619,1H,84,53,16.278821,3,0,0
225246345,2499965,8144,1619,1H,85,33,22.671568,17,0,0
225246349,2499965,8416,1651,1H,90,38,15.620499,12,0,0
225246373,2499965,135114,1619,1H,76,52,24.083189,2,0,0
225246569,2499965,8136,1619,2H,90,57,12.206556,7,1,0
225246737,2499965,215983,1619,2H,81,28,29.068884,22,0,0
225246752,2499965,8136,1619,2H,90,66,18.867962,16,0,1
225246814,2499965,86239,1619,2H,71,56,29.614186,6,0,0
225246840,2499965,135114,1619,2H,72,73,36.235342,23,0,0
225246877,2499965,8144,1619,2H,76,48,24.083189,2,0,0
225247137,2499965,215983,1619,2H,76,28,32.557641,22,0,0
225247224,2499965,61988,1619,2H,76,65,28.301943,15,0,0
225247240,2499965,268776,1619,1H,99,58,8.062258,8,1,0
225247263,2499965,247248,1651,2H,88,25,27.730849,25,0,0
225247289,2499965,247248,1651,2H,70,24,39.698866,26,0,0
225226949,2499966,38021,1625,1H,74,81,40.459857,31,0,0
225227020,2499966,38021,1625,1H,79,31,28.319605,19,0,0
225227079,2499966,105339,1625,1H,88,37,17.691806,13,0,1
225227210,2499966,38021,1625,1H,86,62,18.439089,12,0,0
225227269,2499966,38021,1625,1H,79,50,21.000000,0,0,0
225227325,2499966,38021,1625,1H,87,42,15.264338,8,0,0
225227640,2499966,11066,1625,2H,91,38,15.000000,12,0,0
225227744,2499966,8325,1625,2H,93,60,12.206556,10,0,0
225227984,2499966,265673,1625,2H,82,63,22.203603,13,0,0
225228017,2499966,241564,1625,2H,72,63,30.870698,13,0,0
225228046,2499966,38021,1625,2H,87,49,13.038405,1,0,1
225228053,2499966,38021,1625,2H,57,82,53.600373,32,0,0
225228192,2499966,8277,1625,2H,89,72,24.596748,22,0,0
225228295,2499966,404397,1625,2H,90,35,18.027756,15,0,0
225228299,2499966,265673,1625,2H,87,35,19.849433,15,0,0
225228347,2499966,7907,1627,2H,81,32,26.172505,18,0,0
225228352,2499966,7907,1627,2H,89,23,29.154759,27,0,0
225228363,2499966,8325,1625,2H,91,66,18.357560,16,0,1
225228399,2499966,404397,1625,2H,89,30,22.825424,20,0,0
225228414,2499966,9414,1627,2H,88,32,21.633308,18,0,0
225249804,2499967,15054,1639,1H,89,43,13.038405,7,1,0
225249817,2499967,14688,1644,1H,90,64,17.204651,14,0,0
225250081,2499967,7929,1644,1H,80,64,24.413111,14,0,0
225250287,2499967,7961,1639,1H,89,31,21.954498,19,0,0
225250290,2499967,15198,1639,1H,90,34,18.867962,16,0,0
225250333,2499967,28292,1644,1H,83,54,17.464249,4,0,0
225250372,2499967,377071,1644,1H,94,54,7.211103,4,0,0
225250528,2499967,377071,1644,2H,87,65,19.849433,15,0,0
225250534,2499967,3348,1644,2H,80,56,20.880613,6,0,0
225250679,2499967,49971,1639,2H,88,65,19.209373,15,0,0
225250729,2499967,28292,1644,2H,89,46,11.704700,4,0,0
225250730,2499967,8903,1644,2H,85,39,18.601075,11,0,0
225250732,2499967,77548,1639,2H,90,43,12.206556,7,0,0
225250779,2499967,49872,1639,2H,90,44,11.661904,6,0,0
225250785,2499967,8747,1639,2H,92,47,8.544004,3,1,0
225250852,2499967,8747,1639,2H,95,54,6.403124,4,0,0
225250854,2499967,20593,1644,2H,79,38,24.186773,12,0,0
225250940,2499967,20593,1644,2H,89,40,14.866069,10,0,0
225250946,2499967,28292,1644,2H,81,47,19.235384,3,0,0
225251208,2499967,8731,1639,2H,89,49,11.045361,1,1,0
225228775,2499968,13484,1624,1H,91,67,19.235384,17,0,0
225228811,2499968,7934,1611,1H,89,57,13.038405,7,0,0
225228947,2499968,54,1624,1H,71,37,31.780497,13,0,0
225228995,2499968,13484,1624,1H,91,64,16.643317,14,0,0
225229162,2499968,134513,1611,1H,86,65,20.518285,15,0,0
225229192,2499968,13484,1624,1H,81,63,23.021729,13,0,0
225229222,2499968,8717,1624,1H,91,59,12.727922,9,0,0
225229283,2499968,8717,1624,1H,70,40,31.622777,10,0,0
225229346,2499968,134513,1611,1H,93,72,23.086793,22,0,0
225229351,2499968,7936,1611,1H,93,59,11.401754,9,0,0
225229427,2499968,14911,1624,1H,76,32,30.000000,18,0,0
225229559,2499968,210044,1624,1H,94,63,14.317821,13,1,0
225229619,2499968,8717,1624,1H,90,51,10.049876,1,0,0
225229705,2499968,7936,1611,2H,82,50,18.000000,0,0,0
225229776,2499968,14911,1624,2H,83,50,17.000000,0,0,0
225229871,2499968,8717,1624,2H,85,64,20.518285,14,0,0
225229891,2499968,7905,1611,2H,95,36,14.866069,14,0,0
225230024,2499968,13484,1624,2H,88,28,25.059928,22,0,0
225230095,2499968,54,1624,2H,74,72,34.058773,22,0,0
225230111,2499968,136441,1624,2H,71,52,29.068884,2,0,0
225230131,2499968,8717,1624,2H,87,50,13.000000,0,0,0
225230184,2499968,14911,1624,2H,90,66,18.867962,16,0,0
225230297,2499968,8717,1624,2H,71,55,29.427878,5,0,0
225230330,2499968,8717,1624,2H,88,66,20.000000,16,0,0
225230338,2499968,13484,1624,2H,81,63,23.021729,13,0,0
225230339,2499968,210044,1624,2H,76,48,24.083189,2,0,0
225230592,2499968,20441,1624,2H,89,59,14.212670,9,0,0
225230593,2499968,54,1624,1H,93,59,11.401754,9,0,1
225842842,2499969,77548,1639,1H,85,66,21.931712,16,0,0
225842850,2499969,77548,1639,1H,78,62,25.059928,12,0,0
225842855,2499969,15198,1639,1H,77,47,23.194827,3,0,0
225842856,2499969,49872,1639,1H,95,28,22.561028,22,0,0
225842862,2499969,49872,1639,1H,91,51,9.055385,1,1,1
225843037,2499969,8747,1639,1H,73,32,32.449961,18,0,0
225843092,2499969,207164,1639,1H,81,46,19.416488,4,0,0
225843093,2499969,9739,1659,1H,90,69,21.470911,19,0,0
225843116,2499969,15198,1639,1H,87,39,17.029386,11,0,0
225843270,2499969,11669,1659,1H,86,45,14.866069,5,0,0
225843506,2499969,15198,1639,2H,91,51,9.055385,1,1,0
225843596,2499969,207164,1639,2H,90,58,12.806248,8,0,0
225843667,2499969,9739,1659,1H,96,58,8.944272,8,0,0
225843703,2499969,8747,1639,2H,89,42,13.601471,8,0,0
225843710,2499969,207164,1639,2H,79,43,22.135944,7,0,0
225843737,2499969,302518,1659,1H,78,42,23.409400,8,0,0
225843859,2499969,9637,1659,2H,80,32,26.907248,18,0,0
225843937,2499969,8747,1639,2H,90,54,10.770330,4,1,0
225844283,2499969,245813,1659,2H,90,61,14.866069,11,0,0
225844333,2499969,11669,1659,2H,94,64,15.231546,14,0,0
225844369,2499969,9637,1659,2H,89,38,16.278821,12,0,1
225844485,2499969,7989,1659,2H,87,53,13.341664,3,0,0
225844509,2499969,245813,1659,2H,94,44,8.485281,6,1,1
225844639,2499969,11669,1659,2H,88,39,16.278821,11,0,0
225784326,2499970,7879,1623,1H,91,70,21.931712,20,0,0
225784327,2499970,7870,1609,1H,94,52,6.324555,2,0,1
225784397,2499970,105338,1609,1H,75,34,29.681644,16,0,0
225784418,2499970,340,1623,1H,86,36,19.798990,14,0,0
225784458,2499970,25867,1609,1H,90,51,10.049876,1,0,0
225784461,2499970,7879,1623,1H,88,44,13.416408,6,0,0
225784469,2499970,7855,1609,1H,96,58,8.944272,8,1,1
225784528,2499970,3560,1609,1H,87,30,23.853721,20,0,0
225784627,2499970,7870,1609,1H,78,46,22.360680,4,0,1
225784859,2499970,25867,1609,1H,92,31,20.615528,19,0,0
225784916,2499970,145692,1623,2H,96,36,14.560220,14,0,0
225784920,2499970,7879,1623,2H,88,32,21.633308,18,0,0
225784976,2499970,25867,1609,1H,92,37,15.264338,13,0,1
225784978,2499970,145692,1623,2H,94,45,7.810250,5,0,0
225785030,2499970,3560,1609,1H,92,39,13.601471,11,1,0
225785042,2499970,3560,1609,1H,87,41,15.811388,9,0,0
225785053,2499970,20612,1609,1H,91,31,21.023796,19,0,0
225785141,2499970,293687,1623,2H,93,53,7.615773,3,1,1
225785194,2499970,49876,1609,1H,90,37,16.401219,13,0,0
225785197,2499970,70085,1623,2H,88,40,15.620499,10,0,0
225785318,2499970,32636,1623,2H,78,53,22.203603,3,0,0
225785332,2499970,293687,1623,2H,88,36,18.439089,14,0,0
225785476,2499970,25706,1623,2H,72,36,31.304952,14,0,0
225785526,2499970,105338,1609,2H,81,36,23.600847,14,0,0
225785681,2499970,7870,1609,2H,89,58,13.601471,8,0,1
225849120,2499971,8242,1651,1H,91,60,13.453624,10,1,0
225849169,2499971,8416,1651,1H,89,41,14.212670,9,0,1
225849180,2499971,8416,1651,1H,88,26,26.832816,24,0,0
225849303,2499971,25950,1651,1H,89,66,19.416488,16,0,0
225849349,2499971,25950,1651,1H,76,73,33.241540,23,0,0
225849402,2499971,91381,1651,1H,74,26,35.383612,24,0,0
225849511,2499971,25950,1651,1H,89,50,11.000000,0,0,0
225849587,2499971,25950,1651,1H,89,39,15.556349,11,0,0
225849626,2499971,25950,1651,1H,79,43,22.135944,7,0,0
225849670,2499971,224206,1633,1H,93,56,9.219544,6,1,0
225849680,2499971,20855,1651,1H,95,39,12.083046,11,1,0
225849846,2499971,8416,1651,1H,82,27,29.206164,23,0,0
225849943,2499971,224206,1633,1H,92,57,10.630146,7,1,0
225850066,2499971,91381,1651,2H,82,20,34.985711,30,0,1
225850138,2499971,15526,1651,2H,91,59,12.727922,9,1,0
225850184,2499971,15526,1651,2H,78,48,22.090722,2,0,0
225850213,2499971,15526,1651,2H,80,74,31.240999,24,0,0
225850222,2499971,15526,1651,2H,81,52,19.104973,2,0,1
225850245,2499971,15526,1651,2H,92,63,15.264338,13,0,0
225850246,2499971,91381,1651,2H,87,29,24.698178,21,0,0
225850327,2499971,91381,1651,2H,73,36,30.413813,14,0,0
225850342,2499971,4255,1651,2H,93,62,13.892444,12,0,0
225850361,2499971,61961,1651,2H,87,44,14.317821,6,0,0
225850362,2499971,247248,1651,2H,91,69,21.023796,19,0,0
225850398,2499971,8086,1651,1H,74,49,26.019224,1,0,0
226632466,2499971,7941,1633,1H,90,53,10.440307,3,0,1
225710830,2499972,8307,1625,1H,92,49,8.062258,1,1,0
225710998,2499972,38021,1625,1H,80,68,26.907248,18,0,0
225711017,2499972,8307,1625,1H,96,47,5.000000,3,1,0
225711060,2499972,11066,1625,1H,72,49,28.017851,1,0,0
225711125,2499972,70083,1625,1H,78,36,26.076810,14,0,1
225711202,2499972,8325,1625,1H,86,39,17.804494,11,0,0
225711228,2499972,8944,1646,1H,89,56,12.529964,6,0,0
225711247,2499972,11066,1625,1H,86,34,21.260292,16,0,0
225711343,2499972,8944,1646,1H,93,39,13.038405,11,1,0
225711409,2499972,8284,1646,1H,85,32,23.430749,18,0,0
225711467,2499972,38021,1625,1H,77,55,23.537205,5,0,0
225711667,2499972,8325,1625,1H,93,40,12.206556,10,0,0
225711720,2499972,8325,1625,2H,94,39,12.529964,11,0,0
225711736,2499972,14808,1625,2H,93,61,13.038405,11,0,0
225711759,2499972,70083,1625,2H,76,47,24.186773,3,0,0
225711827,2499972,14808,1625,2H,83,59,19.235384,9,0,0
225711867,2499972,11066,1625,2H,93,47,7.615773,3,0,0
225711904,2499972,70083,1625,2H,76,31,30.610456,19,0,0
225711946,2499972,70083,1625,2H,75,32,30.805844,18,0,0
225712098,2499972,8284,1646,2H,87,67,21.400935,17,0,0
225712170,2499972,11066,1625,2H,97,44,6.708204,6,0,0
225712185,2499972,8284,1646,2H,83,51,17.029386,1,0,0
225712237,2499972,10108,1646,2H,94,48,6.324555,2,1,0
225712362,2499972,93,1646,2H,93,42,10.630146,8,0,1
225712438,2499972,265673,1625,2H,76,57,25.000000,7,0,0
226098261,2499973,12536,1613,1H,92,39,13.601471,11,0,0
226098320,2499973,38031,1628,1H,87,46,13.601471,4,0,0
226098327,2499973,454,1628,1H,73,35,30.886890,15,0,0
226098401,2499973,9227,1613,1H,83,50,17.000000,0,0,0
226098453,2499973,230883,1613,1H,89,54,11.704700,4,0,0
226098458,2499973,397168,1628,1H,71,51,29.017236,1,0,0
226098509,2499973,254898,1613,1H,91,35,17.492856,15,0,0
226098521,2499973,8620,1613,1H,97,45,5.830952,5,0,1
226098633,2499973,7988,1628,1H,74,42,27.202941,8,0,0
226098689,2499973,8422,1628,1H,89,41,14.212670,9,0,0
226098723,2499973,254898,1613,1H,90,37,16.401219,13,0,0
226098724,2499973,230883,1613,1H,83,51,17.029386,1,0,0
226098937,2499973,8422,1628,1H,86,35,20.518285,15,0,0
226098938,2499973,38031,1628,1H,98,50,2.000000,0,0,0
226098974,2499973,7988,1628,1H,91,44,10.816654,6,0,0
226099056,2499973,127537,1628,2H,80,36,24.413111,14,0,0
226099106,2499973,454,1628,2H,69,57,31.780497,7,0,0
226099154,2499973,8471,1628,2H,91,60,13.453624,10,1,0
226099260,2499973,38031,1628,2H,93,51,7.071068,1,1,0
226099415,2499973,7988,1628,2H,86,53,14.317821,3,0,0
226099497,2499973,70215,1613,2H,73,55,27.459060,5,0,0
226099549,2499973,134294,1613,2H,79,32,27.658633,18,0,0
226099564,2499973,8623,1628,2H,95,27,23.537205,23,0,0
226099616,2499973,397168,1628,2H,78,69,29.068884,19,0,0
226099661,2499973,8623,1628,2H,87,48,13.152946,2,0,0
226099714,2499973,70215,1613,2H,80,30,28.284271,20,0,0
226099752,2499973,8422,1628,2H,87,33,21.400935,17,0,0
226099791,2499973,38031,1628,2H,97,58,8.544004,8,1,0
226099793,2499973,7988,1628,2H,96,56,7.211103,6,0,0
225801091,2499974,12829,1631,1H,90,44,11.661904,6,0,1
225801155,2499974,8013,1631,1H,70,59,31.320920,9,0,0
225801268,2499974,277002,1631,1H,89,34,19.416488,16,0,0
225801275,2499974,285508,1631,1H,92,54,8.944272,4,0,0
225801713,2499974,8653,1631,2H,90,40,14.142136,10,1,0
225801761,2499974,285508,1631,2H,75,46,25.317978,4,0,0
225801919,2499974,12829,1631,2H,90,87,38.327536,37,0,0
225801921,2499974,21164,10531,2H,93,50,7.000000,0,1,1
225801947,2499974,277002,1631,2H,87,54,13.601471,4,0,0
225802009,2499974,10252,10531,2H,84,54,16.492423,4,1,0
225802084,2499974,10252,10531,2H,85,50,15.000000,0,0,0
225802146,2499974,283142,1631,2H,89,40,14.866069,10,0,0
225802213,2499974,8653,1631,2H,96,37,13.601471,13,1,0
225802412,2499974,265366,1631,2H,73,45,27.459060,5,0,0
225802422,2499974,283142,1631,2H,89,35,18.601075,15,0,0
225802522,2499974,8013,1631,2H,87,63,18.384776,13,0,0
226138150,2499975,54,1624,1H,88,29,24.186773,21,0,0
226138309,2499975,14911,1624,1H,90,66,18.867962,16,0,0
226138421,2499975,8717,1624,1H,77,37,26.419690,13,0,0
226138557,2499975,11152,1624,1H,75,56,25.709920,6,0,0
226138764,2499975,14911,1624,2H,89,36,17.804494,14,0,0
226138765,2499975,13484,1624,2H,82,40,20.591260,10,0,0
226138806,2499975,11152,1624,2H,86,48,14.142136,2,0,0
226138859,2499975,13484,1624,2H,74,44,26.683328,6,0,0
226138958,2499975,8717,1624,2H,96,49,4.123106,1,1,0
226139027,2499975,61967,1624,2H,76,40,26.000000,10,0,1
226139084,2499975,120353,1612,1H,91,42,12.041595,8,0,1
226139266,2499975,346101,1612,1H,78,67,27.802878,17,0,0
226139313,2499975,15808,1612,1H,90,56,11.661904,6,1,0
226139402,2499975,370,1612,1H,91,52,9.219544,2,1,0
226139412,2499975,370,1612,1H,90,47,10.440307,3,1,0
226139670,2499975,7868,1612,2H,81,46,19.416488,4,0,0
226139711,2499975,120353,1612,2H,80,46,20.396078,4,0,0
226139856,2499975,120353,1612,2H,97,56,6.708204,6,0,1
225798938,2499976,101652,1611,1H,92,37,15.264338,13,0,0
225799011,2499976,7934,1611,1H,86,37,19.104973,13,0,0
225799080,2499976,7922,1611,1H,91,42,12.041595,8,1,0
225799234,2499976,7934,1611,1H,75,29,32.649655,21,0,0
225799366,2499976,3361,1611,1H,79,61,23.706539,11,0,0
225799428,2499976,3361,1611,1H,78,34,27.202941,16,0,0
225799480,2499976,173,1673,1H,81,45,19.646883,5,0,0
225799485,2499976,62389,1673,1H,86,31,23.600847,19,0,0
225799603,2499976,7934,1611,1H,76,54,24.331050,4,0,0
225799978,2499976,3361,1611,2H,89,40,14.866069,10,0,0
225799997,2499976,7938,1611,2H,81,57,20.248457,7,0,0
225800007,2499976,3361,1611,2H,86,44,15.231546,6,0,0
225800011,2499976,7934,1611,2H,82,54,18.439089,4,0,0
225800175,2499976,7905,1611,2H,92,44,10.000000,6,0,1
225800346,2499976,7905,1611,2H,88,56,13.416408,6,1,0
225800377,2499976,3361,1611,2H,94,45,7.810250,5,0,1
225800417,2499976,7905,1611,2H,89,49,11.045361,1,0,0
225800425,2499976,7936,1611,2H,77,32,29.206164,18,0,0
226448717,2499977,105333,1610,1H,91,71,22.847319,21,0,0
226448786,2499977,28292,1644,1H,77,64,26.925824,14,0,0
226448798,2499977,3348,1644,1H,94,65,16.155494,15,0,0
226448811,2499977,377071,1644,1H,86,38,18.439089,12,0,0
226448815,2499977,8903,1644,1H,91,54,9.848858,4,0,0
226448955,2499977,377071,1644,1H,86,59,16.643317,9,0,0
226449150,2499977,377071,1644,1H,68,42,32.984845,8,0,0
226449291,2499977,3360,1610,1H,89,31,21.954498,19,0,0
226449324,2499977,25798,1644,1H,72,53,28.160256,3,0,0
226449565,2499977,3348,1644,2H,78,39,24.596748,11,0,0
226449569,2499977,377071,1644,2H,80,30,28.284271,20,0,0
226449602,2499977,160,1644,2H,84,71,26.400758,21,0,0
226449641,2499977,28292,1644,2H,80,36,24.413111,14,0,0
226449738,2499977,25798,1644,2H,74,48,26.076810,2,0,0
226449783,2499977,160,1644,2H,88,69,22.472205,19,0,0
226449844,2499977,92899,1644,2H,71,24,38.948684,26,0,0
226449892,2499977,20593,1644,2H,84,29,26.400758,21,0,0
226449962,2499977,3348,1644,2H,87,35,19.849433,15,0,0
226449964,2499977,3350,1610,2H,87,58,15.264338,8,0,0
226449981,2499977,160,1644,2H,88,43,13.892444,7,0,1
226449987,2499977,25707,1610,2H,78,41,23.769729,9,0,1
226450029,2499977,3348,1644,2H,87,57,14.764823,7,0,1
226450072,2499977,22889,1610,2H,80,26,31.240999,24,0,0
226450102,2499977,20593,1644,2H,89,68,21.095023,18,0,1
226450194,2499977,26010,1610,2H,93,33,18.384776,17,0,0
225855488,2499978,215983,1619,1H,71,63,31.780497,13,0,0
225855596,2499978,86239,1619,1H,81,37,23.021729,13,0,0
225855608,2499978,119951,1627,1H,96,47,5.000000,3,1,1
225855727,2499978,86239,1619,1H,86,51,14.035669,1,1,0
225855831,2499978,383,1619,1H,79,36,25.238859,14,0,0
225855955,2499978,70389,1619,1H,84,71,26.400758,21,0,0
225855985,2499978,215983,1619,1H,69,76,40.459857,26,0,0
225856028,2499978,86239,1619,1H,90,41,13.453624,9,0,0
225856032,2499978,29640,1619,1H,73,44,27.658633,6,0,1
225856068,2499978,8136,1619,1H,89,30,22.825424,20,1,1
225856149,2499978,9414,1627,1H,74,29,33.421550,21,0,0
225856235,2499978,3577,1627,1H,88,41,15.000000,9,1,0
225856276,2499978,7907,1627,1H,94,29,21.840330,21,0,0
225856664,2499978,8384,1619,2H,95,35,15.811388,15,1,0
225856778,2499978,8116,1619,2H,93,25,25.961510,25,0,0
225856865,2499978,3577,1627,2H,73,65,30.886890,15,0,0
225856965,2499978,3577,1627,2H,93,49,7.071068,1,1,1
227867280,2499979,8958,1627,1H,88,46,12.649111,4,0,0
227867309,2499979,26010,1610,1H,91,25,26.570661,25,0,0
227867321,2499979,3577,1627,1H,89,57,13.038405,7,1,0
227867431,2499979,8958,1627,1H,78,57,23.086793,7,0,0
227867579,2499979,22889,1610,1H,95,35,15.811388,15,0,0
227867620,2499979,26010,1610,1H,90,50,10.000000,0,0,0
227867650,2499979,26010,1610,1H,88,46,12.649111,4,1,0
227867719,2499979,3360,1610,1H,85,66,21.931712,16,0,0
227867741,2499979,25707,1610,1H,91,64,16.643317,14,0,1
227867807,2499979,25537,1627,1H,79,68,27.658633,18,0,0
227867898,2499979,26010,1610,1H,95,37,13.928388,13,0,0
227867980,2499979,22889,1610,1H,75,29,32.649655,21,0,0
227868075,2499979,26010,1610,1H,92,54,8.944272,4,1,0
227868103,2499979,3577,1627,1H,74,43,26.925824,7,0,0
227868195,2499979,135103,1610,2H,89,49,11.045361,1,1,0
227868348,2499979,8625,1610,2H,97,71,21.213203,21,0,0
227868362,2499979,3577,1627,2H,90,67,19.723083,17,0,0
227868368,2499979,7914,1627,2H,93,42,10.630146,8,1,0
227868496,2499979,3324,1610,2H,84,64,21.260292,14,0,0
227868524,2499979,8625,1610,2H,93,53,7.615773,3,0,1
227868621,2499979,8625,1610,2H,83,63,21.400935,13,0,0
227868695,2499979,25707,1610,2H,85,67,22.671568,17,0,1
227868788,2499979,3324,1610,2H,79,34,26.400758,16,0,0
227868872,2499979,8625,1610,2H,85,70,25.000000,20,0,0
227321633,2499980,77558,1623,1H,73,62,29.546573,12,0,0
227321686,2499980,7988,1628,1H,68,79,43.185646,29,0,0
227321687,2499980,145692,1623,1H,82,43,19.313208,7,0,0
227321824,2499980,55224,1628,1H,89,69,21.954498,19,0,0
227321827,2499980,127537,1628,1H,72,36,31.304952,14,0,0
227321927,2499980,25706,1623,1H,72,48,28.071338,2,0,0
227322051,2499980,353236,1623,1H,88,67,20.808652,17,0,0
227322225,2499980,7988,1628,1H,70,52,30.066593,2,0,0
227322237,2499980,77558,1623,2H,83,45,17.720045,5,0,1
227322294,2499980,145692,1623,2H,93,52,7.280110,2,1,1
227322321,2499980,38031,1628,1H,91,50,9.000000,0,1,0
227322562,2499980,38031,1628,2H,92,44,10.000000,6,1,0
227322613,2499980,8471,1628,2H,82,38,21.633308,12,0,0
227322720,2499980,145692,1623,2H,89,44,12.529964,6,0,0
227322723,2499980,353236,1623,2H,95,48,5.385165,2,0,1
227322759,2499980,55224,1628,2H,91,52,9.219544,2,1,0
227322798,2499980,454,1628,2H,79,45,21.587033,5,0,0
227322883,2499980,8221,1628,2H,91,60,13.453624,10,0,0
227322931,2499980,454,1628,2H,74,39,28.231188,11,0,0
227322978,2499980,454,1628,2H,82,64,22.803509,14,0,0
227322985,2499980,38031,1628,2H,94,52,6.324555,2,0,0
227470905,2499981,8290,1673,1H,88,40,15.620499,10,0,1
227471123,2499981,8959,1659,1H,89,41,14.212670,9,0,1
227471181,2499981,55979,1673,1H,95,61,12.083046,11,1,0
227471296,2499981,214654,1673,1H,90,46,10.770330,4,1,1
227471365,2499981,9739,1659,1H,76,36,27.784888,14,0,0
227471385,2499981,282550,1673,1H,69,78,41.773197,28,0,0
227471436,2499981,9277,1659,1H,92,50,8.000000,0,0,0
227471473,2499981,214654,1673,1H,80,24,32.802439,26,0,0
227471606,2499981,8290,1673,1H,84,22,32.249031,28,0,0
227471686,2499981,8290,1673,2H,90,68,20.591260,18,0,0
227471727,2499981,62389,1673,2H,82,31,26.172505,19,0,0
227471748,2499981,8959,1659,1H,82,25,30.805844,25,0,0
227471899,2499981,9419,1673,2H,97,51,3.162278,1,1,0
227471991,2499981,214654,1673,2H,87,42,15.264338,8,0,1
227471995,2499981,8290,1673,2H,78,51,22.022716,1,0,0
227472244,2499981,303357,1673,2H,75,28,33.301652,22,0,0
227472441,2499981,245813,1659,2H,91,25,26.570661,25,0,0
227472502,2499981,245813,1659,2H,75,41,26.570661,9,0,0
227472580,2499981,302518,1659,2H,85,49,15.033296,1,0,0
227273459,2499982,11066,1625,1H,96,43,8.062258,7,0,1
227273928,2499982,12829,1631,1H,86,63,19.104973,13,0,1
227273943,2499982,14808,1625,1H,80,35,25.000000,15,0,0
227274044,2499982,105339,1625,1H,80,47,20.223748,3,0,0
227274139,2499982,38021,1625,1H,91,32,20.124612,18,0,0
227274282,2499982,11066,1625,1H,96,37,13.601471,13,0,0
227274361,2499982,14808,1625,1H,88,31,22.472205,19,0,0
227274432,2499982,8325,1625,2H,96,54,5.656854,4,0,1
227274481,2499982,105339,1625,2H,83,57,18.384776,7,0,0
227274499,2499982,8325,1625,2H,90,66,18.867962,16,0,1
227274555,2499982,14808,1625,2H,86,45,14.866069,5,0,0
227274560,2499982,70086,1625,2H,88,61,16.278821,11,1,0
227274657,2499982,8325,1625,2H,95,28,22.561028,22,0,0
227274763,2499982,265673,1625,2H,84,73,28.017851,23,0,0
227274857,2499982,8325,1625,2H,87,78,30.870698,28,0,0
227274864,2499982,70086,1625,2H,91,28,23.769729,22,0,0
227274893,2499982,8325,1625,2H,88,64,18.439089,14,0,1
227275005,2499982,38021,1625,2H,72,61,30.083218,11,0,0
227275124,2499982,8325,1625,2H,77,43,24.041631,7,0,1
227275162,2499982,12829,1631,2H,87,39,17.029386,11,1,0
227548475,2499983,7967,1613,1H,86,43,15.652476,7,0,0
227548480,2499983,252365,1613,1H,76,49,24.020824,1,0,0
227548535,2499983,230883,1613,1H,77,51,23.021729,1,0,0
227548635,2499983,254898,1613,1H,91,25,26.570661,25,0,0
227548947,2499983,9227,1613,1H,76,64,27.784888,14,0,0
227548961,2499983,254898,1613,1H,69,46,31.256999,4,0,0
227548962,2499983,7934,1611,1H,89,42,13.601471,8,0,0
227548984,2499983,7967,1613,1H,76,36,27.784888,14,0,0
227549024,2499983,134513,1611,1H,90,61,14.866069,11,0,0
227549077,2499983,134513,1611,1H,94,56,8.485281,6,1,0
227549449,2499983,9227,1613,2H,90,47,10.440307,3,0,1
227549532,2499983,254898,1613,2H,75,65,29.154759,15,0,0
227549874,2499983,7939,1611,2H,89,29,23.706539,21,0,0
227549996,2499983,134513,1611,2H,94,50,6.000000,0,0,0
227549997,2499983,134513,1611,2H,93,52,7.280110,2,0,0
227550185,2499983,7928,1611,2H,96,42,8.944272,8,0,0
227550186,2499983,7938,1611,2H,81,55,19.646883,5,0,0
228263070,2499983,7905,1611,1H,91,41,12.727922,9,0,0
228263075,2499983,7905,1611,1H,85,56,16.155494,6,0,0
228263078,2499983,3361,1611,2H,90,35,18.027756,15,0,0
228263080,2499983,3361,1611,2H,89,60,14.866069,10,0,0
227609226,2499984,15808,1612,1H,86,53,14.317821,3,0,1
227609260,2499984,7868,1612,1H,83,33,24.041631,17,0,0
227609556,2499984,8136,1619,1H,76,70,31.240999,20,0,0
227609621,2499984,135114,1619,1H,93,65,16.552945,15,0,0
227609641,2499984,25747,1612,1H,74,51,26.019224,1,0,0
227609746,2499984,25747,1612,1H,85,53,15.297059,3,0,0
227609888,2499984,86239,1619,1H,91,50,9.000000,0,1,0
227609900,2499984,8144,1619,1H,94,60,11.661904,10,0,0
227609948,2499984,120353,1612,1H,88,50,12.000000,0,0,1
227610083,2499984,8144,1619,1H,90,60,14.142136,10,0,0
227610230,2499984,120353,1612,2H,87,50,13.000000,0,0,0
227610305,2499984,268776,1619,2H,98,43,7.280110,7,0,0
227610467,2499984,116,1612,2H,77,46,23.345235,4,0,0
227610556,2499984,18550,1612,2H,74,50,26.000000,0,0,0
227610658,2499984,15808,1612,2H,85,62,19.209373,12,0,0
227610662,2499984,120353,1612,2H,91,65,17.492856,15,0,0
227610711,2499984,25747,1612,2H,87,45,13.928388,5,0,0
227610713,2499984,222220,1612,2H,88,37,17.691806,13,0,0
227610757,2499984,25747,1612,2H,89,41,14.212670,9,0,0
227610791,2499984,15808,1612,2H,84,53,16.278821,3,0,0
227610973,2499984,8140,1612,2H,90,62,15.620499,12,0,0
227344904,2499985,91381,1651,1H,82,31,26.172505,19,0,0
227344916,2499985,207164,1639,1H,76,32,30.000000,18,0,0
227344966,2499985,15198,1639,1H,79,26,31.890437,24,0,0
227345134,2499985,8416,1651,1H,95,67,17.720045,17,0,0
227345284,2499985,247248,1651,1H,71,55,29.427878,5,0,0
227345327,2499985,49872,1639,1H,91,58,12.041595,8,0,0
227345333,2499985,91381,1651,1H,76,36,27.784888,14,0,0
227345429,2499985,91381,1651,1H,91,58,12.041595,8,0,1
227345506,2499985,207164,1639,1H,87,48,13.152946,2,0,0
227345683,2499985,466,1651,1H,94,64,15.231546,14,1,0
227345779,2499985,207164,1639,1H,89,34,19.416488,16,0,0
227345813,2499985,247248,1651,2H,86,72,26.076810,22,0,0
227345845,2499985,207164,1639,2H,81,49,19.026298,1,0,0
227345849,2499985,15054,1639,2H,88,55,13.000000,5,1,0
227345909,2499985,466,1651,2H,95,46,6.403124,4,1,0
227345936,2499985,15526,1651,2H,82,32,25.455844,18,0,0
227345955,2499985,466,1651,2H,74,24,36.769553,26,0,0
227346230,2499985,466,1651,2H,89,46,11.704700,4,0,0
227346295,2499985,25854,1639,2H,62,36,40.496913,14,0,0
227346300,2499985,9097,1651,2H,97,67,17.262677,17,1,0
227346328,2499985,15526,1651,2H,80,32,26.907248,18,0,0
227346347,2499985,49872,1639,2H,74,59,27.513633,9,0,1
227346438,2499985,207164,1639,2H,72,53,28.160256,3,0,0
227346477,2499985,91381,1651,2H,80,35,25.000000,15,0,0
227346672,2499985,25854,1639,2H,89,59,14.212670,9,0,0
227346678,2499985,15054,1639,2H,93,53,7.615773,3,1,0
227346702,2499985,3326,1639,2H,84,49,16.031220,1,0,0
227898763,2499985,15198,1639,1H,74,47,26.172505,3,0,0
227898767,2499985,9532,1639,2H,76,45,24.515301,5,0,0
227292237,2499986,8980,1646,1H,83,48,17.117243,2,0,0
227292310,2499986,9127,1646,1H,76,43,25.000000,7,0,0
227292353,2499986,9123,1646,1H,81,52,19.104973,2,0,0
227292485,2499986,93,1646,1H,91,27,24.698178,23,0,0
227292575,2499986,9127,1646,1H,90,39,14.866069,11,1,0
227292601,2499986,9123,1646,1H,81,50,19.000000,0,0,0
227292746,2499986,9123,1646,2H,74,51,26.019224,1,0,0
227292770,2499986,9123,1646,2H,87,52,13.152946,2,1,0
227292786,2499986,93,1646,2H,87,75,28.178006,25,0,0
227292854,2499986,9127,1646,2H,76,53,24.186773,3,0,0
227292903,2499986,8944,1646,2H,92,53,8.544004,3,1,0
227293142,2499986,9179,1646,2H,79,44,21.840330,6,0,0
227293354,2499986,10252,10531,1H,86,43,15.652476,7,0,0
227293423,2499986,8336,10531,1H,89,71,23.706539,21,0,0
227293464,2499986,61962,10531,2H,85,34,21.931712,16,0,0
227293601,2499986,61962,10531,2H,90,73,25.079872,23,0,0
227293623,2499986,8976,10531,2H,77,64,26.925824,14,0,0
227293746,2499986,343951,10531,2H,92,62,14.422205,12,0,0
227293750,2499986,25571,10531,2H,94,46,7.211103,4,0,0
227293759,2499986,25571,10531,2H,75,58,26.248809,8,0,0
227293760,2499986,8336,10531,2H,77,77,35.468296,27,0,0
227293778,2499986,61962,10531,2H,83,53,17.262677,3,0,1
227293816,2499986,25571,10531,2H,98,63,13.152946,13,0,0
227293837,2499986,343951,10531,2H,87,63,18.384776,13,0,0
227179383,2499987,7873,1609,1H,81,69,26.870058,19,0,0
227179525,2499987,210044,1624,1H,89,47,11.401754,3,1,0
227179553,2499987,7873,1609,1H,88,60,15.620499,10,0,0
227179614,2499987,14911,1624,1H,73,19,41.109610,31,0,0
227179777,2499987,54,1624,1H,87,52,13.152946,2,1,0
227179811,2499987,8717,1624,1H,90,52,10.198039,2,1,0
227179866,2499987,11152,1624,1H,82,48,18.110770,2,0,0
227180038,2499987,167145,1609,1H,84,71,26.400758,21,0,0
227180333,2499987,8717,1624,2H,91,55,10.295630,5,1,1
227180366,2499987,8717,1624,2H,89,50,11.000000,0,1,0
227180385,2499987,8717,1624,2H,86,51,14.035669,1,0,0
227180467,2499987,48,1624,2H,93,63,14.764823,13,1,0
227180564,2499987,257762,1624,2H,74,60,27.856777,10,0,0
227180607,2499987,7873,1609,2H,83,48,17.117243,2,0,0
227180694,2499987,14911,1624,2H,81,45,19.646883,5,0,0
227180706,2499987,13484,1624,2H,85,53,15.297059,3,0,0
227180739,2499987,20441,1624,2H,89,65,18.601075,15,0,0
227180789,2499987,8945,1624,2H,90,68,20.591260,18,0,0
227180970,2499987,20441,1624,2H,92,31,20.615528,19,0,0
227181037,2499987,25413,1609,2H,89,35,18.601075,15,0,0
227181065,2499987,25413,1609,2H,92,63,15.264338,13,0,0
227347124,2499988,70965,1633,1H,95,35,15.811388,15,0,0
227347249,2499988,8677,1633,1H,82,23,32.449961,27,0,0
227347336,2499988,14703,1633,1H,93,52,7.280110,2,0,0
227347344,2499988,7941,1633,1H,93,50,7.000000,0,1,1
227347398,2499988,8677,1633,1H,77,29,31.144823,21,0,0
227347503,2499988,37725,1633,2H,77,59,24.698178,9,0,0
227347693,2499988,14703,1633,2H,97,47,4.242641,3,0,1
227347860,2499988,25798,1644,1H,74,38,28.635642,12,0,0
227347864,2499988,8889,1644,1H,91,37,15.811388,13,1,0
227348070,2499988,25798,1644,1H,70,35,33.541020,15,0,0
227348379,2499988,25798,1644,2H,45,24,60.835845,26,0,0
227348497,2499988,14688,1644,2H,88,53,12.369317,3,1,0
227348531,2499988,377071,1644,2H,80,65,25.000000,15,0,0
227348543,2499988,291528,1644,2H,73,62,29.546573,12,0,0
227348603,2499988,8889,1644,2H,89,57,13.038405,7,1,0
230436201,2499989,7989,1659,1H,90,48,10.198039,2,1,0
230436249,2499989,8959,1659,1H,84,55,16.763055,5,0,0
230436272,2499989,11669,1659,1H,92,66,17.888544,16,0,0
230436415,2499989,8959,1659,1H,83,52,17.117243,2,0,0
230436613,2499989,7989,1659,1H,82,55,18.681542,5,0,0
230436664,2499989,11669,1659,1H,81,43,20.248457,7,0,0
230436697,2499989,9285,1659,1H,83,29,27.018512,21,0,0
230436869,2499989,62224,1659,2H,87,45,13.928388,5,0,0
230436914,2499989,8460,1659,2H,72,29,35.000000,21,0,0
230436943,2499989,134102,1659,2H,87,51,13.038405,1,1,0
230437057,2499989,8296,1659,2H,92,34,17.888544,16,0,0
230437067,2499989,9277,1659,2H,92,50,8.000000,0,1,0
230437098,2499989,8460,1659,2H,88,29,24.186773,21,0,1
230437180,2499989,245813,1659,2H,87,50,13.000000,0,0,0
230437187,2499989,7989,1659,2H,94,47,6.708204,3,0,1
230437233,2499989,8959,1659,2H,78,63,25.553865,13,0,0
230437235,2499989,9277,1659,2H,87,51,13.038405,1,0,0
230437363,2499989,230883,1613,1H,72,44,28.635642,6,0,0
230437370,2499989,254898,1613,1H,80,35,25.000000,15,0,0
230437428,2499989,12536,1613,1H,96,50,4.000000,0,0,1
230437456,2499989,230883,1613,1H,85,58,17.000000,8,0,0
230437457,2499989,9227,1613,1H,78,57,23.086793,7,0,0
230437655,2499989,12536,1613,1H,88,27,25.942244,23,0,0
230437735,2499989,254898,1613,1H,72,48,28.071338,2,0,0
230437742,2499989,12536,1613,1H,97,47,4.242641,3,0,1
230437938,2499989,9227,1613,2H,72,76,38.209946,26,0,0
230437996,2499989,70215,1613,2H,87,59,15.811388,9,0,0
230438002,2499989,230883,1613,2H,92,57,10.630146,7,0,0
230438046,2499989,7967,1613,2H,89,55,12.083046,5,0,0
231706382,2499990,8325,1625,1H,94,71,21.840330,21,0,0
231706434,2499990,8325,1625,1H,78,63,25.553865,13,0,0
231706653,2499990,105338,1609,1H,76,25,34.655447,25,0,0
231706814,2499990,8317,1625,1H,94,40,11.661904,10,0,1
231706832,2499990,7870,1609,1H,86,51,14.035669,1,0,0
231707033,2499990,8325,1625,1H,97,53,4.242641,3,0,0
231707155,2499990,7870,1609,1H,81,61,21.954498,11,0,0
231707236,2499990,3319,1609,1H,88,47,12.369317,3,0,0
231707297,2499990,7945,1609,1H,92,61,13.601471,11,0,0
231707303,2499990,49876,1609,1H,73,50,27.000000,0,0,0
231707655,2499990,25867,1609,2H,86,51,14.035669,1,0,0
231708042,2499990,8325,1625,2H,89,66,19.416488,16,0,0
231708263,2499990,340386,1625,2H,87,30,23.853721,20,0,0
231708266,2499990,38021,1625,2H,72,34,32.249031,16,0,0
231708378,2499990,265673,1625,1H,85,67,22.671568,17,0,1
231708380,2499990,105338,1609,1H,78,52,22.090722,2,0,0
231708383,2499990,245364,1625,1H,95,47,5.830952,3,0,1
230429908,2499991,77552,10531,1H,81,59,21.023796,9,0,0
230430104,2499991,21164,10531,1H,90,57,12.206556,7,1,0
230430129,2499991,284,10531,1H,75,67,30.232433,17,0,0
230430160,2499991,15526,1651,1H,96,70,20.396078,20,0,0
230430170,2499991,91381,1651,1H,83,49,17.029386,1,0,0
230430254,2499991,8416,1651,1H,82,25,30.805844,25,0,0
230430343,2499991,15526,1651,1H,83,63,21.400935,13,0,0
230430353,2499991,466,1651,1H,75,40,26.925824,10,0,0
230430380,2499991,25571,10531,1H,83,41,19.235384,9,0,0
230430384,2499991,8192,10531,1H,90,38,15.620499,12,0,0
230430494,2499991,10252,10531,2H,76,32,30.000000,18,0,0
230430537,2499991,61962,10531,2H,85,47,15.297059,3,0,0
230430738,2499991,9097,1651,1H,89,52,11.180340,2,1,0
230430839,2499991,91381,1651,2H,86,33,22.022716,17,0,0
230430858,2499991,15526,1651,2H,87,35,19.849433,15,0,0
230430990,2499991,466,1651,2H,78,30,29.732137,20,0,0
230431116,2499991,8192,10531,2H,90,41,13.453624,9,0,0
230431121,2499991,61962,10531,2H,74,54,26.305893,4,0,0
230431158,2499991,343951,10531,2H,80,69,27.586228,19,0,0
230431255,2499991,8416,1651,2H,86,34,21.260292,16,0,0
230431272,2499991,10252,10531,2H,75,42,26.248809,8,0,0
230431334,2499991,25950,1651,2H,91,60,13.453624,10,0,1
230431411,2499991,20855,1651,2H,73,78,38.897301,28,0,0
230431461,2499991,120,1651,2H,96,50,4.000000,0,0,1
230431484,2499991,8416,1651,2H,92,55,9.433981,5,0,1
230774525,2499992,93,1646,1H,91,53,9.486833,3,1,0
230774634,2499992,8284,1646,1H,83,45,17.720045,5,0,0
230774780,2499992,383,1619,1H,88,32,21.633308,18,0,0
230774784,2499992,7899,1619,1H,72,33,32.756679,17,0,0
230775023,2499992,8284,1646,1H,85,51,15.033296,1,0,0
230775043,2499992,8116,1619,1H,76,39,26.400758,11,0,0
230775502,2499992,8116,1619,2H,77,37,26.419690,13,0,0
230775604,2499992,8925,1646,2H,85,31,24.207437,19,0,0
230775621,2499992,8116,1619,2H,86,59,16.643317,9,0,0
230775686,2499992,9123,1646,2H,94,46,7.211103,4,1,0
230775846,2499992,93,1646,2H,99,64,14.035669,14,0,0
230775849,2499992,8980,1646,2H,95,49,5.099020,1,1,0
230775855,2499992,9123,1646,2H,98,53,3.605551,3,1,1
230775916,2499992,86239,1619,2H,89,49,11.045361,1,1,0
230775935,2499992,302520,1619,2H,78,54,22.360680,4,0,0
230775941,2499992,29640,1619,2H,88,63,17.691806,13,1,0
230775984,2499992,8136,1619,2H,90,56,11.661904,6,1,0
230775994,2499992,302520,1619,2H,72,41,29.410882,9,0,0
230776077,2499992,302520,1619,2H,78,71,30.413813,21,0,0
230776171,2499992,9123,1646,2H,86,74,27.784888,24,0,0
230776199,2499992,20857,1619,2H,88,46,12.649111,4,0,1
230593862,2499993,8717,1624,1H,92,57,10.630146,7,0,0
230593963,2499993,8554,1628,1H,90,65,18.027756,15,1,0
230594061,2499993,8623,1628,1H,75,65,29.154759,15,0,0
230594276,2499993,13484,1624,1H,84,51,16.031220,1,0,0
230594357,2499993,454,1628,1H,91,34,18.357560,16,0,0
230594493,2499993,8471,1628,1H,76,70,31.240999,20,0,0
230594602,2499993,54,1624,1H,73,74,36.124784,24,0,0
230594703,2499993,8717,1624,2H,75,62,27.730849,12,0,0
230594773,2499993,54,1624,2H,84,64,21.260292,14,0,0
230594855,2499993,8717,1624,2H,94,41,10.816654,9,0,0
230594973,2499993,25785,1624,2H,93,72,23.086793,22,0,0
230594976,2499993,54,1624,2H,86,58,16.124515,8,0,0
230595207,2499993,136441,1624,2H,87,56,14.317821,6,0,0
230595441,2499993,8717,1624,2H,88,67,20.808652,17,0,0
230595470,2499993,8717,1624,2H,94,68,18.973666,18,1,1
230318964,2499994,192748,1631,1H,82,67,24.758837,17,0,0
230319043,2499994,26150,1631,1H,80,73,30.479501,23,0,0
230319085,2499994,207164,1639,1H,79,56,21.840330,6,0,0
230319215,2499994,92947,1639,1H,73,27,35.468296,23,0,0
230319404,2499994,26150,1631,1H,82,76,31.622777,26,0,0
230319521,2499994,26150,1631,1H,72,70,34.409301,20,0,0
230319610,2499994,49872,1639,1H,81,51,19.026298,1,0,1
230319759,2499994,8013,1631,1H,90,32,20.591260,18,0,0
230319764,2499994,15054,1639,2H,70,44,30.594117,6,0,0
230319816,2499994,8013,1631,2H,83,32,24.758837,18,0,0
230319911,2499994,350976,1631,2H,66,47,34.132096,3,0,0
230319918,2499994,49872,1639,2H,69,40,32.572995,10,0,0
230320134,2499994,265366,1631,2H,70,45,30.413813,5,0,0
230320436,2499994,26150,1631,2H,82,53,18.248288,3,0,0
230320451,2499994,8013,1631,2H,71,63,31.780497,13,0,0
230320572,2499994,26150,1631,2H,70,62,32.310989,12,0,0
230320578,2499994,8653,1631,2H,93,69,20.248457,19,0,0
230320581,2499994,12829,1631,2H,95,34,16.763055,16,0,0
230320604,2499994,26150,1631,2H,90,39,14.866069,11,0,0
230320609,2499994,192748,1631,2H,94,48,6.324555,2,1,0
230320615,2499994,8488,1631,2H,93,62,13.892444,12,1,0
230320623,2499994,285508,1631,2H,72,59,29.410882,9,0,0
230320646,2499994,265366,1631,2H,85,66,21.931712,16,0,0
230354600,2499995,120353,1612,1H,89,33,20.248457,17,0,0
230354687,2499995,370,1612,1H,92,55,9.433981,5,1,0
230354868,2499995,14703,1633,1H,86,66,21.260292,16,0,0
230354900,2499995,25747,1612,1H,93,59,11.401754,9,1,0
230354927,2499995,14703,1633,1H,89,34,19.416488,16,0,0
230354928,2499995,8313,1633,1H,91,67,19.235384,17,0,0
230355093,2499995,18550,1612,1H,98,49,2.236068,1,1,1
230355145,2499995,18550,1612,1H,82,37,22.203603,13,0,0
230355156,2499995,41174,1633,1H,90,28,24.166092,22,0,0
230355158,2499995,120353,1612,1H,96,61,11.704700,11,1,0
230355472,2499995,14703,1633,1H,69,29,37.443290,21,0,0
230355600,2499995,120353,1612,2H,89,39,15.556349,11,0,1
230355640,2499995,7868,1612,2H,89,75,27.313001,25,0,0
230355675,2499995,25747,1612,2H,87,71,24.698178,21,0,0
230355681,2499995,15808,1612,2H,89,46,11.704700,4,0,1
230355748,2499995,120353,1612,2H,87,62,17.691806,12,0,0
230355769,2499995,15808,1612,2H,88,37,17.691806,13,0,0
230355774,2499995,8677,1633,2H,91,70,21.931712,20,0,1
230355777,2499995,25747,1612,2H,81,55,19.646883,5,0,0
230355887,2499995,7868,1612,2H,76,59,25.632011,9,0,0
230355925,2499995,8005,1633,2H,93,69,20.248457,19,1,0
230356007,2499995,25747,1612,2H,89,45,12.083046,5,0,0
230356061,2499995,25747,1612,2H,94,51,6.082763,1,0,1
230356108,2499995,25747,1612,2H,79,41,22.847319,9,0,0
230356245,2499995,8140,1612,2H,89,66,19.416488,16,0,0
230356379,2499995,7868,1612,2H,74,71,33.421550,21,0,0
230629466,2499996,3324,1610,1H,93,42,10.630146,8,0,0
230629468,2499996,25707,1610,1H,89,44,12.529964,6,0,0
230629853,2499996,7905,1611,1H,87,48,13.152946,2,0,0
230629878,2499996,3361,1611,1H,90,42,12.806248,8,0,0
230629976,2499996,8625,1610,1H,81,73,29.832868,23,0,0
230630034,2499996,105333,1610,1H,89,64,17.804494,14,0,1
230630075,2499996,7905,1611,1H,92,50,8.000000,0,0,1
230630112,2499996,8032,1610,1H,86,35,20.518285,15,0,0
230630236,2499996,8032,1610,1H,84,34,22.627417,16,0,0
230630276,2499996,3324,1610,1H,90,46,10.770330,4,0,0
230630404,2499996,134513,1611,2H,73,63,29.966648,13,0,0
230630467,2499996,3361,1611,2H,78,69,29.068884,19,0,0
230630607,2499996,3324,1610,2H,90,34,18.867962,16,0,0
230630611,2499996,8032,1610,2H,75,24,36.069378,26,0,0
230630699,2499996,7934,1611,2H,93,50,7.000000,0,1,1
230630747,2499996,8495,1610,2H,71,32,34.132096,18,0,0
230630798,2499996,105333,1610,2H,75,39,27.313001,11,0,0
230630929,2499996,7905,1611,2H,88,37,17.691806,13,0,0
230631002,2499996,105333,1610,2H,90,66,18.867962,16,0,0
230631151,2499996,26010,1610,2H,81,63,23.021729,13,0,0
231956120,2499996,7905,1611,2H,91,51,9.055385,1,0,0
230386138,2499997,28292,1644,1H,75,49,25.019992,1,0,0
230386331,2499997,77558,1623,1H,80,51,20.024984,1,0,0
230386688,2499997,25798,1644,1H,72,47,28.160256,3,0,0
230386753,2499997,92899,1644,1H,75,41,26.570661,9,0,0
230387011,2499997,14688,1644,2H,90,58,12.806248,8,1,0
230387056,2499997,7919,1623,2H,91,47,9.486833,3,1,0
230387131,2499997,8903,1644,2H,89,39,15.556349,11,1,0
230387322,2499997,7944,1623,2H,88,62,16.970563,12,0,0
230387548,2499997,25798,1644,2H,73,32,32.449961,18,0,0
230387563,2499997,3351,1644,2H,92,69,20.615528,19,0,0
230387572,2499997,160,1644,2H,87,63,18.384776,13,0,0
230387582,2499997,8903,1644,2H,89,58,13.601471,8,0,1
230387728,2499997,20505,1644,2H,82,35,23.430749,15,0,0
230387733,2499997,25798,1644,2H,73,57,27.892651,7,0,0
230387741,2499997,92899,1644,2H,78,22,35.608988,28,0,0
230387817,2499997,32636,1623,2H,98,45,5.385165,5,1,0
230438299,2499998,3577,1627,1H,80,29,29.000000,21,0,0
230438822,2499998,8530,1627,1H,79,29,29.698485,21,0,0
230438885,2499998,8530,1627,1H,93,43,9.899495,7,0,0
230438918,2499998,8530,1627,1H,91,41,12.727922,9,0,0
230439056,2499998,8290,1673,1H,89,50,11.000000,0,0,0
230439059,2499998,173,1673,1H,91,38,15.000000,12,0,0
230439154,2499998,8314,1627,2H,80,64,24.413111,14,0,0
230439206,2499998,282550,1673,1H,71,48,29.068884,2,0,0
230439246,2499998,173,1673,1H,87,27,26.419690,23,0,0
230439317,2499998,8360,1627,2H,95,50,5.000000,0,1,1
230439396,2499998,173,1673,2H,90,45,11.180340,5,0,1
230439520,2499998,15823,1673,2H,73,58,28.160256,8,0,0
230439572,2499998,214654,1673,2H,83,62,20.808652,12,0,1
230439595,2499998,8290,1673,2H,78,34,27.202941,16,0,0
230439638,2499998,346071,1627,2H,93,70,21.189620,20,0,0
230439646,2499998,8360,1627,2H,96,51,4.123106,1,1,0
230439680,2499998,25537,1627,2H,76,36,27.784888,14,0,0
230439738,2499998,8360,1627,2H,83,52,17.117243,2,0,0
230439747,2499998,3577,1627,2H,88,58,14.422205,8,0,0
230439754,2499998,15823,1673,2H,77,52,23.086793,2,0,0
230439831,2499998,8290,1673,2H,90,53,10.440307,3,0,0
230439885,2499998,15823,1673,2H,78,69,29.068884,19,0,0
230439912,2499998,173,1673,2H,90,35,18.027756,15,0,0
230439918,2499998,15823,1673,2H,78,37,25.553865,13,0,0
230440027,2499998,11078,1673,2H,73,72,34.828150,22,0,0
232231500,2499999,230020,1609,1H,88,45,13.000000,5,0,0
232231515,2499999,3319,1609,1H,86,70,24.413111,20,0,0
232231523,2499999,9097,1651,1H,96,44,7.211103,6,0,1
232231561,2499999,15526,1651,1H,79,28,30.413813,22,0,0
232231575,2499999,91381,1651,1H,77,34,28.017851,16,0,0
232231694,2499999,91381,1651,1H,78,31,29.068884,19,0,0
232231702,2499999,9097,1651,1H,90,44,11.661904,6,1,0
232231726,2499999,25950,1651,1H,91,54,9.848858,4,0,0
232231881,2499999,8416,1651,1H,93,42,10.630146,8,1,1
232231895,2499999,8416,1651,1H,89,39,15.556349,11,1,0
232231937,2499999,15526,1651,1H,89,40,14.866069,10,0,0
232232041,2499999,91381,1651,1H,87,33,21.400935,17,0,0
232232213,2499999,105338,1609,1H,96,76,26.305893,26,0,0
232232302,2499999,25867,1609,1H,93,51,7.071068,1,0,1
232232353,2499999,25950,1651,2H,76,56,24.738634,6,0,0
232232408,2499999,7855,1609,1H,92,49,8.062258,1,1,0
232232522,2499999,91381,1651,2H,81,37,23.021729,13,0,0
232232534,2499999,105338,1609,2H,81,61,21.954498,11,0,0
232232684,2499999,230020,1609,2H,87,27,26.419690,23,0,0
232232703,2499999,3319,1609,2H,79,30,29.000000,20,0,0
232233049,2499999,105338,1609,2H,80,58,21.540659,8,0,0
232233124,2499999,346158,1609,2H,90,49,10.049876,1,1,0
232233166,2499999,3319,1609,2H,76,34,28.844410,16,0,0
232233169,2499999,7873,1609,2H,82,59,20.124612,9,0,0
232233210,2499999,25867,1609,2H,91,49,9.055385,1,0,0
232233252,2499999,8242,1651,1H,93,47,7.615773,3,1,0
231909867,2500000,93,1646,1H,75,59,26.570661,9,0,0
231909999,2500000,8125,1646,1H,87,32,22.203603,18,0,0
231910175,2500000,7879,1623,1H,92,53,8.544004,3,0,0
231910238,2500000,93,1646,1H,92,45,9.433981,5,0,0
231910253,2500000,8925,1646,1H,75,60,26.925824,10,0,0
231910256,2500000,32636,1623,1H,92,52,8.246211,2,1,1
231910275,2500000,9123,1646,1H,94,53,6.708204,3,1,0
231910294,2500000,32636,1623,1H,90,38,15.620499,12,0,0
231910336,2500000,9123,1646,1H,87,64,19.104973,14,0,0
231910362,2500000,9123,1646,1H,89,24,28.231188,26,0,0
231910431,2500000,7879,1623,1H,95,41,10.295630,9,0,0
231910451,2500000,8284,1646,1H,96,55,6.403124,5,0,0
231910523,2500000,25706,1623,1H,72,52,28.071338,2,0,0
231910564,2500000,7879,1623,1H,91,60,13.453624,10,0,0
231910623,2500000,353236,1623,1H,73,39,29.154759,11,0,0
231910641,2500000,8944,1646,2H,86,57,15.652476,7,0,0
231910658,2500000,8284,1646,2H,88,69,22.472205,19,0,0
231910664,2500000,8944,1646,2H,91,66,18.357560,16,1,0
231910668,2500000,9206,1646,2H,97,45,5.830952,5,1,0
231910827,2500000,9123,1646,2H,94,67,18.027756,17,0,1
231910991,2500000,9123,1646,2H,88,71,24.186773,21,0,0
231910996,2500000,93,1646,2H,87,32,22.203603,18,0,0
231911002,2500000,9206,1646,2H,94,66,17.088007,16,0,0
231911121,2500000,32636,1623,2H,87,57,14.764823,7,1,0
231911123,2500000,9206,1646,2H,86,58,16.124515,8,1,0
231911219,2500000,8284,1646,2H,82,57,19.313208,7,0,0
231911231,2500000,9206,1646,2H,96,52,4.472136,2,1,1
231911344,2500000,145692,1623,2H,90,38,15.620499,12,0,0
231911433,2500000,93,1646,1H,78,22,35.608988,28,0,0
231911437,2500000,93,1646,1H,82,25,30.805844,25,0,0
231911562,2500000,77558,1623,2H,91,38,15.000000,12,0,0
232586031,2500001,8554,1628,1H,87,40,16.401219,10,0,0
232586035,2500001,3361,1611,1H,91,41,12.727922,9,1,0
232586147,2500001,8471,1628,1H,81,51,19.026298,1,0,1
232586276,2500001,55224,1628,1H,88,60,15.620499,10,0,0
232586455,2500001,8471,1628,1H,77,55,23.537205,5,0,0
232586731,2500001,7934,1611,1H,78,35,26.627054,15,0,0
232586884,2500001,454,1628,2H,91,34,18.357560,16,0,1
232587006,2500001,7936,1611,2H,70,43,30.805844,7,0,0
232587069,2500001,7936,1611,2H,69,53,31.144823,3,0,0
232587075,2500001,7922,1611,2H,92,42,11.313708,8,1,1
232587102,2500001,7938,1611,2H,74,78,38.209946,28,0,0
232587109,2500001,70122,1611,2H,72,60,29.732137,10,0,0
232587219,2500001,38031,1628,2H,92,56,10.000000,6,1,0
232587279,2500001,7936,1611,2H,74,72,34.058773,22,0,0
232587287,2500001,38031,1628,2H,90,50,10.000000,0,1,0
232587391,2500001,70122,1611,2H,84,57,17.464249,7,0,0
232587447,2500001,3361,1611,2H,79,45,21.587033,5,0,0
232587451,2500001,55224,1628,2H,80,43,21.189620,7,0,0
232587452,2500001,7905,1611,2H,90,63,16.401219,13,0,1
232587679,2500001,7906,1611,2H,92,42,11.313708,8,0,0
232587706,2500001,7936,1611,2H,72,81,41.773197,31,0,0
232587707,2500001,70122,1611,2H,67,67,37.121422,17,0,1
232632231,2500001,38031,1628,2H,93,43,9.899495,7,1,0
232059369,2500002,70403,1631,1H,72,35,31.764760,15,0,0
232059374,2500002,26150,1631,1H,89,58,13.601471,8,0,0
232059405,2500002,8959,1659,1H,81,23,33.015148,27,0,0
232059626,2500002,9637,1659,1H,83,52,17.117243,2,0,0
232059645,2500002,8959,1659,1H,90,47,10.440307,3,0,0
232059652,2500002,8653,1631,1H,87,49,13.038405,1,0,0
232059669,2500002,12829,1631,1H,89,53,11.401754,3,0,0
232059673,2500002,9637,1659,1H,88,51,12.041595,1,0,0
232059698,2500002,8653,1631,1H,88,59,15.000000,9,1,0
232059766,2500002,26150,1631,1H,78,50,22.000000,0,0,0
232060251,2500002,350976,1631,2H,83,51,17.029386,1,0,0
232060363,2500002,8488,1631,2H,94,63,14.317821,13,1,0
232060428,2500002,14853,1631,2H,71,39,31.016125,11,0,0
232060433,2500002,12829,1631,2H,87,36,19.104973,14,0,0
232060455,2500002,8488,1631,2H,92,63,15.264338,13,1,0
232060458,2500002,8653,1631,2H,93,68,19.313208,18,0,0
232060459,2500002,8653,1631,2H,92,72,23.409400,22,0,0
232060460,2500002,285508,1631,2H,97,55,5.830952,5,0,0
232060467,2500002,8959,1659,2H,87,25,28.178006,25,0,0
232060720,2500002,12829,1631,2H,91,39,14.212670,11,1,0
232060725,2500002,26150,1631,2H,89,64,17.804494,14,0,0
232060803,2500002,8653,1631,2H,78,46,22.360680,4,0,0
232060805,2500002,8959,1659,2H,87,47,13.341664,3,0,0
232060958,2500002,8959,1659,2H,79,63,24.698178,13,0,0
232061018,2500002,192748,1631,2H,93,50,7.000000,0,1,0
232002607,2500003,120353,1612,1H,88,54,12.649111,4,0,0
232002713,2500003,120353,1612,1H,91,30,21.931712,20,0,0
232002774,2500003,18550,1612,1H,87,57,14.764823,7,1,0
232002901,2500003,12536,1613,1H,75,40,26.925824,10,0,0
232003019,2500003,25393,1612,1H,90,34,18.867962,16,1,0
232003024,2500003,25393,1612,1H,92,36,16.124515,14,1,0
232003058,2500003,120353,1612,1H,87,60,16.401219,10,0,0
232003178,2500003,15808,1612,1H,96,68,18.439089,18,1,0
232003194,2500003,8620,1613,1H,81,47,19.235384,3,0,0
232003289,2500003,120353,1612,1H,90,59,13.453624,9,0,1
232003301,2500003,25747,1612,1H,87,40,16.401219,10,0,0
232003571,2500003,120353,1612,2H,83,42,18.788294,8,0,0
232003664,2500003,25747,1612,2H,89,52,11.180340,2,0,1
232003806,2500003,293686,1613,2H,82,37,22.203603,13,0,0
232003888,2500003,254898,1613,2H,79,62,24.186773,12,0,0
232003895,2500003,134294,1613,2H,90,52,10.198039,2,1,0
232003928,2500003,370,1612,2H,93,32,19.313208,18,0,0
232003985,2500003,3327,1613,2H,82,55,18.681542,5,0,0
232004195,2500003,15808,1612,2H,75,66,29.681644,16,0,0
232004196,2500003,7964,1612,2H,76,35,28.301943,15,0,0
232235776,2500004,245364,1625,1H,86,41,16.643317,9,0,0
232235810,2500004,8325,1625,1H,90,60,14.142136,10,0,0
232235832,2500004,245364,1625,1H,88,31,22.472205,19,0,0
232235893,2500004,245364,1625,1H,93,27,24.041631,23,0,0
232235945,2500004,265673,1625,1H,86,66,21.260292,16,0,0
232236123,2500004,245364,1625,1H,90,32,20.591260,18,0,0
232236249,2500004,265673,1625,1H,85,69,24.207437,19,0,0
232236297,2500004,8317,1625,1H,78,41,23.769729,9,0,0
232236562,2500004,265673,1625,2H,92,62,14.422205,12,0,1
232236727,2500004,8317,1625,2H,90,31,21.470911,19,0,0
232236751,2500004,8317,1625,2H,82,65,23.430749,15,0,0
232236886,2500004,38021,1625,2H,79,62,24.186773,12,0,0
232237105,2500004,8625,1610,2H,89,70,22.825424,20,0,0
232237400,2500004,245364,1625,2H,77,53,23.194827,3,0,0
232237490,2500004,26010,1610,2H,83,37,21.400935,13,1,0
232237611,2500004,8032,1610,2H,83,46,17.464249,4,0,0
232034102,2500005,70389,1619,1H,73,55,27.459060,5,0,0
232034169,2500005,302520,1619,1H,90,36,17.204651,14,0,0
232034284,2500005,207164,1639,1H,76,33,29.410882,17,0,0
232034342,2500005,268776,1619,1H,96,62,12.649111,12,0,0
232034475,2500005,207164,1639,1H,82,53,18.248288,3,0,0
232034489,2500005,92947,1639,1H,81,25,31.400637,25,0,0
232034515,2500005,92947,1639,1H,78,33,27.802878,17,0,0
232034519,2500005,302520,1619,2H,94,29,21.840330,21,0,0
232034536,2500005,29640,1619,2H,82,57,19.313208,7,0,0
232034714,2500005,207164,1639,1H,89,52,11.180340,2,1,0
232034771,2500005,15198,1639,1H,86,56,15.231546,6,1,0
232034810,2500005,302520,1619,2H,87,59,15.811388,9,0,0
232034823,2500005,29640,1619,2H,75,49,25.019992,1,0,0
232034885,2500005,70389,1619,2H,80,59,21.931712,9,0,0
232034891,2500005,29640,1619,2H,72,64,31.304952,14,0,0
232034948,2500005,8747,1639,2H,71,23,39.623226,27,0,0
232034950,2500005,7885,1619,2H,91,69,21.023796,19,0,0
232035000,2500005,15198,1639,2H,82,32,25.455844,18,0,0
232035013,2500005,8116,1619,2H,78,31,29.068884,19,0,0
232035092,2500005,215983,1619,2H,93,47,7.615773,3,1,0
232035117,2500005,15198,1639,2H,90,37,16.401219,13,0,0
232035178,2500005,70389,1619,2H,70,54,30.265492,4,0,0
232035237,2500005,7899,1619,2H,84,50,16.000000,0,0,0
232035259,2500005,8747,1639,2H,75,57,25.961510,7,0,0
232035286,2500005,70389,1619,2H,70,52,30.066593,2,0,0
232035292,2500005,86239,1619,2H,93,42,10.630146,8,1,0
232035451,2500005,3326,1639,2H,80,42,21.540659,8,0,0
232035470,2500005,207164,1639,2H,73,53,27.166155,3,0,0
232035500,2500005,8116,1619,2H,87,24,29.068884,26,0,0
232078200,2500006,61962,10531,1H,74,50,26.000000,0,0,1
232078296,2500006,8553,1633,1H,92,43,10.630146,7,1,0
232078320,2500006,21164,10531,1H,96,43,8.062258,7,0,0
232078393,2500006,25572,10531,1H,88,69,22.472205,19,0,0
232078400,2500006,284,10531,1H,94,57,9.219544,7,1,1
232078645,2500006,61962,10531,1H,72,62,30.463092,12,0,0
232078786,2500006,8498,10531,2H,96,47,5.000000,3,0,1
232078788,2500006,25572,10531,2H,93,54,8.062258,4,1,0
232079078,2500006,25571,10531,2H,73,45,27.459060,5,0,0
232079506,2500006,14703,1633,2H,91,44,10.816654,6,0,0
232079628,2500006,14703,1633,2H,91,43,11.401754,7,1,0
232079698,2500006,8677,1633,2H,87,55,13.928388,5,0,1
232079721,2500006,37725,1633,2H,75,68,30.805844,18,0,0
232079763,2500006,41174,1633,2H,78,40,24.166092,10,0,0
232079780,2500006,8677,1633,2H,82,63,22.203603,13,0,0
231973090,2500007,210044,1624,1H,74,59,27.513633,9,0,0
231973154,2500007,14911,1624,1H,82,26,30.000000,24,0,0
231973185,2500007,8717,1624,1H,96,48,4.472136,2,0,0
231973354,2500007,54,1624,1H,88,55,13.000000,5,0,0
231973373,2500007,14911,1624,1H,91,29,22.847319,21,0,1
231973511,2500007,14911,1624,1H,94,26,24.738634,24,0,0
231973527,2500007,8717,1624,1H,90,59,13.453624,9,0,0
231973573,2500007,54,1624,1H,69,54,31.256999,4,0,0
231973776,2500007,48,1624,2H,73,44,27.658633,6,0,0
231973807,2500007,8717,1624,2H,93,64,15.652476,14,0,0
231973813,2500007,173,1673,1H,85,30,25.000000,20,0,0
231973906,2500007,14911,1624,2H,91,42,12.041595,8,1,1
231974347,2500007,9419,1673,2H,79,44,21.840330,6,0,0
231974362,2500007,8717,1624,2H,91,50,9.000000,0,0,0
231974461,2500007,8717,1624,2H,89,39,15.556349,11,0,0
231974540,2500007,8717,1624,2H,90,44,11.661904,6,0,0
231974710,2500007,15823,1673,2H,73,27,35.468296,23,0,0
232042353,2500008,92899,1644,1H,90,27,25.079872,23,0,0
232042357,2500008,20593,1644,1H,89,57,13.038405,7,0,0
232042366,2500008,70156,1644,1H,85,42,17.000000,8,0,0
232042421,2500008,25537,1627,1H,89,48,11.180340,2,0,0
232042710,2500008,160,1644,1H,85,70,25.000000,20,0,0
232042711,2500008,28292,1644,1H,76,64,27.784888,14,0,0
232042771,2500008,160,1644,1H,90,68,20.591260,18,0,0
232042775,2500008,14688,1644,1H,91,44,10.816654,6,1,0
232042901,2500008,377071,1644,2H,88,59,15.000000,9,1,0
232042927,2500008,8958,1627,1H,79,22,35.000000,28,0,0
232042980,2500008,377071,1644,2H,88,55,13.000000,5,0,0
232043030,2500008,3577,1627,1H,91,56,10.816654,6,1,0
232043256,2500008,70156,1644,2H,76,44,24.738634,6,0,0
232043399,2500008,20505,1644,2H,89,51,11.045361,1,0,0
232043400,2500008,20593,1644,2H,78,68,28.425341,18,0,0
232043414,2500008,8903,1644,2H,81,48,19.104973,2,0,1
232043471,2500008,3577,1627,2H,94,66,17.088007,16,0,0
232043525,2500008,3577,1627,2H,80,77,33.600595,27,0,0
232043531,2500008,3577,1627,2H,92,33,18.788294,17,0,0
232043623,2500008,3577,1627,2H,92,56,10.000000,6,1,0
232043638,2500008,8981,1644,2H,85,28,26.627054,22,0,0
232043792,2500008,8958,1627,2H,95,54,6.403124,4,1,0
233758072,2500009,8292,1624,1H,88,33,20.808652,17,0,0
233758155,2500009,8959,1659,1H,90,40,14.142136,10,0,0
233758170,2500009,7989,1659,1H,79,38,24.186773,12,0,0
233758173,2500009,8959,1659,1H,86,79,32.202484,29,0,0
233758223,2500009,8959,1659,1H,92,34,17.888544,16,0,1
233758275,2500009,245813,1659,1H,95,62,13.000000,12,0,0
233758290,2500009,48,1624,1H,90,58,12.806248,8,0,0
233758450,2500009,13484,1624,1H,91,50,9.000000,0,0,1
233758647,2500009,54,1624,1H,70,37,32.695565,13,0,0
233758721,2500009,245813,1659,1H,79,62,24.186773,12,0,0
233758770,2500009,8460,1659,1H,81,68,26.172505,18,0,0
233758942,2500009,54,1624,2H,71,60,30.675723,10,0,0
233758943,2500009,25785,1624,2H,90,71,23.259407,21,0,0
233759008,2500009,9279,1659,2H,76,76,35.383612,26,0,0
233759036,2500009,14911,1624,2H,92,70,21.540659,20,0,1
233759094,2500009,14911,1624,2H,92,73,24.351591,23,0,0
233759098,2500009,20441,1624,2H,96,70,20.396078,20,0,0
233759183,2500009,14911,1624,2H,92,73,24.351591,23,0,0
233759199,2500009,7989,1659,2H,80,50,20.000000,0,0,0
233759315,2500009,302518,1659,2H,77,59,24.698178,9,0,0
233759327,2500009,8959,1659,2H,73,45,27.459060,5,0,0
233759360,2500009,14911,1624,2H,93,30,21.189620,20,0,1
233759373,2500009,14911,1624,2H,92,29,22.472205,21,0,0
233759406,2500009,25785,1624,2H,91,31,21.023796,19,1,1
233759483,2500009,9279,1659,2H,81,62,22.472205,12,0,0
233740906,2500010,25867,1609,1H,86,64,19.798990,14,0,0
233740969,2500010,20612,1609,1H,91,59,12.727922,9,1,1
233741069,2500010,25867,1609,1H,97,57,7.615773,7,0,0
233741100,2500010,230020,1609,1H,91,24,27.513633,26,0,0
233741115,2500010,377071,1644,1H,91,33,19.235384,17,0,0
233741207,2500010,28292,1644,1H,86,60,17.204651,10,0,0
233741213,2500010,3319,1609,1H,90,56,11.661904,6,0,0
233741393,2500010,20593,1644,1H,95,60,11.180340,10,0,0
233741626,2500010,49876,1609,2H,76,39,26.400758,11,0,0
233741795,2500010,377071,1644,1H,87,55,13.928388,5,1,0
233741839,2500010,25867,1609,2H,91,39,14.212670,11,0,1
233741873,2500010,14869,1609,2H,90,51,10.049876,1,1,0
233741968,2500010,3351,1644,2H,85,68,23.430749,18,0,0
233742010,2500010,105338,1609,2H,87,56,14.317821,6,0,1
233742190,2500010,7945,1609,2H,89,36,17.804494,14,0,0
233742328,2500010,160,1644,2H,86,69,23.600847,19,0,0
233742486,2500010,377071,1644,2H,75,31,31.400637,19,0,0
233742498,2500010,14688,1644,2H,90,39,14.866069,11,0,0
233432219,2500011,26010,1610,1H,91,56,10.816654,6,1,0
233432298,2500011,31528,1610,1H,79,40,23.259407,10,0,0
233432318,2500011,22889,1610,1H,88,73,25.942244,23,0,0
233432345,2500011,105333,1610,1H,83,63,21.400935,13,0,0
233432402,2500011,8471,1628,1H,84,40,18.867962,10,0,0
233432466,2500011,105333,1610,1H,81,34,24.839485,16,0,0
233432498,2500011,31528,1610,1H,71,59,30.364453,9,0,0
233432590,2500011,105333,1610,1H,76,57,25.000000,7,0,0
233432632,2500011,105333,1610,1H,79,42,22.472205,8,0,1
233432700,2500011,55224,1628,1H,86,50,14.000000,0,0,0
233432817,2500011,8032,1610,1H,77,38,25.942244,12,0,0
233432887,2500011,8032,1610,1H,91,39,14.212670,11,0,0
233432899,2500011,22889,1610,1H,78,72,31.112698,22,0,0
233433087,2500011,26010,1610,1H,89,56,12.529964,6,0,0
233433089,2500011,22889,1610,1H,81,69,26.870058,19,0,0
233433172,2500011,55224,1628,2H,93,23,27.892651,27,0,0
233433177,2500011,8471,1628,2H,81,48,19.104973,2,0,0
233433222,2500011,7887,1610,2H,69,30,36.891733,20,0,0
233433247,2500011,105333,1610,2H,92,59,12.041595,9,0,0
233433302,2500011,25707,1610,2H,90,32,20.591260,18,0,0
233433404,2500011,454,1628,2H,83,46,17.464249,4,0,0
233433426,2500011,22889,1610,2H,92,48,8.246211,2,0,0
233433434,2500011,26010,1610,2H,97,56,6.708204,6,1,0
233433552,2500011,26010,1610,2H,86,55,14.866069,5,0,0
233433714,2500011,31528,1610,2H,79,54,21.377558,4,0,0
233433773,2500011,3324,1610,2H,79,31,28.319605,19,0,0
233433800,2500011,3324,1610,2H,86,35,20.518285,15,0,0
233433813,2500011,25707,1610,2H,78,33,27.802878,17,0,0
233434052,2500011,454,1628,2H,96,45,6.403124,5,0,1
233434103,2500011,26010,1610,1H,93,47,7.615773,3,1,0
233482710,2500012,8240,1623,1H,94,66,17.088007,16,0,0
233482776,2500012,8245,1623,1H,92,49,8.062258,1,1,0
233482870,2500012,9194,1623,1H,73,27,35.468296,23,0,0
233482950,2500012,8416,1651,1H,79,43,22.135944,7,0,0
233483006,2500012,353236,1623,1H,77,44,23.769729,6,0,0
233483090,2500012,9194,1623,1H,94,60,11.661904,10,0,0
233483250,2500012,9194,1623,1H,88,46,12.649111,4,0,0
233483269,2500012,8416,1651,1H,89,54,11.704700,4,1,0
233483336,2500012,9194,1623,1H,93,44,9.219544,6,1,0
233483378,2500012,7944,1623,1H,69,50,31.000000,0,0,0
233483444,2500012,77558,1623,1H,74,42,27.202941,8,0,0
233483556,2500012,15526,1651,2H,77,28,31.827661,22,0,0
233483691,2500012,7944,1623,2H,73,51,27.018512,1,0,0
233483875,2500012,120,1651,2H,89,34,19.416488,16,0,0
233483954,2500012,25950,1651,2H,81,74,30.610456,24,0,0
233483985,2500012,15526,1651,2H,47,52,53.037722,2,0,0
233484052,2500012,32636,1623,2H,87,54,13.601471,4,0,1
233484068,2500012,64966,1651,2H,73,23,38.183766,27,0,0
233484125,2500012,353236,1623,2H,72,64,31.304952,14,0,0
233484138,2500012,15526,1651,2H,82,56,18.973666,6,0,0
233484150,2500012,466,1651,2H,79,41,22.847319,9,0,0
233484184,2500012,91381,1651,2H,76,50,24.000000,0,0,0
233491301,2500013,9419,1673,1H,89,61,15.556349,11,0,0
233491357,2500013,214654,1673,1H,90,66,18.867962,16,0,0
233491519,2500013,173,1673,1H,80,33,26.248809,17,0,0
233491560,2500013,173,1673,1H,92,28,23.409400,22,0,0
233491616,2500013,8897,1673,1H,83,52,17.117243,2,0,0
233491628,2500013,15215,1673,1H,92,52,8.246211,2,1,0
233491682,2500013,8290,1673,1H,80,67,26.248809,17,0,0
233491735,2500013,9419,1673,1H,83,64,22.022716,14,0,0
233491752,2500013,9419,1673,1H,90,63,16.401219,13,0,0
233491859,2500013,8290,1673,1H,82,74,30.000000,24,0,0
233492001,2500013,9419,1673,1H,91,63,15.811388,13,1,0
233492098,2500013,8290,1673,1H,81,29,28.319605,21,0,0
233492165,2500013,214654,1673,1H,87,31,23.021729,19,0,0
233492298,2500013,8897,1673,2H,74,32,31.622777,18,0,0
233492430,2500013,9419,1673,2H,77,60,25.079872,10,0,0
233492481,2500013,214654,1673,2H,88,60,15.620499,10,0,0
233492536,2500013,62389,1673,2H,72,30,34.409301,20,0,0
233492549,2500013,282550,1673,2H,82,61,21.095023,11,0,0
233492629,2500013,214654,1673,2H,93,54,8.062258,4,1,0
233492640,2500013,9419,1673,2H,89,61,15.556349,11,0,0
233492720,2500013,9280,1673,2H,86,56,15.231546,6,0,0
233492723,2500013,214654,1673,2H,91,40,13.453624,10,1,0
233492768,2500013,214654,1673,2H,91,39,14.212670,11,1,0
233492816,2500013,38377,1673,2H,88,61,16.278821,11,0,0
233492824,2500013,9419,1673,2H,89,39,15.556349,11,1,0
236661428,2500013,214654,1673,1H,93,57,9.899495,7,1,0
236661430,2500013,214654,1673,2H,85,46,15.524175,4,0,0
233363133,2500014,397178,1611,1H,87,26,27.294688,24,0,1
233363261,2500014,370,1612,1H,90,49,10.049876,1,1,0
233363281,2500014,397178,1611,1H,91,29,22.847319,21,0,1
233363328,2500014,15808,1612,1H,87,68,22.203603,18,0,0
233363383,2500014,15808,1612,1H,75,52,25.079872,2,0,0
233363532,2500014,7906,1611,1H,91,55,10.295630,5,0,0
233363578,2500014,7868,1612,1H,73,70,33.600595,20,0,0
233363676,2500014,25393,1612,1H,91,37,15.811388,13,1,0
233363768,2500014,370,1612,2H,90,42,12.806248,8,1,0
233363811,2500014,7868,1612,2H,69,51,31.016125,1,0,0
233363842,2500014,25747,1612,2H,71,32,34.132096,18,0,0
233363853,2500014,7868,1612,2H,74,65,30.016662,15,0,0
233364071,2500014,8319,1612,2H,72,63,30.870698,13,0,0
233364189,2500014,15808,1612,2H,73,44,27.658633,6,0,0
233364382,2500014,7906,1611,2H,88,44,13.416408,6,0,0
233364445,2500014,116,1612,2H,78,64,26.076810,14,0,0
233364569,2500014,25393,1612,2H,76,50,24.000000,0,0,0
233364573,2500014,120353,1612,2H,88,60,15.620499,10,0,0
233476346,2500015,254898,1613,1H,88,36,18.439089,14,0,1
233476845,2500015,12536,1613,1H,82,51,18.027756,1,0,0
233476882,2500015,70389,1619,1H,71,72,36.400549,22,0,0
233477196,2500015,254898,1613,1H,92,36,16.124515,14,0,1
233477289,2500015,3523,1613,2H,76,26,33.941125,24,0,0
233477349,2500015,230883,1613,2H,89,34,19.416488,16,0,0
233477356,2500015,230883,1613,2H,91,35,17.492856,15,1,0
233477397,2500015,254898,1613,2H,86,58,16.124515,8,0,0
233477437,2500015,86239,1619,2H,92,54,8.944272,4,0,0
233477449,2500015,9227,1613,2H,82,56,18.973666,6,0,1
233477543,2500015,7885,1619,2H,89,51,11.045361,1,1,0
233477557,2500015,302520,1619,2H,75,52,25.079872,2,0,0
233477565,2500015,8136,1619,2H,91,43,11.401754,7,1,0
233477727,2500015,302520,1619,2H,81,67,25.495098,17,0,0
233969809,2500016,70086,1625,1H,87,65,19.849433,15,0,0
233969884,2500016,8317,1625,1H,89,48,11.180340,2,0,1
233970109,2500016,207164,1639,1H,83,62,20.808652,12,0,0
233970218,2500016,105339,1625,1H,72,44,28.635642,6,0,0
233970464,2500016,105339,1625,1H,76,46,24.331050,4,0,0
233970473,2500016,38021,1625,1H,85,74,28.301943,24,0,0
233970489,2500016,245364,1625,1H,92,32,19.697716,18,0,0
233970690,2500016,8317,1625,2H,90,47,10.440307,3,0,1
233970813,2500016,105339,1625,2H,95,36,14.866069,14,0,0
233970848,2500016,241564,1625,2H,73,44,27.658633,6,0,0
233970856,2500016,11066,1625,2H,76,41,25.632011,9,0,0
233970865,2500016,245364,1625,2H,77,59,24.698178,9,0,0
233971000,2500016,134,1639,2H,96,56,7.211103,6,0,0
233971099,2500016,8277,1625,2H,92,67,18.788294,17,0,0
233971115,2500016,245364,1625,2H,87,34,20.615528,16,0,0
233971161,2500016,340386,1625,2H,89,31,21.954498,19,0,0
233971186,2500016,8317,1625,2H,89,38,16.278821,12,0,0
233971368,2500016,92947,1639,2H,69,33,35.355339,17,0,0
233480575,2500017,283142,1631,1H,76,45,24.515301,5,0,0
233480730,2500017,8653,1631,1H,73,51,27.018512,1,0,0
233480742,2500017,12829,1631,1H,87,43,14.764823,7,0,1
233480908,2500017,3577,1627,1H,91,47,9.486833,3,0,1
233480955,2500017,283142,1631,1H,89,30,22.825424,20,0,0
233480984,2500017,14763,1631,1H,96,58,8.944272,8,1,0
233481015,2500017,8370,1627,1H,77,40,25.079872,10,0,0
233481061,2500017,25537,1627,1H,81,50,19.000000,0,0,0
233481275,2500017,25537,1627,1H,82,60,20.591260,10,0,0
233481379,2500017,283142,1631,2H,81,27,29.832868,23,0,0
233481478,2500017,26150,1631,2H,91,43,11.401754,7,0,1
233481519,2500017,8370,1627,1H,75,45,25.495098,5,0,0
233481559,2500017,3577,1627,1H,88,62,16.970563,12,0,0
233481664,2500017,12829,1631,2H,90,37,16.401219,13,0,0
233481697,2500017,285508,1631,2H,91,52,9.219544,2,1,1
233481746,2500017,26150,1631,2H,87,63,18.384776,13,0,0
233481771,2500017,8653,1631,2H,91,46,9.848858,4,1,0
233481772,2500017,8360,1627,2H,91,52,9.219544,2,1,0
233481818,2500017,26150,1631,2H,75,65,29.154759,15,0,0
233481880,2500017,265366,1631,2H,76,38,26.832816,12,0,0
233482023,2500017,3928,1631,2H,96,56,7.211103,6,1,1
233409161,2500018,8944,1646,1H,90,39,14.866069,11,1,0
233409234,2500018,14703,1633,1H,96,68,18.439089,18,0,0
233409276,2500018,41174,1633,1H,82,45,18.681542,5,0,0
233409292,2500018,70965,1633,1H,89,57,13.038405,7,0,0
233409370,2500018,8677,1633,1H,78,23,34.828150,27,0,0
233409560,2500018,8313,1633,1H,86,55,14.866069,5,1,0
233409678,2500018,8925,1646,1H,77,64,26.925824,14,0,0
233409709,2500018,41174,1633,1H,87,57,14.764823,7,0,0
233409721,2500018,8582,1633,1H,86,29,25.238859,21,0,0
233409945,2500018,70965,1633,2H,77,30,30.479501,20,0,0
233410041,2500018,8582,1633,2H,89,35,18.601075,15,0,0
233410138,2500018,41174,1633,2H,77,37,26.419690,13,0,0
233410182,2500018,9123,1646,2H,79,34,26.400758,16,0,0
233410259,2500018,9123,1646,2H,88,51,12.041595,1,0,1
233410282,2500018,9206,1646,2H,95,45,7.071068,5,0,1
233410370,2500018,41174,1633,2H,86,73,26.925824,23,0,0
233410394,2500018,14703,1633,2H,94,50,6.000000,0,1,0
233410444,2500018,8677,1633,2H,81,38,22.472205,12,0,0
233410448,2500018,93,1646,2H,73,43,27.892651,7,0,0
233410459,2500018,9206,1646,2H,93,48,7.280110,2,0,1
234992066,2500019,9739,1659,1H,74,79,38.948684,29,0,0
234992195,2500019,7989,1659,1H,90,36,17.204651,14,1,0
234992198,2500019,3577,1627,1H,91,55,10.295630,5,1,0
234992268,2500019,8958,1627,1H,77,45,23.537205,5,0,0
234992343,2500019,3577,1627,1H,92,48,8.246211,2,1,0
234992363,2500019,86308,1627,1H,72,47,28.160256,3,0,0
234992393,2500019,9739,1659,1H,78,49,22.022716,1,0,0
234992458,2500019,9285,1659,1H,72,39,30.083218,11,0,0
234992719,2500019,134102,1659,1H,91,63,15.811388,13,0,0
234992872,2500019,8959,1659,2H,89,23,29.154759,27,0,0
234992900,2500019,9277,1659,2H,89,42,13.601471,8,0,0
234992931,2500019,9285,1659,2H,73,13,45.803930,37,0,0
234992945,2500019,9739,1659,2H,85,63,19.849433,13,0,0
234992986,2500019,3577,1627,2H,91,51,9.055385,1,0,0
234993031,2500019,8958,1627,2H,98,50,2.000000,0,0,1
234993096,2500019,9285,1659,2H,68,21,43.185646,29,0,0
234993206,2500019,245813,1659,2H,77,64,26.925824,14,0,0
234993492,2500019,8370,1627,2H,79,42,22.472205,8,0,0
234993548,2500019,9739,1659,2H,73,19,41.109610,31,0,1
234993673,2500019,8360,1627,2H,92,48,8.246211,2,0,0
234993675,2500019,9414,1627,2H,98,51,2.236068,1,1,0
234993679,2500019,8686,1627,2H,87,56,14.317821,6,0,0
244598919,2500020,9206,1646,1H,93,36,15.652476,14,1,0
244598946,2500020,26010,1610,1H,91,65,17.492856,15,0,0
244599078,2500020,3324,1610,1H,96,67,17.464249,17,0,0
244599224,2500020,3360,1610,1H,81,46,19.416488,4,0,0
244599503,2500020,3324,1610,1H,90,59,13.453624,9,0,0
244599677,2500020,31528,1610,1H,81,48,19.104973,2,0,0
244599746,2500020,93,1646,2H,74,72,34.058773,22,0,0
244599753,2500020,9123,1646,2H,90,66,18.867962,16,0,1
244599872,2500020,26010,1610,2H,82,26,30.000000,24,0,0
244599911,2500020,9127,1646,2H,89,45,12.083046,5,1,0
244599948,2500020,3324,1610,2H,89,56,12.529964,6,0,0
244599990,2500020,8125,1646,2H,72,42,29.120440,8,0,0
244600060,2500020,8625,1610,2H,90,66,18.867962,16,0,0
244600159,2500020,40787,1610,2H,87,32,22.203603,18,0,0
244600192,2500020,8625,1610,2H,90,63,16.401219,13,0,1
244600372,2500020,26010,1610,2H,91,33,19.235384,17,0,0
244600374,2500020,3360,1610,2H,83,33,24.041631,17,0,0
244600407,2500020,28291,1610,2H,73,37,29.966648,13,0,0
244600425,2500020,22889,1610,2H,95,43,8.602325,7,1,0
244600456,2500020,25707,1610,2H,88,58,14.422205,8,0,0
234975347,2500021,8623,1628,1H,94,62,13.416408,12,0,0
234975349,2500021,8623,1628,1H,92,56,10.000000,6,0,0
234975380,2500021,8422,1628,1H,82,43,19.313208,7,0,0
234975711,2500021,38031,1628,1H,89,37,17.029386,13,0,0
234975811,2500021,8554,1628,1H,94,54,7.211103,4,0,0
234975820,2500021,8554,1628,1H,97,52,3.605551,2,0,1
234976215,2500021,8471,1628,1H,82,52,18.110770,2,0,0
234976368,2500021,214654,1673,2H,90,38,15.620499,12,0,0
234976588,2500021,38031,1628,2H,79,53,21.213203,3,0,0
234976594,2500021,173,1673,2H,87,54,13.601471,4,0,0
234976696,2500021,173,1673,2H,83,56,18.027756,6,0,0
234976697,2500021,8554,1628,2H,92,42,11.313708,8,0,0
234976794,2500021,173,1673,2H,76,29,31.890437,21,0,0
234976818,2500021,214654,1673,2H,90,53,10.440307,3,0,0
234976905,2500021,8897,1673,2H,72,66,32.249031,16,0,0
234976930,2500021,8623,1628,2H,95,52,5.385165,2,1,0
234976978,2500021,7988,1628,2H,92,67,18.788294,17,0,0
234977018,2500021,38031,1628,2H,93,53,7.615773,3,1,0
234977053,2500021,7988,1628,2H,77,37,26.419690,13,0,0
234977075,2500021,8471,1628,2H,87,62,17.691806,12,0,0
234977096,2500021,7988,1628,2H,79,37,24.698178,13,0,0
250617028,2500022,12829,1631,1H,93,32,19.313208,18,0,0
250617038,2500022,285508,1631,1H,81,52,19.104973,2,0,0
250617048,2500022,285508,1631,1H,91,57,11.401754,7,0,1
250617072,2500022,8653,1631,1H,91,57,11.401754,7,0,0
250617117,2500022,230020,1609,1H,87,60,16.401219,10,0,0
250617130,2500022,285508,1631,1H,79,59,22.847319,9,0,0
250617167,2500022,12829,1631,1H,89,27,25.495098,23,0,0
250617205,2500022,70403,1631,1H,75,32,30.805844,18,0,0
250617408,2500022,70403,1631,1H,76,43,25.000000,7,0,0
250617547,2500022,26150,1631,1H,80,39,22.825424,11,0,0
250617595,2500022,8653,1631,1H,75,74,34.655447,24,0,0
250617626,2500022,285508,1631,1H,89,29,23.706539,21,0,0
250617732,2500022,285508,1631,1H,54,43,46.529560,7,0,0
250617749,2500022,105338,1609,1H,90,44,11.661904,6,0,0
250617761,2500022,25867,1609,1H,89,61,15.556349,11,0,0
250617764,2500022,25867,1609,1H,85,66,21.931712,16,0,0
250617789,2500022,277002,1631,2H,91,36,16.643317,14,0,0
250617889,2500022,285508,1631,2H,85,38,19.209373,12,0,0
250617941,2500022,14853,1631,2H,83,45,17.720045,5,0,0
250618051,2500022,14869,1609,2H,95,27,23.537205,23,0,0
250618112,2500022,25867,1609,2H,90,50,10.000000,0,0,0
250618113,2500022,25867,1609,2H,96,39,11.704700,11,0,1
250618137,2500022,230020,1609,2H,78,25,33.301652,25,0,0
250618230,2500022,105338,1609,2H,93,69,20.248457,19,0,0
250618336,2500022,49876,1609,2H,79,55,21.587033,5,0,0
250618338,2500022,25867,1609,2H,92,38,14.422205,12,0,0
250618343,2500022,14869,1609,2H,92,45,9.433981,5,1,0
250618365,2500022,25867,1609,2H,85,50,15.000000,0,0,0
250618725,2500022,26150,1631,2H,94,63,14.317821,13,0,1
234939545,2500023,120353,1612,1H,96,65,15.524175,15,0,1
234939770,2500023,20593,1644,1H,90,60,14.142136,10,1,0
234939911,2500023,116,1612,1H,80,46,20.396078,4,0,0
234940168,2500023,377071,1644,1H,88,40,15.620499,10,1,0
234940292,2500023,15808,1612,1H,87,50,13.000000,0,0,0
234940378,2500023,120353,1612,1H,95,54,6.403124,4,0,1
234940402,2500023,92899,1644,2H,78,35,26.627054,15,0,0
234940486,2500023,15808,1612,2H,87,47,13.341664,3,1,0
234940601,2500023,15808,1612,2H,96,50,4.000000,0,0,1
234940869,2500023,20505,1644,2H,92,34,17.888544,16,0,0
234941144,2500023,7868,1612,2H,78,69,29.068884,19,0,0
234941151,2500023,120353,1612,2H,88,53,12.369317,3,0,1
234941198,2500023,8955,1612,2H,88,54,12.649111,4,0,0
234941210,2500023,8319,1612,2H,76,68,30.000000,18,0,0
234941220,2500023,8955,1612,2H,90,39,14.866069,11,0,0
234941221,2500023,120353,1612,2H,95,48,5.385165,2,0,1
250586983,2500024,14808,1625,1H,89,46,11.704700,4,0,0
250586993,2500024,241564,1625,1H,71,30,35.227830,20,0,0
250587067,2500024,14808,1625,1H,86,33,22.022716,17,0,0
250587102,2500024,70083,1625,1H,86,51,14.035669,1,0,1
250587215,2500024,25950,1651,1H,74,76,36.769553,26,0,0
250587314,2500024,14808,1625,1H,79,46,21.377558,4,0,0
250587347,2500024,340386,1625,1H,96,55,6.403124,5,0,0
250587377,2500024,134502,1625,1H,68,25,40.607881,25,0,0
250587463,2500024,245364,1625,1H,87,33,21.400935,17,0,0
250587476,2500024,4255,1651,1H,96,48,4.472136,2,1,1
250587478,2500024,265673,1625,1H,87,60,16.401219,10,0,1
250587802,2500024,241564,1625,2H,70,47,30.149627,3,0,0
250588004,2500024,105339,1625,2H,90,48,10.198039,2,0,0
250588011,2500024,70083,1625,2H,80,64,24.413111,14,0,0
250588115,2500024,340386,1625,2H,96,41,9.848858,9,1,0
250588205,2500024,70083,1625,2H,78,67,27.802878,17,0,0
250588320,2500024,14808,1625,2H,90,29,23.259407,21,0,0
250588331,2500024,105339,1625,2H,87,42,15.264338,8,0,1
250588358,2500024,91381,1651,2H,84,70,25.612497,20,0,0
250588366,2500024,25950,1651,2H,93,57,9.899495,7,0,0
250588471,2500024,8324,1625,2H,88,38,16.970563,12,0,0
250588582,2500024,404397,1625,2H,86,49,14.035669,1,0,0
250588815,2500024,120,1651,2H,73,33,31.906112,17,0,0
250588878,2500024,8242,1651,2H,88,33,20.808652,17,1,0
234994132,2500025,353236,1623,1H,92,44,10.000000,6,1,0
234994165,2500025,7961,1639,1H,79,37,24.698178,13,0,0
234994231,2500025,8747,1639,1H,83,48,17.117243,2,0,0
234994249,2500025,49872,1639,1H,90,73,25.079872,23,0,0
234994270,2500025,207164,1639,1H,69,41,32.280025,9,0,0
234994463,2500025,8747,1639,1H,97,33,17.262677,17,1,0
234994740,2500025,9194,1623,1H,85,33,22.671568,17,0,0
234994776,2500025,207164,1639,2H,76,69,30.610456,19,0,0
234994903,2500025,77548,1639,2H,88,39,16.278821,11,0,0
234994991,2500025,7957,1639,2H,87,65,19.849433,15,0,0
234995065,2500025,7944,1623,2H,72,58,29.120440,8,0,0
234995102,2500025,15198,1639,2H,96,54,5.656854,4,0,1
234995151,2500025,7957,1639,2H,86,64,19.798990,14,0,0
234995163,2500025,9194,1623,2H,96,27,23.345235,23,0,0
234995239,2500025,9194,1623,2H,90,49,10.049876,1,0,0
234995259,2500025,7919,1623,2H,95,48,5.385165,2,1,0
234995391,2500025,7919,1623,2H,68,41,33.241540,9,0,0
234995401,2500025,32636,1623,2H,93,46,8.062258,4,1,0
234995402,2500025,293687,1623,2H,96,50,4.000000,0,0,0
234995403,2500025,32636,1623,2H,96,45,6.403124,5,0,1
234995442,2500025,9194,1623,2H,91,53,9.486833,3,1,0
234995501,2500025,7879,1623,2H,89,38,16.278821,12,0,0
234995514,2500025,32636,1623,2H,93,49,7.071068,1,1,1
234995540,2500025,293687,1623,2H,96,38,12.649111,12,0,0
234995573,2500025,7879,1623,2H,88,65,19.209373,15,0,0
250346556,2500026,7885,1619,1H,79,35,25.806976,15,0,0
250346573,2500026,25571,10531,1H,87,30,23.853721,20,0,0
250346583,2500026,8498,10531,1H,74,62,28.635642,12,0,0
250347049,2500026,25571,10531,1H,88,52,12.165525,2,1,0
250347073,2500026,8953,1619,1H,76,34,28.844410,16,0,0
250347106,2500026,8953,1619,1H,87,63,18.384776,13,0,0
250347266,2500026,10252,10531,1H,92,62,14.422205,12,1,0
250347319,2500026,8953,1619,1H,90,34,18.867962,16,0,0
250347341,2500026,8116,1619,1H,84,56,17.088007,6,0,0
250347432,2500026,25572,10531,1H,91,76,27.513633,26,0,0
250347566,2500026,8192,10531,2H,76,41,25.632011,9,0,0
250347603,2500026,8953,1619,2H,80,68,26.907248,18,0,0
250347765,2500026,8953,1619,2H,93,48,7.280110,2,1,0
250347853,2500026,343951,10531,2H,80,56,20.880613,6,0,0
250347915,2500026,8953,1619,2H,90,45,11.180340,5,0,0
250347916,2500026,20857,1619,2H,99,51,1.414214,1,0,1
250348008,2500026,8953,1619,2H,92,38,14.422205,12,1,0
250348119,2500026,61962,10531,2H,78,39,24.596748,11,0,0
250348129,2500026,8384,1619,2H,90,70,22.360680,20,0,0
250348186,2500026,20857,1619,2H,78,76,34.058773,26,0,0
250348226,2500026,343951,10531,2H,88,58,14.422205,8,0,0
250348258,2500026,21164,10531,2H,77,32,29.206164,18,0,0
250361108,2500026,25571,10531,2H,68,23,41.868843,27,0,0
250597489,2500027,12536,1613,1H,86,70,24.413111,20,0,0
250597589,2500027,230883,1613,1H,88,34,20.000000,16,0,0
250597811,2500027,61967,1624,1H,87,61,17.029386,11,0,0
250597942,2500027,8833,1613,1H,91,49,9.055385,1,1,0
250597973,2500027,8717,1624,1H,92,31,20.615528,19,0,0
250597997,2500027,48,1624,1H,76,35,28.301943,15,0,0
250598042,2500027,12536,1613,1H,96,54,5.656854,4,1,0
250598120,2500027,25804,1624,1H,87,40,16.401219,10,1,0
250598143,2500027,8717,1624,1H,88,63,17.691806,13,0,0
250598255,2500027,12536,1613,1H,90,45,11.180340,5,0,0
250598259,2500027,9227,1613,1H,80,65,25.000000,15,0,0
250598325,2500027,8620,1613,2H,88,52,12.165525,2,1,0
250598412,2500027,8717,1624,2H,86,47,14.317821,3,0,1
250598466,2500027,61967,1624,2H,89,54,11.704700,4,1,0
250598610,2500027,7978,1613,2H,93,39,13.038405,11,0,0
250598623,2500027,230883,1613,2H,93,33,18.384776,17,0,0
250598638,2500027,13484,1624,2H,87,56,14.317821,6,0,0
250598648,2500027,8717,1624,2H,77,56,23.769729,6,0,0
250598740,2500027,254898,1613,2H,77,33,28.600699,17,0,0
250598945,2500027,293686,1613,2H,92,31,20.615528,19,0,0
250599096,2500027,8292,1624,2H,90,66,18.867962,16,0,0
250599187,2500027,3327,1613,2H,88,37,17.691806,13,0,0
250599288,2500027,7978,1613,2H,89,37,17.029386,13,1,0
250788288,2500028,14703,1633,1H,82,41,20.124612,9,0,0
250788367,2500028,3413,1611,1H,69,46,31.256999,4,0,0
250788414,2500028,14703,1633,1H,92,51,8.062258,1,1,0
250788525,2500028,37725,1633,1H,92,36,16.124515,14,1,0
250788607,2500028,397174,1611,1H,79,56,21.840330,6,0,0
250788634,2500028,7934,1611,1H,73,47,27.166155,3,0,0
250788693,2500028,3361,1611,1H,88,64,18.439089,14,0,0
250788697,2500028,8135,1611,1H,93,33,18.384776,17,0,0
250788843,2500028,8582,1633,1H,72,27,36.235342,23,0,0
250788929,2500028,8135,1611,1H,79,44,21.840330,6,0,0
250789052,2500028,7936,1611,1H,71,40,30.675723,10,0,0
250789059,2500028,70965,1633,1H,97,59,9.486833,9,0,0
250789161,2500028,7934,1611,1H,75,37,28.178006,13,0,0
250789241,2500028,7934,1611,2H,86,63,19.104973,13,0,0
250789274,2500028,7936,1611,2H,90,41,13.453624,9,1,0
250789342,2500028,7936,1611,2H,67,25,41.400483,25,0,0
250789440,2500028,7934,1611,2H,81,40,21.470911,10,0,0
250789564,2500028,7936,1611,2H,90,41,13.453624,9,1,0
250789649,2500028,7922,1611,2H,94,62,13.416408,12,1,0
250789729,2500028,7936,1611,2H,54,17,56.612719,33,0,0
250789756,2500028,7936,1611,2H,89,23,29.154759,27,0,0
250790166,2500028,14703,1633,2H,93,30,21.189620,20,0,0
250790210,2500028,8561,1633,2H,76,60,26.000000,10,0,0
239106833,2500029,49971,1639,1H,80,51,20.024984,1,0,0
239106848,2500029,49872,1639,1H,86,67,22.022716,17,0,0
239107181,2500029,7870,1609,1H,94,61,12.529964,11,0,0
239107212,2500029,49872,1639,1H,74,58,27.202941,8,0,0
239107297,2500029,7870,1609,1H,79,65,25.806976,15,0,0
239107353,2500029,167145,1609,1H,88,73,25.942244,23,0,0
239107532,2500029,120339,1609,1H,72,76,38.209946,26,0,0
239107602,2500029,171283,1609,1H,88,46,12.649111,4,1,0
239107845,2500029,7945,1609,2H,90,29,23.259407,21,0,0
239107879,2500029,120339,1609,2H,88,51,12.041595,1,0,0
239107883,2500029,3560,1609,2H,81,30,27.586228,20,0,0
239107990,2500029,7873,1609,2H,75,43,25.961510,7,0,0
239108067,2500029,332605,1639,2H,81,33,25.495098,17,0,0
239108089,2500029,25867,1609,2H,87,34,20.615528,16,0,0
239108101,2500029,25413,1609,2H,97,63,13.341664,13,0,0
239108108,2500029,171283,1609,2H,92,50,8.000000,0,0,0
239108122,2500029,9532,1639,2H,96,33,17.464249,17,0,0
239108207,2500029,3560,1609,2H,87,30,23.853721,20,0,0
239108316,2500029,7870,1609,2H,91,30,21.931712,20,0,0
239108369,2500029,105338,1609,2H,92,65,17.000000,15,0,0
239108377,2500029,25867,1609,2H,87,33,21.400935,17,0,1
239108443,2500029,49876,1609,2H,71,68,34.132096,18,0,0
239108463,2500029,20612,1609,1H,91,46,9.848858,4,1,0
239108472,2500029,171283,1609,1H,88,47,12.369317,3,1,0
239108488,2500029,3319,1609,2H,78,34,27.202941,16,0,0
238959021,2500030,120,1651,1H,88,34,20.000000,16,0,0
238959050,2500030,91381,1651,1H,86,31,23.600847,19,0,0
238959063,2500030,3928,1631,1H,90,44,11.661904,6,1,0
238959433,2500030,26150,1631,1H,91,77,28.460499,27,0,0
238959548,2500030,8416,1651,1H,87,62,17.691806,12,0,0
238959604,2500030,8416,1651,1H,88,53,12.369317,3,0,0
238959641,2500030,91381,1651,1H,79,29,29.698485,21,0,0
238959789,2500030,15526,1651,2H,76,67,29.410882,17,0,0
238959826,2500030,20855,1651,2H,81,71,28.319605,21,0,0
238959829,2500030,26495,1651,2H,78,35,26.627054,15,0,0
238959946,2500030,91381,1651,2H,89,45,12.083046,5,0,0
238959991,2500030,61961,1651,2H,82,58,19.697716,8,0,0
238960176,2500030,12829,1631,2H,92,32,19.697716,18,0,0
238960212,2500030,9097,1651,2H,92,50,8.000000,0,1,0
238960340,2500030,265366,1631,2H,71,52,29.068884,2,0,0
238960382,2500030,3928,1631,2H,92,55,9.433981,5,1,1
238960558,2500030,12829,1631,2H,97,46,5.000000,4,0,1
238960567,2500030,8242,1651,2H,92,49,8.062258,1,1,0
239136082,2500031,105333,1610,1H,83,36,22.022716,14,0,0
239136166,2500031,105333,1610,1H,89,67,20.248457,17,0,0
239136278,2500031,8625,1610,1H,86,68,22.803509,18,0,0
239136293,2500031,3324,1610,1H,91,48,9.219544,2,1,1
239136376,2500031,8032,1610,1H,93,31,20.248457,19,0,0
239136399,2500031,31528,1610,1H,82,48,18.110770,2,0,0
239136419,2500031,8032,1610,1H,83,39,20.248457,11,0,0
239136530,2500031,8625,1610,2H,84,64,21.260292,14,0,0
239136542,2500031,48,1624,1H,76,39,26.400758,11,0,0
239136599,2500031,13484,1624,1H,92,43,10.630146,7,1,0
239136815,2500031,135103,1610,2H,87,51,13.038405,1,1,0
239136900,2500031,105333,1610,2H,79,37,24.698178,13,0,0
239136908,2500031,8945,1624,1H,72,60,29.732137,10,0,0
239136981,2500031,3350,1610,2H,80,41,21.931712,9,0,0
239137031,2500031,8032,1610,2H,94,32,18.973666,18,0,0
239137175,2500031,54,1624,1H,71,51,29.017236,1,0,0
239137187,2500031,3324,1610,2H,91,42,12.041595,8,0,0
239137299,2500031,54,1624,1H,72,67,32.756679,17,0,0
239137327,2500031,54,1624,1H,69,38,33.241540,12,0,1
239137624,2500031,25553,1610,2H,90,69,21.470911,19,0,0
239137670,2500031,14911,1624,2H,79,68,27.658633,18,0,0
239137677,2500031,13484,1624,2H,89,50,11.000000,0,0,1
239137700,2500031,14911,1624,2H,91,58,12.041595,8,0,0
239137702,2500031,13484,1624,2H,95,52,5.385165,2,0,1
239137868,2500031,20441,1624,2H,95,34,16.763055,16,0,0
238852947,2500032,8422,1628,1H,89,47,11.401754,3,0,0
238853166,2500032,370,1612,1H,90,46,10.770330,4,1,0
238853168,2500032,25747,1612,1H,97,49,3.162278,1,1,0
238853231,2500032,15808,1612,1H,76,47,24.186773,3,0,0
238853437,2500032,15808,1612,1H,72,59,29.410882,9,0,0
238853530,2500032,120353,1612,1H,88,68,21.633308,18,0,0
238853567,2500032,15808,1612,1H,80,72,29.732137,22,0,0
238853704,2500032,38031,1628,2H,88,47,12.369317,3,0,0
238853736,2500032,38031,1628,2H,87,53,13.341664,3,0,0
238853903,2500032,15808,1612,1H,90,63,16.401219,13,1,0
238854007,2500032,120353,1612,1H,82,72,28.425341,22,0,0
238854099,2500032,25747,1612,1H,88,62,16.970563,12,0,0
238854100,2500032,15808,1612,1H,89,65,18.601075,15,0,0
238854102,2500032,25747,1612,1H,91,62,15.000000,12,1,0
238854177,2500032,397168,1628,2H,77,56,23.769729,6,0,0
238854287,2500032,8422,1628,2H,92,27,24.351591,23,0,0
238854322,2500032,25747,1612,2H,96,46,5.656854,4,0,1
238854341,2500032,120353,1612,2H,87,59,15.811388,9,0,0
238854706,2500032,346101,1612,2H,79,66,26.400758,16,0,0
238854722,2500032,120353,1612,2H,93,54,8.062258,4,0,1
238931463,2500033,245364,1625,1H,90,67,19.723083,17,0,1
238931503,2500033,8245,1623,1H,86,35,20.518285,15,1,0
238931526,2500033,9194,1623,1H,94,49,6.082763,1,1,0
238931596,2500033,340386,1625,1H,92,49,8.062258,1,1,1
238931668,2500033,8317,1625,1H,94,32,18.973666,18,0,0
238931679,2500033,11066,1625,1H,77,39,25.495098,11,0,0
238931711,2500033,105339,1625,1H,72,31,33.837849,19,0,0
238931726,2500033,8277,1625,1H,93,61,13.038405,11,0,0
238931740,2500033,70086,1625,1H,88,55,13.000000,5,0,0
238931874,2500033,134502,1625,1H,91,28,23.769729,22,0,0
238931878,2500033,11066,1625,1H,87,48,13.152946,2,0,0
238931985,2500033,11066,1625,1H,78,69,29.068884,19,0,0
238932022,2500033,8317,1625,1H,81,32,26.172505,18,0,0
238932081,2500033,11066,1625,1H,91,58,12.041595,8,0,1
238932094,2500033,38021,1625,1H,86,37,19.104973,13,0,0
238932449,2500033,8317,1625,2H,86,65,20.518285,15,0,0
238932465,2500033,105339,1625,2H,72,35,31.764760,15,0,0
238932515,2500033,9194,1623,2H,81,35,24.207437,15,0,1
238932572,2500033,32636,1623,2H,94,44,8.485281,6,1,0
238932842,2500033,145692,1623,2H,92,51,8.062258,1,1,0
238932857,2500033,245364,1625,2H,80,20,36.055513,30,0,0
238932932,2500033,105339,1625,2H,73,47,27.166155,3,0,0
238933183,2500033,105339,1625,2H,47,50,53.000000,0,0,0
238904012,2500034,7905,1611,1H,86,41,16.643317,9,0,1
238904141,2500034,7905,1611,1H,87,62,17.691806,12,0,0
238904148,2500034,7934,1611,1H,82,62,21.633308,12,0,0
238904237,2500034,7934,1611,1H,83,50,17.000000,0,0,0
238904322,2500034,3361,1611,1H,83,47,17.262677,3,0,1
238904517,2500034,7934,1611,1H,84,52,16.124515,2,0,0
238904727,2500034,7934,1611,1H,88,44,13.416408,6,0,0
238904801,2500034,7936,1611,1H,75,41,26.570661,9,0,0
238905046,2500034,3361,1611,2H,96,55,6.403124,5,1,0
238905062,2500034,7906,1611,2H,95,53,5.830952,3,0,0
238905103,2500034,343951,10531,2H,88,39,16.278821,11,0,0
238905111,2500034,343951,10531,2H,89,60,14.866069,10,0,0
238905367,2500034,77557,10531,2H,88,25,27.730849,25,0,0
238905501,2500034,7905,1611,2H,93,58,10.630146,8,0,0
238914561,2500035,8290,1673,1H,77,46,23.345235,4,0,0
238914744,2500035,9227,1613,1H,86,73,26.925824,23,0,0
238914781,2500035,11078,1673,1H,72,62,30.463092,12,0,0
238914918,2500035,12536,1613,1H,85,52,15.132746,2,0,0
238914943,2500035,9227,1613,1H,89,39,15.556349,11,0,0
238915051,2500035,3523,1613,1H,64,60,37.363083,10,0,0
238915171,2500035,12536,1613,1H,85,26,28.301943,24,0,0
238915205,2500035,12536,1613,1H,81,49,19.026298,1,0,0
238915291,2500035,12536,1613,1H,89,49,11.045361,1,0,0
238915416,2500035,254898,1613,1H,74,39,28.231188,11,0,0
238915421,2500035,38377,1673,2H,82,65,23.430749,15,0,0
238915463,2500035,8620,1613,1H,74,39,28.231188,11,0,0
238915502,2500035,12536,1613,1H,93,55,8.602325,5,0,0
238915517,2500035,55979,1673,2H,90,45,11.180340,5,1,0
238915696,2500035,7967,1613,2H,78,44,22.803509,6,0,0
238916047,2500035,230883,1613,2H,94,56,8.485281,6,0,0
238916091,2500035,70215,1613,2H,76,62,26.832816,12,0,0
238916208,2500035,230883,1613,2H,95,48,5.385165,2,0,1
238916326,2500035,7967,1613,1H,76,51,24.020824,1,0,0
180120282,2500036,14703,1633,1H,89,65,18.601075,15,0,0
180120297,2500036,8677,1633,1H,91,41,12.727922,9,1,0
180120352,2500036,8677,1633,1H,94,38,13.416408,12,1,0
180120494,2500036,20857,1619,1H,92,35,17.000000,15,0,1
180120496,2500036,8677,1633,1H,88,48,12.165525,2,1,0
180120569,2500036,14703,1633,1H,92,54,8.944272,4,1,0
180120577,2500036,8677,1633,1H,95,63,13.928388,13,0,0
180120617,2500036,8116,1619,1H,80,38,23.323808,12,0,0
180120843,2500036,8116,1619,1H,81,55,19.646883,5,0,0
180120885,2500036,61988,1619,1H,92,35,17.000000,15,0,0
180120925,2500036,70389,1619,1H,89,69,21.954498,19,0,0
180120994,2500036,8677,1633,1H,80,26,31.240999,24,0,0
180120995,2500036,7941,1633,1H,98,56,6.324555,6,0,1
180121063,2500036,70389,1619,2H,91,72,23.769729,22,0,0
180121145,2500036,20857,1619,2H,69,53,31.144823,3,0,0
180121172,2500036,383,1619,2H,87,69,23.021729,19,0,0
180121275,2500036,7899,1619,2H,68,27,39.408121,23,0,0
180121375,2500036,25572,1633,2H,94,52,6.324555,2,1,0
180121438,2500036,8116,1619,2H,74,32,31.622777,18,0,0
180121465,2500036,7899,1619,2H,66,34,37.576588,16,0,0
180121483,2500036,7941,1633,2H,73,37,29.966648,13,0,0
180121486,2500036,8384,1619,2H,95,60,11.180340,10,1,0
180121526,2500036,8126,1633,2H,89,49,11.045361,1,1,0
180121600,2500036,8116,1619,2H,69,40,32.572995,10,0,0
180121622,2500036,8116,1619,1H,91,65,17.492856,15,0,0
180121656,2500036,26610,1633,2H,91,43,11.401754,7,1,0
180121670,2500036,26610,1633,2H,92,51,8.062258,1,1,0
180121671,2500036,7941,1633,2H,97,42,8.544004,8,0,1
180121680,2500036,8126,1633,2H,86,43,15.652476,7,1,0
180121720,2500036,8561,1633,2H,76,73,33.241540,23,0,0
238963107,2500037,134102,1659,1H,93,47,7.615773,3,1,0
238963148,2500037,8959,1659,1H,82,30,26.907248,20,0,0
238963404,2500037,302518,1659,1H,77,61,25.495098,11,0,0
238963457,2500037,8903,1644,1H,84,37,20.615528,13,0,0
238963541,2500037,3351,1644,1H,86,56,15.231546,6,0,1
238963643,2500037,9739,1659,1H,87,67,21.400935,17,0,0
238963665,2500037,9277,1659,1H,91,56,10.816654,6,1,0
238963689,2500037,25798,1644,1H,81,37,23.021729,13,0,0
238963712,2500037,8981,1644,1H,87,43,14.764823,7,0,0
238963731,2500037,8959,1659,1H,89,26,26.400758,24,0,0
238963773,2500037,28292,1644,1H,83,51,17.029386,1,0,0
238963823,2500037,92899,1644,1H,81,60,21.470911,10,0,0
238963906,2500037,20593,1644,1H,92,29,22.472205,21,0,0
238963925,2500037,8981,1644,1H,76,44,24.738634,6,0,0
238963965,2500037,302518,1659,2H,82,75,30.805844,25,0,0
238964006,2500037,8903,1644,1H,90,50,10.000000,0,0,0
238964016,2500037,0,1644,1H,83,62,20.808652,12,0,0
238964091,2500037,8903,1644,1H,81,32,26.172505,18,0,0
238964141,2500037,9739,1659,2H,80,55,20.615528,5,0,0
238964300,2500037,8296,1659,2H,92,51,8.062258,1,1,0
238964331,2500037,3351,1644,2H,91,60,13.453624,10,0,0
238964345,2500037,20593,1644,2H,87,38,17.691806,12,0,1
238964443,2500037,92899,1644,2H,74,26,35.383612,24,0,0
238964555,2500037,8351,1659,2H,81,49,19.026298,1,0,0
238964573,2500037,8296,1659,2H,93,52,7.280110,2,0,1
238964789,2500037,8903,1644,2H,82,61,21.095023,11,0,0
238964833,2500037,25798,1644,2H,84,45,16.763055,5,0,0
238912444,2500038,270828,1646,1H,82,34,24.083189,16,0,0
238912530,2500038,3577,1627,1H,91,47,9.486833,3,1,0
238912773,2500038,8944,1646,1H,84,54,16.492423,4,0,0
238912896,2500038,9123,1646,1H,91,47,9.486833,3,0,1
238912922,2500038,8958,1627,1H,86,47,14.317821,3,0,0
238913056,2500038,270828,1646,1H,78,39,24.596748,11,0,0
238913083,2500038,3577,1627,1H,91,57,11.401754,7,1,0
238913090,2500038,8958,1627,1H,87,37,18.384776,13,0,0
238913199,2500038,9206,1646,1H,93,62,13.892444,12,1,0
238913205,2500038,8285,1627,2H,75,71,32.649655,21,0,0
238913302,2500038,9206,1646,1H,87,71,24.698178,21,0,0
238913397,2500038,8958,1627,2H,88,54,12.649111,4,1,0
238913496,2500038,119951,1627,2H,94,34,17.088007,16,1,0
238913755,2500038,3577,1627,2H,86,52,14.142136,2,0,1
238913785,2500038,8285,1627,2H,90,58,12.806248,8,0,0
238913956,2500038,8925,1646,2H,86,34,21.260292,16,0,0
238913997,2500038,9123,1646,2H,75,42,26.248809,8,0,0
238914034,2500038,9206,1646,2H,90,57,12.206556,7,0,0
238914035,2500038,9206,1646,2H,96,48,4.472136,2,1,1
240736757,2500039,11669,1659,1H,89,62,16.278821,12,0,0
240736777,2500039,8296,1659,1H,93,67,18.384776,17,0,0
240736873,2500039,7989,1659,1H,93,58,10.630146,8,1,0
240736893,2500039,9279,1659,1H,91,64,16.643317,14,1,0
240737059,2500039,235555,1628,1H,79,28,30.413813,22,0,0
240737078,2500039,9285,1659,1H,76,48,24.083189,2,0,0
240737208,2500039,8623,1628,1H,89,30,22.825424,20,0,0
240737255,2500039,11669,1659,1H,89,63,17.029386,13,0,0
240737295,2500039,9293,1659,1H,91,36,16.643317,14,1,0
240737354,2500039,454,1628,1H,87,22,30.870698,28,0,0
240737396,2500039,8296,1659,1H,93,61,13.038405,11,0,0
240737409,2500039,454,1628,1H,74,30,32.802439,20,0,0
240737523,2500039,8296,1659,1H,86,53,14.317821,3,0,0
240737525,2500039,11669,1659,1H,89,62,16.278821,12,0,0
240737596,2500039,11669,1659,1H,92,51,8.062258,1,1,0
240737668,2500039,9293,1659,2H,80,35,25.000000,15,0,0
240737680,2500039,302518,1659,2H,72,35,31.764760,15,0,0
240737730,2500039,454,1628,2H,89,51,11.045361,1,0,0
240737782,2500039,8471,1628,2H,93,28,23.086793,22,0,0
240737875,2500039,8422,1628,2H,89,61,15.556349,11,0,0
240737917,2500039,8422,1628,2H,89,40,14.866069,10,0,0
240737968,2500039,245813,1659,2H,79,56,21.840330,6,0,1
240738065,2500039,8422,1628,2H,83,30,26.248809,20,0,0
240738083,2500039,8471,1628,2H,90,32,20.591260,18,0,0
240738092,2500039,245813,1659,2H,87,21,31.780497,29,0,0
240738134,2500039,8422,1628,2H,96,57,8.062258,7,1,0
240738137,2500039,9637,1659,2H,76,66,28.844410,16,0,0
240738163,2500039,8422,1628,2H,82,48,18.110770,2,0,1
240738336,2500039,8471,1628,2H,82,39,21.095023,11,0,0
240738363,2500039,9637,1659,2H,98,54,4.472136,4,0,1
241083997,2500040,8144,1619,1H,87,40,16.401219,10,0,0
241084023,2500040,135114,1619,1H,81,53,19.235384,3,0,0
241084184,2500040,8384,1619,1H,97,57,7.615773,7,0,1
241084444,2500040,25867,1609,1H,88,43,13.892444,7,0,1
241084531,2500040,171283,1609,1H,92,56,10.000000,6,0,0
241084634,2500040,7945,1609,1H,82,40,20.591260,10,0,1
241084659,2500040,49876,1609,1H,70,52,30.066593,2,0,0
241084713,2500040,8144,1619,1H,79,49,21.023796,1,0,0
241084787,2500040,171283,1609,1H,83,43,18.384776,7,0,0
241084855,2500040,25867,1609,2H,91,70,21.931712,20,0,0
241084860,2500040,49876,1609,2H,76,42,25.298221,8,0,0
241084980,2500040,135114,1619,2H,76,58,25.298221,8,0,0
241085044,2500040,268776,1619,2H,92,38,14.422205,12,1,0
241085163,2500040,8384,1619,2H,91,55,10.295630,5,1,0
241085181,2500040,70389,1619,2H,73,60,28.792360,10,0,0
241085248,2500040,268776,1619,2H,73,35,30.886890,15,0,0
241085345,2500040,8953,1619,2H,97,50,3.000000,0,0,1
241085405,2500040,8953,1619,2H,85,49,15.033296,1,0,0
241085423,2500040,120339,1609,2H,77,67,28.600699,17,0,0
241085483,2500040,7945,1609,2H,98,50,2.000000,0,0,0
241085508,2500040,383,1619,2H,94,34,17.088007,16,0,0
241085539,2500040,7945,1609,2H,97,44,6.708204,6,1,1
241085639,2500040,135114,1619,2H,86,36,19.798990,14,0,0
241895133,2500040,230020,1609,2H,76,50,24.000000,0,0,0
240850713,2500041,214654,1673,1H,88,34,20.000000,16,0,0
240850743,2500041,62389,1673,1H,81,51,19.026298,1,0,0
240850748,2500041,62389,1673,1H,76,65,28.301943,15,0,0
240850836,2500041,466,1651,1H,86,47,14.317821,3,0,0
240850860,2500041,247248,1651,1H,83,54,17.464249,4,0,0
240850939,2500041,8416,1651,1H,90,33,19.723083,17,1,0
240851005,2500041,91381,1651,1H,91,31,21.023796,19,0,0
240851269,2500041,247248,1651,1H,78,67,27.802878,17,0,0
240851287,2500041,214654,1673,1H,98,43,7.280110,7,0,1
240851380,2500041,9419,1673,1H,87,58,15.264338,8,0,0
240851382,2500041,8897,1673,1H,87,49,13.038405,1,0,0
240851537,2500041,8290,1673,1H,84,64,21.260292,14,0,0
240851677,2500041,247248,1651,2H,71,64,32.202484,14,0,0
240851684,2500041,9097,1651,2H,90,65,18.027756,15,1,0
240851866,2500041,8086,1651,2H,77,45,23.537205,5,0,0
240851902,2500041,8290,1673,2H,77,51,23.021729,1,0,0
240851922,2500041,214654,1673,2H,92,46,8.944272,4,1,0
240852165,2500041,20855,1651,2H,87,72,25.553865,22,0,0
240852178,2500041,8242,1651,2H,89,44,12.529964,6,1,0
240852187,2500041,8242,1651,2H,87,59,15.811388,9,1,0
240852243,2500041,91381,1651,2H,75,23,36.796739,27,0,0
240852268,2500041,303357,1673,2H,73,31,33.015148,19,0,0
240852385,2500041,214654,1673,2H,87,40,16.401219,10,1,0
240852433,2500041,62389,1673,2H,77,43,24.041631,7,0,0
240852453,2500041,16436,1673,2H,94,60,11.661904,10,0,0
240852481,2500041,9419,1673,2H,73,39,29.154759,11,0,0
241122030,2500042,105333,1610,1H,80,54,20.396078,4,0,0
241122055,2500042,25707,1610,1H,79,65,25.806976,15,0,0
241122231,2500042,14703,1633,1H,93,52,7.280110,2,0,0
241122428,2500042,105333,1610,1H,86,64,19.798990,14,0,0
241122433,2500042,25553,1610,1H,97,41,9.486833,9,1,0
241122628,2500042,3324,1610,1H,95,44,7.810250,6,0,0
241122664,2500042,105333,1610,1H,75,65,29.154759,15,0,0
241122778,2500042,105333,1610,1H,87,52,13.152946,2,0,0
241122795,2500042,25553,1610,1H,95,54,6.403124,4,0,1
241122807,2500042,14703,1633,2H,80,45,20.615528,5,0,0
241122920,2500042,14748,1610,1H,62,62,39.849718,12,0,0
241123159,2500042,105333,1610,2H,91,56,10.816654,6,0,0
241123191,2500042,7941,1633,2H,86,55,14.866069,5,0,1
241123268,2500042,14703,1633,2H,84,53,16.278821,3,0,0
241123297,2500042,8625,1610,2H,86,61,17.804494,11,0,0
241123352,2500042,3324,1610,2H,93,57,9.899495,7,1,0
241123428,2500042,25707,1610,2H,81,55,19.646883,5,0,0
241123589,2500042,8625,1610,2H,87,57,14.764823,7,0,0
241123644,2500042,3324,1610,2H,86,49,14.035669,1,1,0
241123672,2500042,8032,1610,2H,82,36,22.803509,14,0,0
241123693,2500042,25707,1610,2H,88,57,13.892444,7,0,0
241123743,2500042,25707,1610,2H,90,65,18.027756,15,0,0
241123780,2500042,26010,1610,2H,88,41,15.000000,9,1,0
241123791,2500042,25707,1610,2H,78,57,23.086793,7,0,0
241123829,2500042,7887,1610,2H,92,36,16.124515,14,1,0
241123839,2500042,3360,1610,2H,81,23,33.015148,27,0,0
241123842,2500042,3360,1610,2H,88,30,23.323808,20,0,0
240705672,2500043,7944,1623,1H,73,58,28.160256,8,0,0
240705720,2500043,116,1612,1H,71,38,31.384710,12,0,0
240705772,2500043,286831,1612,1H,89,48,11.180340,2,1,0
240705781,2500043,32636,1623,1H,82,49,18.027756,1,0,0
240705853,2500043,286831,1612,1H,91,55,10.295630,5,0,0
240705870,2500043,8319,1612,1H,91,26,25.632011,24,0,0
240706005,2500043,9194,1623,1H,72,40,29.732137,10,0,0
240706140,2500043,8319,1612,1H,89,30,22.825424,20,0,0
240706354,2500043,7964,1612,1H,75,64,28.653098,14,0,0
240706391,2500043,25747,1612,1H,76,28,32.557641,22,0,0
240706869,2500043,7868,1612,2H,77,39,25.495098,11,0,0
240706966,2500043,286831,1612,2H,83,52,17.117243,2,0,0
240706968,2500043,286831,1612,2H,87,49,13.038405,1,0,0
240707040,2500043,293687,1623,2H,86,26,27.784888,24,0,0
240707304,2500043,32636,1623,2H,93,41,11.401754,9,1,0
240707323,2500043,293687,1623,2H,89,34,19.416488,16,0,0
240842333,2500044,8488,1631,1H,93,52,7.280110,2,1,0
240842485,2500044,230883,1613,1H,95,59,10.295630,9,1,0
240842492,2500044,12536,1613,1H,89,52,11.180340,2,1,0
240842560,2500044,277002,1631,1H,77,43,24.041631,7,0,0
240842819,2500044,7967,1613,1H,83,48,17.117243,2,0,1
240843103,2500044,70403,1631,2H,73,57,27.892651,7,0,0
240843123,2500044,26150,1631,2H,86,63,19.104973,13,0,0
240843130,2500044,12829,1631,2H,89,43,13.038405,7,1,0
240843351,2500044,230883,1613,2H,69,78,41.773197,28,0,0
240843357,2500044,254898,1613,2H,80,33,26.248809,17,0,0
240843504,2500044,8488,1631,2H,94,43,9.219544,7,1,0
240843588,2500044,12829,1631,2H,98,46,4.472136,4,0,1
240843603,2500044,230883,1613,2H,77,41,24.698178,9,0,1
240843771,2500044,9227,1613,2H,78,46,22.360680,4,0,0
240776984,2500045,70083,1625,1H,72,49,28.017851,1,0,0
240777282,2500045,8317,1625,1H,72,35,31.764760,15,0,0
240777310,2500045,265673,1625,1H,94,54,7.211103,4,0,0
240777378,2500045,8307,1625,1H,92,50,8.000000,0,1,1
240777463,2500045,14808,1625,1H,90,44,11.661904,6,0,1
240777514,2500045,11066,1625,1H,90,51,10.049876,1,0,0
240777574,2500045,11066,1625,1H,87,58,15.264338,8,0,0
240777674,2500045,11066,1625,1H,87,40,16.401219,10,0,0
240777700,2500045,14808,1625,1H,90,47,10.440307,3,1,0
240777846,2500045,7936,1611,2H,78,40,24.166092,10,0,0
240777868,2500045,14808,1625,2H,88,54,12.649111,4,0,0
240777921,2500045,7936,1611,2H,93,58,10.630146,8,0,1
240777946,2500045,7936,1611,2H,94,46,7.211103,4,1,1
240778032,2500045,7934,1611,2H,76,37,27.294688,13,0,0
240778151,2500045,7922,1611,2H,94,54,7.211103,4,0,1
240778238,2500045,14808,1625,2H,70,41,31.320920,9,0,0
240778347,2500045,340386,1625,2H,89,49,11.045361,1,0,0
240778407,2500045,340386,1625,2H,75,67,30.232433,17,0,0
240778476,2500045,8325,1625,2H,93,46,8.062258,4,1,0
240778487,2500045,11066,1625,2H,97,48,3.605551,2,0,0
240778547,2500045,8307,1625,2H,89,38,16.278821,12,0,0
240758192,2500046,15054,1639,1H,92,49,8.062258,1,0,0
240758328,2500046,14911,1624,1H,90,26,26.000000,24,0,0
240758358,2500046,54,1624,1H,87,73,26.419690,23,0,0
240758480,2500046,14911,1624,1H,89,52,11.180340,2,0,0
240758533,2500046,54,1624,1H,75,50,25.000000,0,0,0
240758704,2500046,107,1639,1H,81,27,29.832868,23,0,0
240758917,2500046,15054,1639,2H,83,70,26.248809,20,0,0
240759036,2500046,54,1624,2H,90,59,13.453624,9,0,1
240759056,2500046,15054,1639,2H,88,43,13.892444,7,0,1
240759189,2500046,7957,1639,2H,77,59,24.698178,9,0,0
240759195,2500046,399514,1639,2H,93,50,7.000000,0,1,0
240759326,2500046,25785,1624,2H,86,71,25.238859,21,0,0
240759356,2500046,20441,1624,2H,80,67,26.248809,17,0,0
240759385,2500046,8717,1624,2H,86,35,20.518285,15,0,0
240759386,2500046,13484,1624,2H,92,46,8.944272,4,1,0
240759509,2500046,20441,1624,2H,81,57,20.248457,7,0,0
240759514,2500046,8731,1639,2H,96,44,7.211103,6,1,0
240759631,2500046,8717,1624,2H,86,68,22.803509,18,0,0
240759644,2500046,77548,1639,2H,87,58,15.264338,8,0,0
240759697,2500046,210044,1624,2H,77,46,23.345235,4,0,0
240781291,2500047,8903,1644,1H,89,46,11.704700,4,1,0
240781330,2500047,9123,1646,1H,87,33,21.400935,17,1,0
240781364,2500047,20593,1644,1H,88,45,13.000000,5,0,0
240781381,2500047,20593,1644,1H,89,31,21.954498,19,0,0
240781385,2500047,20593,1644,1H,72,40,29.732137,10,0,0
240781602,2500047,8925,1646,1H,88,40,15.620499,10,0,0
240781608,2500047,25798,1644,1H,71,54,29.274562,4,0,0
240781639,2500047,20593,1644,1H,88,50,12.000000,0,0,0
240781649,2500047,8903,1644,1H,87,57,14.764823,7,0,0
240781768,2500047,3351,1644,1H,80,64,24.413111,14,0,0
240781913,2500047,160,1644,2H,86,63,19.104973,13,0,0
240781956,2500047,8925,1646,2H,81,44,19.924859,6,0,0
240782015,2500047,160,1644,2H,73,53,27.166155,3,0,0
240782094,2500047,20593,1644,2H,89,42,13.601471,8,0,1
240782255,2500047,9127,1646,2H,95,57,8.602325,7,0,1
240782287,2500047,8125,1646,2H,97,47,4.242641,3,1,1
240782363,2500047,20505,1644,2H,93,50,7.000000,0,1,0
240782475,2500047,9206,1646,2H,97,41,9.486833,9,0,0
240782560,2500047,25798,1644,2H,78,31,29.068884,19,0,0
240886961,2500048,8958,1627,1H,93,46,8.062258,4,0,0
240887042,2500048,8958,1627,1H,84,52,16.124515,2,0,0
240887046,2500048,8370,1627,1H,74,24,36.769553,26,0,0
240887081,2500048,8285,1627,1H,76,68,30.000000,18,0,0
240887107,2500048,9414,1627,1H,82,40,20.591260,10,0,0
240887398,2500048,25572,10531,1H,80,57,21.189620,7,0,0
240887547,2500048,343951,10531,1H,75,60,26.925824,10,0,0
240887586,2500048,8958,1627,1H,93,64,15.652476,14,0,0
240887590,2500048,8530,1627,1H,92,36,16.124515,14,0,0
240887688,2500048,8530,1627,2H,81,46,19.416488,4,0,0
240887740,2500048,3577,1627,2H,90,54,10.770330,4,1,0
240887804,2500048,119951,1627,2H,91,55,10.295630,5,0,0
240887816,2500048,8958,1627,2H,97,56,6.708204,6,0,1
240887819,2500048,25572,10531,1H,89,42,13.601471,8,0,0
240888040,2500048,8192,10531,2H,83,33,24.041631,17,0,0
240888185,2500048,343951,10531,2H,91,66,18.357560,16,1,0
240888187,2500048,8530,1627,2H,91,32,20.124612,18,0,0
240888393,2500048,343951,10531,2H,91,53,9.486833,3,1,1
240888444,2500048,3577,1627,2H,92,35,17.000000,15,0,0
240888446,2500048,9414,1627,2H,82,73,29.206164,23,0,0
240888468,2500048,8336,10531,2H,75,73,33.970576,23,0,0
240888495,2500048,8285,1627,2H,84,61,19.416488,11,0,0
240888499,2500048,8370,1627,2H,77,57,24.041631,7,0,0
242798560,2500049,26150,1631,1H,88,38,16.970563,12,0,0
242798562,2500049,9206,1646,1H,89,42,13.601471,8,0,0
242798564,2500049,9206,1646,1H,95,39,12.083046,11,0,1
242798602,2500049,10108,1646,1H,96,46,5.656854,4,1,1
242798790,2500049,12829,1631,1H,91,60,13.453624,10,1,0
242798928,2500049,26150,1631,1H,94,61,12.529964,11,1,0
242799140,2500049,12829,1631,1H,92,46,8.944272,4,1,0
242799229,2500049,70403,1631,2H,76,54,24.331050,4,0,0
242799351,2500049,8653,1631,2H,87,53,13.341664,3,0,0
242799369,2500049,419784,1631,2H,71,42,30.083218,8,0,0
242799396,2500049,9206,1646,2H,76,36,27.784888,14,0,0
242799440,2500049,8433,1646,2H,83,34,23.345235,16,0,0
242799463,2500049,283142,1631,2H,82,21,34.132096,29,0,0
242799499,2500049,93,1646,2H,74,40,27.856777,10,0,0
242799536,2500049,70403,1631,2H,76,48,24.083189,2,0,0
242799612,2500049,12829,1631,2H,91,58,12.041595,8,0,1
242799683,2500049,285508,1631,2H,87,36,19.104973,14,0,0
242799687,2500049,8284,1646,2H,87,70,23.853721,20,0,0
242799697,2500049,9123,1646,2H,89,59,14.212670,9,0,0
242799762,2500049,285508,1631,2H,68,46,32.249031,4,0,0
242799940,2500049,12829,1631,2H,87,44,14.317821,6,0,0
242802595,2500050,8471,1628,1H,77,26,33.241540,24,0,0
242802628,2500050,127537,1628,1H,97,68,18.248288,18,0,0
242802631,2500050,8422,1628,1H,97,49,3.162278,1,0,1
242802651,2500050,454,1628,1H,92,28,23.409400,22,0,0
242802752,2500050,7988,1628,1H,75,28,33.301652,22,0,0
242802756,2500050,8471,1628,1H,74,34,30.528675,16,0,0
242802771,2500050,8554,1628,1H,93,60,12.206556,10,1,0
242802775,2500050,8623,1628,1H,92,45,9.433981,5,0,0
242802776,2500050,8554,1628,1H,91,53,9.486833,3,0,1
242802840,2500050,8416,1651,1H,98,46,4.472136,4,0,1
242802885,2500050,15526,1651,1H,75,79,38.288379,29,0,0
242802901,2500050,8422,1628,1H,93,38,13.892444,12,1,1
242802945,2500050,91381,1651,1H,93,34,17.464249,16,0,0
242803046,2500050,8422,1628,1H,73,55,27.459060,5,0,0
242803142,2500050,91381,1651,1H,91,31,21.023796,19,0,1
242803234,2500050,127537,1628,1H,81,37,23.021729,13,0,0
242803366,2500050,8422,1628,2H,78,37,25.553865,13,0,0
242803391,2500050,8471,1628,2H,78,38,25.059928,12,0,0
242803640,2500050,8416,1651,2H,96,59,9.848858,9,0,0
242803737,2500050,8416,1651,2H,87,58,15.264338,8,0,0
242803883,2500050,8422,1628,2H,89,68,21.095023,18,0,0
242803960,2500050,8086,1651,2H,77,60,25.079872,10,0,0
242803964,2500050,8242,1651,2H,90,52,10.198039,2,1,0
242804018,2500050,8242,1651,2H,90,54,10.770330,4,1,0
242924778,2500051,214654,1673,1H,87,69,23.021729,19,0,0
242925228,2500051,8903,1644,1H,85,43,16.552945,7,0,0
242925260,2500051,62389,1673,1H,74,70,32.802439,20,0,0
242925309,2500051,28292,1644,1H,71,32,34.132096,18,0,0
242925350,2500051,28292,1644,1H,89,69,21.954498,19,0,0
242925876,2500051,9419,1673,2H,89,43,13.038405,7,0,0
242925878,2500051,214654,1673,2H,87,50,13.000000,0,0,0
242925921,2500051,173,1673,2H,81,25,31.400637,25,0,0
242926156,2500051,8897,1673,2H,77,57,24.041631,7,0,0
242926240,2500051,14688,1644,2H,86,41,16.643317,9,0,0
242926315,2500051,9419,1673,2H,90,44,11.661904,6,0,1
242903899,2500052,120353,1612,1H,94,61,12.529964,11,0,0
242903923,2500052,9739,1659,1H,75,50,25.000000,0,0,0
242904001,2500052,25747,1612,1H,90,59,13.453624,9,1,0
242904003,2500052,25747,1612,1H,95,53,5.830952,3,0,1
242904212,2500052,120353,1612,1H,82,64,22.803509,14,0,0
242904294,2500052,25747,1612,1H,87,65,19.849433,15,0,0
242904323,2500052,25747,1612,1H,85,41,17.492856,9,0,0
242904383,2500052,120353,1612,1H,83,49,17.029386,1,0,0
242904601,2500052,7868,1612,1H,76,53,24.186773,3,0,0
242904798,2500052,9277,1659,2H,86,21,32.202484,29,1,0
242904817,2500052,25747,1612,1H,88,59,15.000000,9,1,0
242905228,2500052,7989,1659,2H,89,57,13.038405,7,0,0
242905239,2500052,370,1612,2H,68,35,35.341194,15,0,0
242905247,2500052,9637,1659,2H,85,30,25.000000,20,0,0
242905253,2500052,9637,1659,2H,85,38,19.209373,12,0,0
242905283,2500052,11669,1659,2H,92,32,19.697716,18,0,0
242905325,2500052,9637,1659,2H,88,31,22.472205,19,0,0
242905385,2500052,120353,1612,2H,83,48,17.117243,2,0,0
242905428,2500052,120353,1612,2H,84,61,19.416488,11,0,0
242905504,2500052,120353,1612,2H,89,59,14.212670,9,1,1
242905523,2500052,25747,1612,2H,79,54,21.377558,4,0,0
242905548,2500052,15808,1612,2H,89,55,12.083046,5,0,0
242905619,2500052,7868,1612,2H,74,52,26.076810,2,0,0
242905701,2500052,7868,1612,2H,72,53,28.160256,3,0,0
242905716,2500052,15808,1612,2H,87,34,20.615528,16,0,1
242905729,2500052,222220,1612,2H,88,27,25.942244,23,0,0
243241191,2500053,8285,1627,1H,89,57,13.038405,7,0,0
243241229,2500053,3577,1627,1H,92,60,12.806248,10,1,0
243241237,2500053,7936,1611,1H,70,35,33.541020,15,0,0
243241433,2500053,8370,1627,1H,74,42,27.202941,8,0,0
243241438,2500053,3577,1627,1H,93,62,13.892444,12,1,0
243241574,2500053,7905,1611,1H,87,50,13.000000,0,0,0
243241599,2500053,8370,1627,1H,79,36,25.238859,14,0,0
243241776,2500053,7936,1611,1H,71,31,34.669872,19,0,0
243241818,2500053,3577,1627,2H,87,52,13.152946,2,1,0
243241923,2500053,9414,1627,2H,80,33,26.248809,17,0,0
243241991,2500053,70122,1611,1H,70,45,30.413813,5,0,0
243242023,2500053,8958,1627,2H,69,50,31.000000,0,0,0
243242170,2500053,7936,1611,1H,73,20,40.360872,30,0,0
243242198,2500053,8958,1627,2H,97,49,3.162278,1,1,1
243242305,2500053,8530,1627,2H,85,28,26.627054,22,0,0
243242323,2500053,7936,1611,1H,77,51,23.021729,1,0,0
243242400,2500053,7934,1611,2H,86,57,15.652476,7,0,0
243242529,2500053,7906,1611,2H,80,57,21.189620,7,0,0
243242669,2500053,7905,1611,2H,91,57,11.401754,7,1,0
243242722,2500053,7934,1611,2H,78,57,23.086793,7,0,0
243242788,2500053,134513,1611,2H,88,47,12.369317,3,0,0
243242980,2500053,7922,1611,2H,91,41,12.727922,9,1,0
243186272,2500054,25413,1609,1H,83,56,18.027756,6,0,0
243186494,2500054,25413,1609,1H,92,56,10.000000,6,0,1
243186528,2500054,254898,1613,1H,71,50,29.000000,0,0,0
243186529,2500054,25867,1609,1H,91,36,16.643317,14,0,0
243186591,2500054,230020,1609,1H,89,54,11.704700,4,0,0
243186847,2500054,171283,1609,1H,74,55,26.476405,5,0,0
243186885,2500054,171283,1609,1H,93,54,8.062258,4,0,0
243186920,2500054,171283,1609,1H,91,55,10.295630,5,1,0
243186951,2500054,230883,1613,1H,93,57,9.899495,7,0,1
243187165,2500054,9227,1613,1H,86,67,22.022716,17,0,0
243187412,2500054,230020,1609,2H,79,75,32.649655,25,0,0
243187572,2500054,9227,1613,2H,73,57,27.892651,7,0,0
243187581,2500054,9227,1613,2H,87,58,15.264338,8,0,1
243187723,2500054,254898,1613,2H,94,30,20.880613,20,0,0
243187808,2500054,230883,1613,2H,97,38,12.369317,12,0,0
243187818,2500054,120339,1609,2H,71,53,29.154759,3,0,0
243187858,2500054,230020,1609,2H,84,51,16.031220,1,0,0
243187871,2500054,25413,1609,2H,98,70,20.099751,20,0,0
243187999,2500054,7945,1609,2H,76,54,24.331050,4,0,0
243188065,2500054,25867,1609,1H,77,35,27.459060,15,0,0
242781832,2500055,25707,1610,1H,86,41,16.643317,9,0,0
242781923,2500055,22889,1610,1H,76,62,26.832816,12,0,0
242782082,2500055,3324,1610,1H,95,47,5.830952,3,1,0
242782107,2500055,22889,1610,1H,75,57,25.961510,7,0,0
242782300,2500055,7887,1610,1H,67,32,37.589892,18,0,0
242782302,2500055,383,1619,1H,89,48,11.180340,2,0,1
242782430,2500055,3350,1610,1H,73,30,33.600595,20,0,0
242782440,2500055,135103,1610,1H,92,48,8.246211,2,1,0
242782520,2500055,3324,1610,2H,77,38,25.942244,12,0,0
242782558,2500055,8384,1619,1H,69,42,32.015621,8,0,0
242782598,2500055,8144,1619,1H,79,52,21.095023,2,0,0
242782665,2500055,703,1619,1H,92,46,8.944272,4,1,0
242782681,2500055,3350,1610,2H,87,52,13.152946,2,0,0
242782690,2500055,25707,1610,2H,94,70,20.880613,20,0,0
242782696,2500055,105333,1610,2H,82,51,18.027756,1,0,0
242782902,2500055,8384,1619,2H,85,50,15.000000,0,0,0
242782946,2500055,26010,1610,2H,90,47,10.440307,3,1,1
242782947,2500055,240032,1619,2H,90,37,16.401219,13,0,1
242782976,2500055,31528,1610,2H,75,65,29.154759,15,0,0
242782990,2500055,25707,1610,2H,93,52,7.280110,2,0,1
242783019,2500055,26010,1610,2H,88,51,12.041595,1,0,1
242783031,2500055,3360,1610,2H,76,51,24.020824,1,0,0
242783036,2500055,3350,1610,2H,76,63,27.294688,13,0,0
242783356,2500055,135114,1619,2H,87,52,13.152946,2,1,0
242783399,2500055,302520,1619,2H,87,34,20.615528,16,0,0
242783401,2500055,302520,1619,2H,87,33,21.400935,17,0,0
242956429,2500056,61962,10531,1H,77,77,35.468296,27,0,0
242956479,2500056,61962,10531,1H,72,40,29.732137,10,0,0
242956550,2500056,8498,10531,1H,85,45,15.811388,5,0,0
242956640,2500056,61962,10531,1H,82,65,23.430749,15,0,0
242956696,2500056,25571,10531,1H,88,40,15.620499,10,0,0
242956714,2500056,21164,10531,1H,93,45,8.602325,5,1,0
242956716,2500056,8976,10531,1H,91,75,26.570661,25,0,0
242956785,2500056,7879,1623,1H,87,64,19.104973,14,0,0
242956833,2500056,9194,1623,1H,69,27,38.600518,23,0,0
242956861,2500056,25572,10531,1H,89,41,14.212670,9,0,0
242956907,2500056,7919,1623,1H,96,65,15.524175,15,1,0
242956946,2500056,9194,1623,1H,88,32,21.633308,18,0,0
242956948,2500056,25706,1623,1H,92,41,12.041595,9,0,0
242957168,2500056,32636,1623,2H,89,38,16.278821,12,0,0
242957214,2500056,8498,10531,2H,90,47,10.440307,3,1,0
242957224,2500056,25706,1623,2H,90,54,10.770330,4,1,0
242957333,2500056,8498,10531,2H,79,72,30.413813,22,0,0
242957352,2500056,7944,1623,2H,75,52,25.079872,2,0,0
242957377,2500056,25572,10531,2H,87,63,18.384776,13,0,0
242957500,2500056,8240,1623,2H,93,55,8.602325,5,0,0
242957506,2500056,9194,1623,2H,87,28,25.553865,22,0,0
242957732,2500056,25571,10531,2H,89,69,21.954498,19,0,0
242957773,2500056,77552,10531,2H,80,68,26.907248,18,0,0
242957793,2500056,25571,10531,2H,88,33,20.808652,17,0,1
242957834,2500056,343951,10531,2H,89,53,11.401754,3,0,0
242912187,2500057,245364,1625,1H,89,43,13.038405,7,0,0
242912255,2500057,11066,1625,1H,82,46,18.439089,4,0,0
242912260,2500057,38021,1625,1H,76,70,31.240999,20,0,0
242912441,2500057,14808,1625,1H,79,51,21.023796,1,0,0
242912481,2500057,340386,1625,1H,89,55,12.083046,5,0,1
242912487,2500057,13484,1624,1H,85,36,20.518285,14,0,0
242912544,2500057,245364,1625,1H,96,27,23.345235,23,0,0
242912624,2500057,8317,1625,1H,78,40,24.166092,10,0,0
242912898,2500057,20441,1624,1H,74,57,26.925824,7,0,0
242913149,2500057,54,1624,1H,91,37,15.811388,13,0,0
242913156,2500057,54,1624,1H,93,38,13.892444,12,0,1
242913245,2500057,340386,1625,2H,89,48,11.180340,2,0,0
242913259,2500057,11066,1625,2H,86,51,14.035669,1,0,0
242913329,2500057,11066,1625,2H,93,54,8.062258,4,0,0
242913332,2500057,70086,1625,2H,90,67,19.723083,17,0,0
242913340,2500057,340386,1625,2H,87,32,22.203603,18,0,0
242913342,2500057,11066,1625,2H,96,43,8.062258,7,0,1
242913400,2500057,11066,1625,2H,93,41,11.401754,9,0,0
242913903,2500057,13484,1624,2H,83,46,17.464249,4,0,0
242913924,2500057,14911,1624,2H,79,74,31.890437,24,0,0
242913961,2500057,54,1624,2H,86,43,15.652476,7,0,0
242914008,2500057,40765,1624,2H,76,34,28.844410,16,0,0
243678570,2500058,332605,1639,1H,84,44,17.088007,6,0,0
243678571,2500058,26499,1633,1H,98,24,26.076810,26,0,0
243678753,2500058,49971,1639,1H,88,67,20.808652,17,0,0
243678818,2500058,15054,1639,1H,88,41,15.000000,9,1,0
243679106,2500058,14703,1633,1H,92,69,20.615528,19,0,0
243679135,2500058,15054,1639,1H,82,48,18.110770,2,0,0
243679163,2500058,379209,1633,1H,75,62,27.730849,12,0,0
243679189,2500058,14703,1633,1H,96,58,8.944272,8,0,0
243679193,2500058,26499,1633,1H,72,47,28.160256,3,0,0
243679294,2500058,332605,1639,1H,86,53,14.317821,3,0,0
243679378,2500058,8561,1633,1H,75,52,25.079872,2,0,0
243679490,2500058,8561,1633,2H,76,53,24.186773,3,0,0
243679643,2500058,15054,1639,2H,93,48,7.280110,2,0,0
243679707,2500058,70965,1633,2H,83,49,17.029386,1,0,0
243679724,2500058,8582,1633,2H,41,10,71.281134,40,0,0
243679753,2500058,49872,1639,2H,76,60,26.000000,10,0,0
243679766,2500058,8561,1633,2H,83,32,24.758837,18,0,0
243679835,2500058,265318,1633,2H,77,50,23.000000,0,0,0
243680036,2500058,15054,1639,2H,87,38,17.691806,12,0,0
243680039,2500058,49872,1639,2H,82,52,18.110770,2,0,0
243680041,2500058,8747,1639,2H,97,54,5.000000,4,0,1
243680098,2500058,70965,1633,2H,76,62,26.832816,12,0,0
243680186,2500058,7970,1633,2H,87,51,13.038405,1,0,1
243680231,2500058,41174,1633,2H,80,48,20.099751,2,0,0
244334757,2500059,9739,1659,1H,80,46,20.396078,4,0,0
244334827,2500059,3413,1611,1H,78,61,24.596748,11,0,0
244335014,2500059,134513,1611,1H,74,53,26.172505,3,0,0
244335054,2500059,397178,1611,1H,78,45,22.561028,5,0,0
244335076,2500059,397178,1611,1H,90,65,18.027756,15,0,0
244335081,2500059,62224,1659,1H,92,30,21.540659,20,0,0
244335091,2500059,7922,1611,1H,95,55,7.071068,5,0,1
244335262,2500059,62224,1659,1H,86,43,15.652476,7,0,0
244335266,2500059,3413,1611,1H,78,29,30.413813,21,0,0
244335374,2500059,7936,1611,1H,78,41,23.769729,9,0,0
244335504,2500059,9637,1659,1H,85,72,26.627054,22,0,0
244335602,2500059,134513,1611,2H,90,33,19.723083,17,0,0
244335904,2500059,397178,1611,2H,84,56,17.088007,6,0,0
244335908,2500059,8135,1611,2H,88,27,25.942244,23,0,0
244335955,2500059,397178,1611,2H,77,71,31.144823,21,0,0
244336381,2500059,245813,1659,2H,91,71,22.847319,21,0,0
244336431,2500059,62224,1659,2H,74,44,26.683328,6,0,0
244336453,2500059,7989,1659,2H,81,25,31.400637,25,0,0
244336534,2500059,7905,1611,2H,91,36,16.643317,14,0,1
245377851,2500060,7855,1609,1H,90,52,10.198039,2,1,0
245378048,2500060,70965,1633,1H,82,52,18.110770,2,0,0
245378096,2500060,14703,1633,1H,93,32,19.313208,18,0,0
245378126,2500060,37725,1633,1H,98,51,2.236068,1,1,0
245378127,2500060,167145,1609,1H,88,56,13.416408,6,0,0
245378188,2500060,7945,1609,1H,76,32,30.000000,18,0,0
245378202,2500060,265318,1633,1H,77,70,30.479501,20,0,0
245378306,2500060,7945,1609,1H,77,59,24.698178,9,0,0
245378388,2500060,7945,1609,1H,96,43,8.062258,7,1,0
245378661,2500060,7870,1609,1H,86,62,18.439089,12,0,0
245378751,2500060,3560,1609,2H,90,46,10.770330,4,0,0
245378755,2500060,7941,1633,2H,90,41,13.453624,9,1,0
245378771,2500060,8561,1633,2H,83,50,17.000000,0,0,0
245378774,2500060,14703,1633,2H,93,56,9.219544,6,0,0
245378779,2500060,37725,1633,2H,71,55,29.427878,5,0,0
245378784,2500060,14703,1633,2H,90,35,18.027756,15,0,1
245378789,2500060,3560,1609,2H,88,50,12.000000,0,0,1
245378882,2500060,25413,1609,2H,92,69,20.615528,19,0,0
245378892,2500060,7941,1633,2H,90,36,17.204651,14,1,0
245378904,2500060,230020,1609,2H,77,54,23.345235,4,0,0
245378917,2500060,7870,1609,2H,75,61,27.313001,11,0,0
245378950,2500060,7870,1609,2H,88,65,19.209373,15,0,0
245379204,2500060,49876,1609,2H,75,35,29.154759,15,0,0
245379273,2500060,7945,1609,2H,83,31,25.495098,19,0,0
245379297,2500060,7870,1609,2H,87,17,35.468296,33,0,1
245379308,2500060,25867,1609,2H,87,37,18.384776,13,0,0
245379336,2500060,25413,1609,2H,94,70,20.880613,20,0,1
245379369,2500060,25413,1609,2H,90,59,13.453624,9,0,1
245379399,2500060,49876,1609,2H,88,42,14.422205,8,0,0
244031651,2500061,9097,1651,1H,87,41,15.811388,9,1,0
244031657,2500061,48,1624,1H,75,31,31.400637,19,0,0
244031700,2500061,25950,1651,1H,76,55,24.515301,5,0,0
244031718,2500061,14911,1624,1H,91,28,23.769729,22,0,0
244031798,2500061,26495,1651,1H,76,23,36.124784,27,0,0
244031862,2500061,8086,1651,1H,87,57,14.764823,7,0,0
244031904,2500061,8717,1624,1H,87,37,18.384776,13,0,0
244031929,2500061,40765,1624,1H,73,76,37.483330,26,0,0
244031930,2500061,9097,1651,1H,70,25,39.051248,25,0,0
244032276,2500061,14911,1624,1H,88,45,13.000000,5,0,0
244032348,2500061,8717,1624,2H,92,57,10.630146,7,0,1
244032465,2500061,40765,1624,2H,90,33,19.723083,17,0,0
244032495,2500061,136441,1624,2H,75,63,28.178006,13,0,0
244032781,2500061,54,1624,2H,72,63,30.870698,13,0,0
244032808,2500061,91381,1651,2H,84,17,36.674242,33,0,0
244032820,2500061,36,1624,2H,90,33,19.723083,17,0,0
244033045,2500061,15526,1651,2H,87,34,20.615528,16,0,0
244033046,2500061,8717,1624,2H,69,47,31.144823,3,0,0
244033125,2500061,20441,1624,2H,89,60,14.866069,10,0,0
250591137,2500062,8032,1610,1H,91,27,24.698178,23,0,0
250591224,2500062,105333,1610,1H,76,65,28.301943,15,0,0
250591282,2500062,14748,1610,1H,98,44,6.324555,6,0,0
250591661,2500062,3324,1610,1H,90,55,11.180340,5,0,0
250591974,2500062,3360,1610,1H,83,54,17.464249,4,0,0
250592065,2500062,14748,1610,2H,92,47,8.544004,3,1,0
250592075,2500062,38377,1673,2H,88,55,13.000000,5,0,1
250592316,2500062,8032,1610,2H,90,49,10.049876,1,1,1
250592512,2500062,25707,1610,2H,80,39,22.825424,11,0,0
250592545,2500062,3324,1610,2H,88,33,20.808652,17,0,0
250592607,2500062,8032,1610,2H,88,43,13.892444,7,0,0
250592627,2500062,3350,1610,2H,76,32,30.000000,18,0,0
250592650,2500062,303357,1673,2H,76,53,24.186773,3,0,0
250592698,2500062,14748,1610,2H,91,41,12.727922,9,0,0
250592700,2500062,135103,1610,2H,91,47,9.486833,3,1,0
250592701,2500062,14748,1610,2H,94,44,8.485281,6,0,0
250592708,2500062,14748,1610,2H,87,49,13.038405,1,0,0
250592771,2500062,25707,1610,2H,73,56,27.658633,6,0,0
250592788,2500062,3324,1610,2H,89,35,18.601075,15,0,0
250592797,2500062,105333,1610,2H,83,51,17.029386,1,0,0
250592811,2500062,3350,1610,2H,88,39,16.278821,11,0,0
250592814,2500062,26010,1610,2H,91,45,10.295630,5,0,0
250592889,2500062,26010,1610,2H,88,53,12.369317,3,1,0
245887965,2500063,32636,1623,1H,89,61,15.556349,11,0,0
245888023,2500063,230883,1613,1H,71,58,30.083218,8,0,0
245888232,2500063,9194,1623,1H,85,40,18.027756,10,0,0
245888237,2500063,230883,1613,1H,88,49,12.041595,1,0,0
245888388,2500063,7944,1623,1H,73,59,28.460499,9,0,0
245888470,2500063,8620,1613,1H,71,50,29.000000,0,0,0
245888584,2500063,8245,1623,1H,97,42,8.544004,8,0,0
245888726,2500063,7879,1623,1H,86,69,23.600847,19,0,0
245888789,2500063,7879,1623,2H,91,36,16.643317,14,0,1
245888842,2500063,230883,1613,2H,85,42,17.000000,8,0,0
245888869,2500063,7944,1623,2H,72,32,33.286634,18,0,0
245888904,2500063,254898,1613,2H,79,60,23.259407,10,0,0
245889080,2500063,12536,1613,2H,92,52,8.246211,2,0,0
245889211,2500063,230883,1613,2H,92,32,19.697716,18,0,0
245889242,2500063,230883,1613,2H,89,49,11.045361,1,1,0
244617655,2500064,26150,1631,1H,83,53,17.262677,3,0,0
244617826,2500064,285508,1631,1H,86,58,16.124515,8,0,0
244617830,2500064,285508,1631,1H,85,50,15.000000,0,0,0
244617853,2500064,283142,1631,1H,81,33,25.495098,17,0,0
244617956,2500064,383,1619,1H,82,36,22.803509,14,0,0
244618054,2500064,70403,1631,1H,70,25,39.051248,25,0,0
244618339,2500064,7885,1619,1H,88,81,33.241540,31,0,0
244618413,2500064,70389,1619,1H,91,63,15.811388,13,0,0
244618806,2500064,12829,1631,2H,91,54,9.848858,4,0,0
244618852,2500064,383,1619,2H,77,43,24.041631,7,0,0
244618854,2500064,8384,1619,2H,93,64,15.652476,14,0,0
244618861,2500064,383,1619,2H,75,40,26.925824,10,0,0
244618940,2500064,277002,1631,2H,90,12,39.293765,38,0,0
244619171,2500064,448708,1631,2H,90,43,12.206556,7,1,0
244619177,2500064,265366,1631,2H,79,62,24.186773,12,0,0
244619299,2500064,8953,1619,2H,73,48,27.073973,2,0,0
245422197,2500065,8317,1625,1H,90,34,18.867962,16,0,1
245422302,2500065,11066,1625,1H,97,50,3.000000,0,0,1
245422631,2500065,265673,1625,1H,88,65,19.209373,15,0,0
245422679,2500065,38021,1625,1H,81,64,23.600847,14,0,0
245422743,2500065,340386,1625,1H,89,67,20.248457,17,0,0
245422974,2500065,246866,10531,1H,78,49,22.022716,1,0,0
245423048,2500065,14808,1625,1H,83,51,17.029386,1,0,0
245423109,2500065,38021,1625,2H,78,65,26.627054,15,0,0
245423182,2500065,38021,1625,2H,90,29,23.259407,21,0,0
245423200,2500065,246866,10531,2H,95,58,9.433981,8,1,0
245423267,2500065,38021,1625,2H,72,73,36.235342,23,0,1
245423424,2500065,265673,1625,2H,98,59,9.219544,9,0,1
245423591,2500065,10252,10531,2H,88,40,15.620499,10,0,0
245423710,2500065,70083,1625,2H,80,73,30.479501,23,0,0
245423764,2500065,26136,1625,2H,87,31,23.021729,19,0,0
245423782,2500065,340386,1625,2H,93,56,9.219544,6,1,0
245423794,2500065,8324,1625,2H,75,58,26.248809,8,0,0
245423848,2500065,8307,1625,2H,96,60,10.770330,10,1,0
245423867,2500065,340386,1625,2H,94,56,8.485281,6,1,1
245423903,2500065,14808,1625,2H,89,69,21.954498,19,0,0
245521342,2500066,207164,1639,1H,71,48,29.068884,2,0,0
245521460,2500066,207164,1639,1H,83,52,17.117243,2,0,1
245521520,2500066,49872,1639,1H,74,59,27.513633,9,0,0
245521640,2500066,8284,1646,1H,90,75,26.925824,25,0,0
245521647,2500066,107,1639,1H,83,29,27.018512,21,0,0
245521653,2500066,15054,1639,1H,89,59,14.212670,9,1,0
245521979,2500066,9123,1646,1H,81,40,21.470911,10,0,0
245522088,2500066,9206,1646,1H,92,36,16.124515,14,0,0
245522257,2500066,8731,1639,2H,93,40,12.206556,10,1,0
245522328,2500066,399514,1639,2H,87,31,23.021729,19,0,0
245522469,2500066,8017,1639,2H,82,49,18.027756,1,0,0
245522728,2500066,8125,1646,2H,88,33,20.808652,17,1,0
245522730,2500066,9433,1646,2H,91,40,13.453624,10,1,0
245522799,2500066,9433,1646,2H,96,43,8.062258,7,1,0
245522801,2500066,9123,1646,2H,98,46,4.472136,4,0,1
245522832,2500066,8643,1646,2H,74,41,27.513633,9,0,0
245522833,2500066,8433,1646,2H,91,53,9.486833,3,0,0
245522979,2500066,9127,1646,2H,87,50,13.000000,0,1,0
245523064,2500066,93,1646,2H,77,46,23.345235,4,0,0
245523066,2500066,93,1646,2H,87,36,19.104973,14,0,0
245523084,2500066,93,1646,2H,78,58,23.409400,8,0,0
245050038,2500067,8981,1644,1H,90,34,18.867962,16,0,0
245050072,2500067,68085,1644,1H,90,62,15.620499,12,1,0
245050285,2500067,9403,1644,1H,90,43,12.206556,7,1,0
245050286,2500067,9403,1644,1H,90,41,13.453624,9,0,0
245050293,2500067,20593,1644,1H,75,25,35.355339,25,0,0
245050471,2500067,28292,1644,1H,82,66,24.083189,16,0,0
245050520,2500067,8981,1644,1H,79,60,23.259407,10,0,0
245050544,2500067,8903,1644,1H,79,38,24.186773,12,0,0
245050575,2500067,8889,1644,1H,80,62,23.323808,12,0,0
245050878,2500067,8554,1628,1H,91,66,18.357560,16,1,0
245050897,2500067,7988,1628,1H,73,61,29.154759,11,0,0
245050948,2500067,377071,1644,2H,98,67,17.117243,17,0,0
245051059,2500067,377071,1644,2H,90,31,21.470911,19,0,0
245051071,2500067,8903,1644,2H,81,48,19.104973,2,0,0
245051385,2500067,454,1628,2H,73,33,31.906112,17,0,0
245051396,2500067,8554,1628,2H,90,54,10.770330,4,1,0
245051419,2500067,235555,1628,2H,86,32,22.803509,18,0,0
244988360,2500068,8955,1612,1H,91,44,10.816654,6,0,1
244988489,2500068,120353,1612,1H,90,72,24.166092,22,0,0
244988664,2500068,8370,1627,1H,75,31,31.400637,19,0,0
244988735,2500068,8955,1612,1H,92,57,10.630146,7,1,0
244988743,2500068,9414,1627,1H,87,66,20.615528,16,0,0
244988911,2500068,8958,1627,1H,91,33,19.235384,17,1,0
244989004,2500068,8955,1612,1H,92,52,8.246211,2,0,0
244989082,2500068,5281,1627,1H,47,55,53.235327,5,0,0
244989316,2500068,8530,1627,2H,83,34,23.345235,16,0,0
244989395,2500068,120353,1612,2H,75,44,25.709920,6,0,0
244989460,2500068,119951,1627,2H,87,42,15.264338,8,1,0
244989570,2500068,120353,1612,2H,86,32,22.803509,18,0,1
244989741,2500068,8360,1627,2H,84,39,19.416488,11,0,0
244989757,2500068,15808,1612,2H,89,35,18.601075,15,1,0
244989885,2500068,8319,1612,2H,83,46,17.464249,4,0,0
244989909,2500068,8360,1627,2H,92,43,10.630146,7,0,0
244989912,2500068,8285,1627,2H,91,38,15.000000,12,0,1
244989982,2500068,3577,1627,2H,90,66,18.867962,16,0,0
244990000,2500068,3577,1627,2H,89,36,17.804494,14,1,1
247229403,2500069,93,1646,1H,79,36,25.238859,14,0,0
247229507,2500069,3278,1651,1H,93,59,11.401754,9,0,0
247229516,2500069,8125,1646,1H,97,50,3.000000,0,0,0
247229521,2500069,9433,1646,1H,90,59,13.453624,9,0,0
247229525,2500069,10108,1646,1H,92,39,13.601471,11,0,0
247229675,2500069,15526,1651,1H,77,60,25.079872,10,0,0
247229723,2500069,9123,1646,1H,91,58,12.041595,8,0,0
247229769,2500069,61961,1651,1H,88,43,13.892444,7,0,0
247229843,2500069,9206,1646,1H,89,62,16.278821,12,0,0
247229857,2500069,91381,1651,1H,78,31,29.068884,19,0,0
247229890,2500069,10108,1646,1H,89,37,17.029386,13,1,0
247229974,2500069,25950,1651,2H,91,67,19.235384,17,0,0
247230045,2500069,15526,1651,2H,87,22,30.870698,28,0,0
247230300,2500069,8925,1646,2H,86,43,15.652476,7,0,0
247230382,2500069,8416,1651,2H,90,65,18.027756,15,0,0
247230634,2500069,25950,1651,2H,90,61,14.866069,11,0,0
249746904,2500069,9206,1646,2H,86,52,14.142136,2,0,0
247129706,2500070,8623,1628,1H,86,47,14.317821,3,0,0
247129723,2500070,8554,1628,1H,92,53,8.544004,3,0,0
247129783,2500070,8554,1628,1H,94,44,8.485281,6,1,0
247129870,2500070,285508,1631,1H,95,57,8.602325,7,1,0
247129963,2500070,285508,1631,1H,77,38,25.942244,12,0,0
247129978,2500070,8422,1628,1H,90,57,12.206556,7,0,1
247130086,2500070,12829,1631,1H,90,61,14.866069,11,0,0
247130223,2500070,285508,1631,1H,89,55,12.083046,5,0,0
247130232,2500070,8422,1628,1H,87,37,18.384776,13,0,0
247130401,2500070,8623,1628,1H,87,51,13.038405,1,0,1
247130620,2500070,8623,1628,2H,89,70,22.825424,20,0,0
247130708,2500070,235555,1628,2H,95,32,18.681542,18,1,0
247130862,2500070,8013,1631,2H,73,54,27.294688,4,0,0
247130906,2500070,454,1628,2H,93,39,13.038405,11,0,0
247130971,2500070,8623,1628,2H,98,27,23.086793,23,0,0
247131122,2500070,235555,1628,2H,91,48,9.219544,2,0,1
247131179,2500070,8501,1628,2H,93,35,16.552945,15,0,0
247131181,2500070,454,1628,2H,83,33,24.041631,17,0,1
247131367,2500070,8488,1631,2H,65,31,39.824616,19,0,0
247254981,2500071,7944,1623,1H,83,84,38.013156,34,0,0
247254987,2500071,25706,1623,1H,69,50,31.000000,0,0,0
247255083,2500071,32636,1623,1H,87,63,18.384776,13,0,1
247255178,2500071,284476,1623,2H,87,36,19.104973,14,0,0
247255278,2500071,8240,1623,2H,90,67,19.723083,17,0,0
247255410,2500071,25706,1623,2H,83,45,17.720045,5,0,1
247255767,2500071,214654,1673,1H,72,70,34.409301,20,0,0
247255797,2500071,132,1673,1H,83,33,24.041631,17,0,0
247255888,2500071,173,1673,1H,86,42,16.124515,8,0,0
247255947,2500071,214654,1673,1H,88,44,13.416408,6,1,0
247255959,2500071,16436,1673,1H,81,35,24.207437,15,0,0
247255965,2500071,8290,1673,1H,73,45,27.459060,5,0,0
247256207,2500071,303357,1673,2H,70,58,31.048349,8,0,0
247256400,2500071,38377,1673,2H,89,47,11.401754,3,0,0
247256479,2500071,9280,1673,2H,87,33,21.400935,17,0,0
247039877,2500072,120353,1612,1H,90,65,18.027756,15,0,0
247040006,2500072,120353,1612,1H,91,68,20.124612,18,0,0
247040245,2500072,15054,1639,1H,96,61,11.704700,11,1,0
247040256,2500072,346101,1612,1H,89,61,15.556349,11,0,0
247040379,2500072,116,1612,1H,83,41,19.235384,9,0,0
247040407,2500072,116,1612,1H,88,37,17.691806,13,0,0
247040660,2500072,116,1612,1H,89,40,14.866069,10,0,0
247040797,2500072,120353,1612,2H,87,25,28.178006,25,0,0
247040812,2500072,332605,1639,2H,97,36,14.317821,14,0,0
247040857,2500072,116,1612,2H,83,27,28.600699,23,0,0
247041021,2500072,120353,1612,2H,89,59,14.212670,9,0,0
247041045,2500072,8955,1612,2H,89,59,14.212670,9,0,0
247041087,2500072,120353,1612,2H,88,43,13.892444,7,0,0
247041107,2500072,8392,1612,2H,91,62,15.000000,12,1,0
247041122,2500072,4908,1612,2H,71,34,33.120990,16,0,0
247041370,2500072,8731,1639,2H,96,61,11.704700,11,0,0
247041411,2500072,370,1612,2H,68,66,35.777088,16,0,0
247041506,2500072,120353,1612,2H,90,46,10.770330,4,0,0
247041529,2500072,4908,1612,2H,89,44,12.529964,6,0,0
247041569,2500072,7964,1612,2H,71,61,31.016125,11,0,0
247041579,2500072,116,1612,2H,90,51,10.049876,1,1,0
247041624,2500072,332605,1639,2H,81,43,20.248457,7,0,0
247564305,2500073,7936,1611,1H,89,33,20.248457,17,0,0
247564364,2500073,71703,1611,1H,67,60,34.481879,10,0,0
247564479,2500073,3361,1611,1H,95,39,12.083046,11,1,0
247564480,2500073,7936,1611,1H,95,45,7.071068,5,0,1
247564718,2500073,7934,1611,1H,80,64,24.413111,14,0,0
247564823,2500073,397098,1609,1H,81,27,29.832868,23,0,0
247564946,2500073,105338,1609,1H,87,67,21.400935,17,0,0
247564947,2500073,7905,1611,1H,90,51,10.049876,1,0,0
247565257,2500073,25867,1609,1H,89,53,11.401754,3,1,0
247565361,2500073,7939,1611,2H,89,33,20.248457,17,0,0
247565376,2500073,7936,1611,2H,91,56,10.816654,6,1,0
247565444,2500073,397098,1609,1H,89,47,11.401754,3,1,0
247565516,2500073,279717,1609,2H,84,42,17.888544,8,0,0
247565591,2500073,7934,1611,2H,87,36,19.104973,14,0,0
247565607,2500073,105338,1609,2H,83,52,17.117243,2,0,1
247565681,2500073,105338,1609,2H,88,32,21.633308,18,0,0
247565772,2500073,8249,1611,2H,78,65,26.627054,15,0,0
247565889,2500073,134513,1611,2H,83,54,17.464249,4,0,0
247565925,2500073,7945,1609,2H,74,51,26.019224,1,0,0
247565987,2500073,7938,1611,2H,89,73,25.495098,23,0,0
247566106,2500073,8249,1611,2H,93,52,7.280110,2,1,0
247566161,2500073,8249,1611,2H,93,58,10.630146,8,1,1
247237828,2500074,8530,1627,1H,88,27,25.942244,23,0,0
247238029,2500074,3577,1627,1H,71,60,30.675723,10,0,0
247238098,2500074,8958,1627,1H,88,61,16.278821,11,0,0
247238128,2500074,9414,1627,1H,90,67,19.723083,17,0,1
247238259,2500074,12536,1613,1H,80,48,20.099751,2,0,0
247238381,2500074,8958,1627,1H,93,65,16.552945,15,0,0
247238539,2500074,8958,1627,2H,88,63,17.691806,13,0,0
247238557,2500074,7967,1613,1H,80,60,22.360680,10,0,0
247238681,2500074,3577,1627,2H,91,34,18.357560,16,0,0
247238709,2500074,254898,1613,1H,92,47,8.544004,3,0,0
247238718,2500074,8360,1627,2H,91,64,16.643317,14,1,0
247238797,2500074,8370,1627,2H,71,53,29.154759,3,0,0
247238932,2500074,12536,1613,1H,93,51,7.071068,1,1,0
247238964,2500074,8620,1613,1H,91,47,9.486833,3,0,0
247238973,2500074,12536,1613,1H,98,52,2.828427,2,1,0
247239164,2500074,8285,1627,2H,76,67,29.410882,17,0,0
247239280,2500074,9227,1613,2H,78,49,22.022716,1,0,0
247239360,2500074,9227,1613,2H,72,37,30.870698,13,0,0
247239362,2500074,8620,1613,2H,77,33,28.600699,17,0,0
247239398,2500074,8620,1613,2H,77,44,23.769729,6,0,0
247239433,2500074,3523,1613,2H,73,46,27.294688,4,0,0
247239468,2500074,8833,1613,2H,94,43,9.219544,7,1,0
247239504,2500074,3327,1613,2H,95,41,10.295630,9,1,0
247239539,2500074,254898,1613,2H,72,33,32.756679,17,0,0
247168330,2500075,62224,1659,1H,73,68,32.449961,18,0,0
247168396,2500075,7885,1619,1H,86,42,16.124515,8,0,0
247168399,2500075,7899,1619,1H,90,37,16.401219,13,0,0
247168451,2500075,245813,1659,1H,82,69,26.172505,19,0,0
247168463,2500075,134102,1659,1H,92,56,10.000000,6,0,0
247168492,2500075,9637,1659,1H,98,42,8.246211,8,0,1
247168618,2500075,383,1619,1H,90,37,16.401219,13,0,1
247168696,2500075,302518,1659,2H,73,57,27.892651,7,0,0
247168698,2500075,8953,1619,1H,90,84,35.440090,34,0,0
247168729,2500075,29640,1619,1H,81,30,27.586228,20,0,0
247168746,2500075,29640,1619,1H,75,53,25.179357,3,0,0
247168801,2500075,8116,1619,1H,83,47,17.262677,3,0,0
247168826,2500075,245813,1659,2H,76,34,28.844410,16,0,0
247168950,2500075,9637,1659,2H,98,76,26.076810,26,0,0
247169103,2500075,29640,1619,2H,86,40,17.204651,10,0,0
247169104,2500075,8116,1619,2H,72,32,33.286634,18,0,0
247169130,2500075,383,1619,2H,86,54,14.560220,4,0,1
247169334,2500075,8953,1619,2H,82,64,22.803509,14,0,0
247169338,2500075,8384,1619,2H,90,48,10.198039,2,0,0
247169374,2500075,7885,1619,2H,88,31,22.472205,19,0,0
247169410,2500075,8351,1659,2H,77,39,25.495098,11,0,0
247169411,2500075,8953,1619,2H,97,70,20.223748,20,0,0
247169438,2500075,8351,1659,2H,76,70,31.240999,20,0,0
247169482,2500075,62224,1659,2H,93,37,14.764823,13,0,0
247169483,2500075,8351,1659,2H,77,43,24.041631,7,0,0
247169492,2500075,9637,1659,2H,90,30,22.360680,20,0,0
247169550,2500075,62224,1659,2H,85,30,25.000000,20,0,0
247178489,2500076,3350,1610,1H,88,60,15.620499,10,0,1
247178585,2500076,8498,10531,1H,74,34,30.528675,16,0,0
247178687,2500076,25707,1610,1H,91,66,18.357560,16,0,0
247178806,2500076,8625,1610,1H,86,65,20.518285,15,0,0
247179275,2500076,25572,10531,2H,94,49,6.082763,1,1,0
247179416,2500076,8625,1610,1H,80,64,24.413111,14,0,0
247179646,2500076,25571,10531,2H,93,53,7.615773,3,1,0
247179721,2500076,8192,10531,2H,86,23,30.413813,27,0,0
247179736,2500076,25572,10531,2H,79,58,22.472205,8,0,0
247179754,2500076,8336,10531,2H,76,62,26.832816,12,0,0
247179978,2500076,28291,1610,2H,77,80,37.802116,30,0,0
247179990,2500076,246866,10531,2H,74,46,26.305893,4,0,0
247180021,2500076,40787,1610,2H,82,59,20.124612,9,0,0
247180044,2500076,8976,10531,2H,83,35,22.671568,15,0,0
247180067,2500076,77557,10531,2H,87,35,19.849433,15,0,0
247180100,2500076,3350,1610,2H,89,68,21.095023,18,0,0
247180174,2500076,25707,1610,2H,84,53,16.278821,3,0,0
247405957,2500076,25572,10531,1H,74,53,26.172505,3,0,0
248010679,2500077,8981,1644,1H,76,34,28.844410,16,0,0
248010750,2500077,8717,1624,1H,82,50,18.000000,0,0,0
248010853,2500077,210044,1624,1H,86,47,14.317821,3,1,0
248010995,2500077,13484,1624,1H,89,50,11.000000,0,0,1
248011072,2500077,210044,1624,1H,76,60,26.000000,10,0,0
248011249,2500077,10663,1644,1H,88,57,13.892444,7,0,0
248011268,2500077,54,1624,1H,75,34,29.681644,16,0,0
248011390,2500077,48,1624,1H,88,42,14.422205,8,1,0
248011392,2500077,48,1624,1H,89,38,16.278821,12,0,0
248011429,2500077,28292,1644,1H,88,42,14.422205,8,0,0
248011534,2500077,377071,1644,1H,82,35,23.430749,15,0,0
248011575,2500077,377071,1644,1H,91,32,20.124612,18,0,0
248011678,2500077,8717,1624,2H,93,50,7.000000,0,0,1
248011820,2500077,210044,1624,2H,72,44,28.635642,6,0,0
248011978,2500077,48,1624,2H,91,41,12.727922,9,1,0
248012069,2500077,377071,1644,2H,92,51,8.062258,1,0,0
248012130,2500077,8981,1644,2H,77,59,24.698178,9,0,0
248012277,2500077,8717,1624,2H,80,35,25.000000,15,0,0
248012323,2500077,25804,1624,2H,91,67,19.235384,17,0,0
248012352,2500077,70156,1644,2H,86,67,22.022716,17,0,0
248012370,2500077,8903,1644,2H,83,45,17.720045,5,0,0
248012425,2500077,70156,1644,2H,96,70,20.396078,20,0,0
248012426,2500077,3348,1644,2H,95,71,21.587033,21,0,0
247534951,2500078,14808,1625,1H,92,52,8.246211,2,0,0
247535050,2500078,245364,1625,1H,81,72,29.068884,22,0,1
247535200,2500078,11066,1625,1H,90,39,14.866069,11,0,0
247535223,2500078,105339,1625,1H,73,50,27.000000,0,0,0
247535231,2500078,38021,1625,1H,73,69,33.015148,19,0,0
247535253,2500078,379209,1633,1H,86,45,14.866069,5,0,0
247535338,2500078,11066,1625,1H,83,68,24.758837,18,0,0
247535590,2500078,38021,1625,1H,79,44,21.840330,6,0,0
247535655,2500078,38021,1625,1H,75,52,25.079872,2,0,0
247535666,2500078,11066,1625,1H,90,60,14.142136,10,0,0
247535909,2500078,340386,1625,2H,95,46,6.403124,4,0,1
247536083,2500078,38021,1625,2H,88,63,17.691806,13,0,0
247536152,2500078,14808,1625,2H,83,51,17.029386,1,0,0
247536168,2500078,11066,1625,2H,86,63,19.104973,13,0,0
247536232,2500078,105339,1625,2H,86,54,14.560220,4,0,1
247536430,2500078,11066,1625,2H,89,54,11.704700,4,0,0
247536437,2500078,38021,1625,2H,80,32,26.907248,18,0,0
247536499,2500078,11066,1625,2H,86,38,18.439089,12,0,0
247536637,2500078,340386,1625,2H,95,49,5.099020,1,0,0
249219242,2500079,11669,1659,1H,89,40,14.866069,10,0,0
249219469,2500079,284,10531,1H,93,46,8.062258,4,0,0
249219472,2500079,61962,10531,1H,76,56,24.738634,6,0,0
249219483,2500079,77552,10531,1H,98,48,2.828427,2,0,0
249219507,2500079,11669,1659,1H,95,45,7.071068,5,0,0
249219534,2500079,246866,10531,1H,92,41,12.041595,9,1,0
249219576,2500079,11669,1659,1H,88,65,19.209373,15,0,0
249219708,2500079,25571,10531,1H,81,40,21.470911,10,0,0
249219826,2500079,8192,10531,1H,95,42,9.433981,8,1,0
249219909,2500079,25571,10531,1H,78,35,26.627054,15,0,0
249219915,2500079,62224,1659,1H,84,52,16.124515,2,0,1
249220064,2500079,25571,10531,1H,91,40,13.453624,10,0,0
249220077,2500079,11669,1659,1H,96,72,22.360680,22,0,0
249220227,2500079,25571,10531,2H,81,54,19.416488,4,0,0
249220303,2500079,9277,1659,2H,94,42,10.000000,8,1,0
249220350,2500079,77552,10531,2H,81,25,31.400637,25,0,0
249220499,2500079,8351,1659,2H,79,55,21.587033,5,0,0
249220515,2500079,11669,1659,2H,94,39,12.529964,11,1,0
249220527,2500079,21164,10531,2H,95,40,11.180340,10,1,0
249220608,2500079,7989,1659,2H,88,37,17.691806,13,0,0
249220684,2500079,11669,1659,2H,94,52,6.324555,2,0,0
249220704,2500079,8976,10531,2H,80,41,21.931712,9,0,0
249220840,2500079,245813,1659,2H,77,24,34.713110,26,0,0
249954490,2500080,9127,1646,2H,91,51,9.055385,1,1,0
249954689,2500080,230020,1609,1H,81,73,29.832868,23,0,0
249954694,2500080,8980,1646,2H,73,52,27.073973,2,0,0
249954741,2500080,10108,1646,2H,87,67,21.400935,17,1,0
249954873,2500080,8980,1646,2H,80,29,29.000000,21,0,0
249954877,2500080,25867,1609,1H,99,51,1.414214,1,0,1
249954882,2500080,93,1646,2H,70,44,30.594117,6,0,0
249955186,2500080,105338,1609,1H,92,59,12.041595,9,0,0
249955197,2500080,230020,1609,1H,89,77,29.154759,27,0,0
249955312,2500080,105338,1609,1H,79,64,25.238859,14,0,0
249955373,2500080,25413,1609,1H,92,57,10.630146,7,0,1
249955403,2500080,7873,1609,2H,94,46,7.211103,4,0,0
249955489,2500080,14869,1609,2H,87,28,25.553865,22,0,1
249955498,2500080,105338,1609,2H,86,62,18.439089,12,0,0
249955583,2500080,230020,1609,2H,89,39,15.556349,11,0,1
249955629,2500080,14869,1609,2H,94,26,24.738634,24,0,0
249955677,2500080,25867,1609,2H,92,52,8.246211,2,0,1
249955727,2500080,167145,1609,2H,85,61,18.601075,11,0,0
249955769,2500080,7945,1609,2H,80,33,26.248809,17,0,0
249040021,2500081,25950,1651,1H,89,69,21.954498,19,0,0
249040029,2500081,8416,1651,1H,88,28,25.059928,22,0,0
249040034,2500081,8086,1651,1H,66,65,37.161808,15,0,0
249040106,2500081,91381,1651,1H,89,25,27.313001,25,0,0
249040179,2500081,15526,1651,1H,74,31,32.202484,19,0,0
249040308,2500081,8416,1651,1H,66,26,41.617304,24,0,0
249040425,2500081,7936,1611,1H,74,71,33.421550,21,0,0
249040435,2500081,397178,1611,1H,82,50,18.000000,0,0,0
249040482,2500081,91381,1651,1H,69,28,38.013156,22,0,0
249040486,2500081,8242,1651,1H,88,57,13.892444,7,1,0
249040778,2500081,7906,1611,1H,76,72,32.557641,22,0,0
249040925,2500081,7936,1611,2H,88,33,20.808652,17,0,0
249040980,2500081,25950,1651,2H,76,51,24.020824,1,0,0
249041047,2500081,15526,1651,2H,94,54,7.211103,4,1,1
249041202,2500081,91381,1651,2H,89,35,18.601075,15,0,0
249041416,2500081,101652,1611,2H,63,31,41.593269,19,0,0
249041498,2500081,397178,1611,2H,80,67,26.248809,17,0,0
249041526,2500081,7934,1611,2H,80,48,20.099751,2,0,0
249041583,2500081,134513,1611,2H,79,32,27.658633,18,0,0
249041618,2500081,7936,1611,2H,78,32,28.425341,18,0,0
249041639,2500081,134513,1611,2H,88,31,22.472205,19,0,0
249041685,2500081,7936,1611,2H,70,34,34.000000,16,0,0
249041717,2500081,7934,1611,2H,87,43,14.764823,7,0,0
249041771,2500081,7936,1611,2H,81,31,26.870058,19,0,0
249041804,2500081,134513,1611,2H,92,28,23.409400,22,1,0
249633847,2500082,26010,1610,1H,86,38,18.439089,12,0,0
249633871,2500082,15808,1612,1H,92,73,24.351591,23,0,0
249633879,2500082,8032,1610,1H,78,48,22.090722,2,0,0
249634201,2500082,28291,1610,1H,90,54,10.770330,4,1,0
249634227,2500082,26010,1610,1H,96,51,4.123106,1,1,1
249634287,2500082,3350,1610,1H,97,72,22.203603,22,0,0
249634367,2500082,25747,1612,1H,90,53,10.440307,3,0,0
249634425,2500082,25747,1612,1H,76,44,24.738634,6,0,0
249634573,2500082,25747,1612,1H,78,44,22.803509,6,0,0
249634581,2500082,25747,1612,1H,89,46,11.704700,4,0,0
249634587,2500082,31528,1610,2H,72,50,28.000000,0,0,0
249634687,2500082,25707,1610,2H,96,27,23.345235,23,0,0
249634772,2500082,28291,1610,2H,78,33,27.802878,17,0,0
249634999,2500082,120353,1612,2H,83,53,17.262677,3,0,0
249635067,2500082,346101,1612,2H,76,67,29.410882,17,0,0
249635085,2500082,25707,1610,2H,78,35,26.627054,15,0,0
249635152,2500082,8032,1610,2H,90,27,25.079872,23,0,0
249635720,2500082,286831,1612,2H,87,53,13.341664,3,1,0
249635776,2500082,286831,1612,2H,96,50,4.000000,0,1,0
249635791,2500082,370,1612,2H,90,58,12.806248,8,1,0
249267834,2500083,353236,1623,1H,73,19,41.109610,31,0,0
249268033,2500083,32636,1623,1H,88,46,12.649111,4,1,0
249268227,2500083,8953,1619,1H,77,60,25.079872,10,0,0
249268386,2500083,7899,1619,1H,74,47,26.172505,3,0,0
249268389,2500083,8953,1619,1H,73,45,27.459060,5,0,0
249268457,2500083,135114,1619,1H,68,31,37.215588,19,0,0
249268885,2500083,8116,1619,2H,94,39,12.529964,11,1,1
249268997,2500083,7919,1623,2H,88,46,12.649111,4,1,0
249269064,2500083,145692,1623,2H,89,74,26.400758,24,0,0
249269268,2500083,8116,1619,2H,74,22,38.209946,28,0,0
249269316,2500083,8116,1619,2H,80,43,21.189620,7,0,0
249269368,2500083,8116,1619,2H,97,29,21.213203,21,0,0
249269439,2500083,7919,1623,2H,89,58,13.601471,8,1,0
249269589,2500083,353236,1623,2H,77,45,23.537205,5,0,1
249308398,2500084,70403,1631,1H,74,25,36.069378,25,0,0
249308512,2500084,277002,1631,1H,78,29,30.413813,21,0,0
249308581,2500084,12829,1631,1H,95,30,20.615528,20,0,0
249308606,2500084,21333,1631,2H,75,82,40.607881,32,0,0
249308778,2500084,8653,1631,2H,83,59,19.235384,9,0,0
249308954,2500084,285508,1631,2H,90,48,10.198039,2,1,0
249308983,2500084,70403,1631,2H,81,30,27.586228,20,0,0
249309008,2500084,21333,1631,2H,96,77,27.294688,27,1,0
249309012,2500084,285508,1631,2H,88,60,15.620499,10,0,0
249309016,2500084,283142,1631,2H,82,26,30.000000,24,0,0
249309017,2500084,283142,1631,2H,85,38,19.209373,12,0,0
249309067,2500084,8653,1631,2H,70,43,30.805844,7,0,0
249309134,2500084,41174,1633,1H,88,52,12.165525,2,0,0
249309188,2500084,41174,1633,1H,86,47,14.317821,3,0,0
249309214,2500084,8313,1633,1H,92,63,15.264338,13,1,0
249309240,2500084,70965,1633,1H,89,29,23.706539,21,0,0
249309390,2500084,14703,1633,1H,94,32,18.973666,18,0,0
249309405,2500084,14703,1633,1H,90,33,19.723083,17,0,0
249309416,2500084,70965,1633,1H,92,53,8.544004,3,0,1
249309443,2500084,41174,1633,1H,78,71,30.413813,21,0,0
249309467,2500084,41174,1633,1H,97,27,23.194827,23,0,0
249309517,2500084,21100,1633,2H,87,45,13.928388,5,0,0
249309636,2500084,8561,1633,2H,71,66,33.120990,16,0,1
249309681,2500084,14703,1633,2H,87,54,13.601471,4,0,0
249309805,2500084,7970,1633,2H,90,60,14.142136,10,0,0
249627538,2500085,105339,1625,1H,76,57,25.000000,7,0,0
249627618,2500085,62389,1673,1H,75,69,31.400637,19,0,0
249627635,2500085,282550,1673,1H,88,61,16.278821,11,0,0
249627677,2500085,38021,1625,1H,85,43,16.552945,7,0,0
249627823,2500085,8290,1673,1H,75,60,26.925824,10,0,0
249628052,2500085,14796,1673,1H,90,33,19.723083,17,0,0
249628172,2500085,38021,1625,1H,86,71,25.238859,21,0,0
249628275,2500085,340386,1625,1H,90,40,14.142136,10,1,0
249628337,2500085,8317,1625,1H,75,67,30.232433,17,0,0
249628868,2500085,245364,1625,2H,87,32,22.203603,18,0,0
249628878,2500085,9380,1625,2H,87,60,16.401219,10,0,0
249629086,2500085,105339,1625,2H,89,47,11.401754,3,1,0
249629154,2500085,340386,1625,2H,93,49,7.071068,1,1,0
249629162,2500085,9280,1673,2H,88,31,22.472205,19,0,0
249629222,2500085,265673,1625,2H,82,46,18.439089,4,0,0
249629251,2500085,26136,1625,2H,74,25,36.069378,25,0,0
249629259,2500085,26136,1625,2H,74,23,37.483330,27,0,0
249629281,2500085,8277,1625,2H,72,62,30.463092,12,0,0
249629362,2500085,70086,1625,2H,85,57,16.552945,7,0,0
249142886,2500086,235555,1628,1H,82,39,21.095023,11,0,0
249142929,2500086,8471,1628,1H,81,72,29.068884,22,0,0
249143035,2500086,8422,1628,1H,92,74,25.298221,24,0,0
249143161,2500086,15054,1639,1H,92,52,8.246211,2,1,0
249143294,2500086,454,1628,1H,79,38,24.186773,12,0,0
249143317,2500086,8471,1628,1H,78,77,34.828150,27,0,0
249143373,2500086,7988,1628,1H,81,36,23.600847,14,0,0
249143722,2500086,127537,1628,2H,76,34,28.844410,16,0,0
249143766,2500086,8422,1628,2H,89,26,26.400758,24,0,0
249143850,2500086,127537,1628,2H,80,35,25.000000,15,0,0
249143887,2500086,8731,1639,2H,88,59,15.000000,9,0,0
249143915,2500086,8623,1628,2H,89,30,22.825424,20,0,1
249143918,2500086,77548,1639,2H,95,59,10.295630,9,1,0
249144026,2500086,8422,1628,2H,88,51,12.041595,1,0,0
249144053,2500086,38031,1628,2H,90,42,12.806248,8,0,0
249144150,2500086,235555,1628,2H,95,68,18.681542,18,0,0
249144166,2500086,454,1628,2H,88,47,12.369317,3,0,1
249144173,2500086,25854,1639,2H,67,53,33.136083,3,0,0
249144232,2500086,8731,1639,2H,93,46,8.062258,4,1,0
249299721,2500087,20593,1644,1H,89,43,13.038405,7,0,1
249299779,2500087,20593,1644,1H,90,49,10.049876,1,0,0
249299780,2500087,8903,1644,1H,87,52,13.152946,2,0,0
249299783,2500087,25798,1644,1H,86,55,14.866069,5,0,0
249300012,2500087,254898,1613,1H,90,26,26.000000,24,0,0
249300370,2500087,10663,1644,1H,89,63,17.029386,13,0,0
249300422,2500087,10663,1644,1H,95,54,6.403124,4,1,1
249300431,2500087,7967,1613,1H,82,55,18.681542,5,0,0
249300588,2500087,8903,1644,1H,98,48,2.828427,2,0,0
249300906,2500087,20593,1644,2H,85,36,20.518285,14,0,0
249301020,2500087,230883,1613,2H,95,42,9.433981,8,0,1
249301059,2500087,12536,1613,2H,88,77,29.546573,27,0,0
249301262,2500087,25798,1644,2H,71,39,31.016125,11,0,0
249301406,2500087,12536,1613,2H,94,42,10.000000,8,1,0
249301436,2500087,230883,1613,2H,94,33,18.027756,17,0,0
249301441,2500087,68085,1644,2H,89,57,13.038405,7,1,0
249301736,2500087,339789,1613,2H,88,52,12.165525,2,0,0
249301752,2500087,9227,1613,2H,78,73,31.827661,23,0,0
249301791,2500087,230883,1613,2H,86,51,14.035669,1,1,0
249306025,2500088,8717,1624,1H,88,60,15.620499,10,0,0
249306217,2500088,54,1624,1H,78,44,22.803509,6,0,0
249306347,2500088,61967,1624,1H,74,40,27.856777,10,0,0
249306360,2500088,8292,1624,1H,71,47,29.154759,3,0,0
249306467,2500088,8717,1624,1H,93,64,15.652476,14,0,0
249306477,2500088,8717,1624,1H,92,51,8.062258,1,1,0
249306718,2500088,20441,1624,1H,91,37,15.811388,13,0,0
249306833,2500088,119951,1627,1H,90,51,10.049876,1,1,0
249306906,2500088,8370,1627,2H,84,78,32.249031,28,0,0
249307054,2500088,8360,1627,2H,89,43,13.038405,7,1,0
249307056,2500088,119951,1627,2H,97,42,8.544004,8,0,0
249307090,2500088,54,1624,2H,81,63,23.021729,13,0,0
249307113,2500088,8717,1624,2H,93,45,8.602325,5,1,0
249307430,2500088,13484,1624,2H,75,30,32.015621,20,0,0
249307432,2500088,25537,1627,2H,99,60,10.049876,10,0,0
249307531,2500088,8360,1627,2H,97,56,6.708204,6,1,0
249307537,2500088,8285,1627,2H,97,56,6.708204,6,0,1
249307706,2500088,14911,1624,2H,85,26,28.301943,24,0,0
249307760,2500088,3424,1624,2H,92,57,10.630146,7,1,0
249307774,2500088,61967,1624,2H,97,61,11.401754,11,0,0
249307779,2500088,54,1624,2H,89,28,24.596748,22,0,0
249307782,2500088,8717,1624,2H,90,59,13.453624,9,1,0
251700478,2500089,8980,1646,1H,78,38,25.059928,12,0,0
251700604,2500089,245813,1659,1H,88,61,16.278821,11,0,0
251700687,2500089,8125,1646,1H,78,51,22.022716,1,0,0
251700689,2500089,9285,1659,1H,87,29,24.698178,21,0,0
251700693,2500089,8351,1659,1H,77,50,23.000000,0,0,0
251700755,2500089,9637,1659,1H,89,83,34.785054,33,0,0
251700841,2500089,8925,1646,1H,90,47,10.440307,3,0,0
251700843,2500089,9206,1646,1H,92,49,8.062258,1,0,1
251700903,2500089,9433,1646,1H,92,67,18.788294,17,1,0
251700970,2500089,9637,1659,1H,90,43,12.206556,7,1,0
251701018,2500089,9637,1659,2H,95,55,7.071068,5,0,0
251701022,2500089,9277,1659,2H,87,55,13.928388,5,0,0
251701095,2500089,8980,1646,2H,87,50,13.000000,0,0,0
251701106,2500089,8643,1646,2H,74,54,26.305893,4,0,0
251701299,2500089,245813,1659,2H,77,22,36.235342,28,0,0
251701305,2500089,239411,1659,2H,72,40,29.732137,10,0,0
251701331,2500089,10108,1646,2H,90,53,10.440307,3,1,0
251701582,2500089,9179,1646,2H,86,34,21.260292,16,0,0
251701657,2500089,8296,1659,2H,93,43,9.899495,7,0,0
251701666,2500089,9637,1659,2H,92,31,20.615528,19,0,1
251701767,2500089,9739,1659,2H,75,57,25.961510,7,0,0
251701808,2500089,11669,1659,2H,70,35,33.541020,15,0,0
251701853,2500089,11669,1659,2H,90,58,12.806248,8,0,1
251702328,2500090,25537,1627,1H,77,38,25.942244,12,0,0
251702361,2500090,8530,1627,1H,75,51,25.019992,1,0,0
251702511,2500090,127537,1628,1H,77,46,23.345235,4,0,0
251702676,2500090,8422,1628,1H,89,52,11.180340,2,0,0
251702860,2500090,8471,1628,1H,78,52,22.090722,2,0,0
251703032,2500090,3577,1627,1H,93,58,10.630146,8,1,0
251703374,2500090,8958,1627,2H,65,53,35.128336,3,0,0
251703503,2500090,235555,1628,2H,87,45,13.928388,5,0,0
251703528,2500090,8422,1628,2H,90,43,12.206556,7,0,0
251703719,2500090,8471,1628,2H,89,34,19.416488,16,0,0
251703748,2500090,8530,1627,2H,76,24,35.383612,26,0,0
251703923,2500090,8422,1628,2H,92,55,9.433981,5,0,1
251703984,2500090,38031,1628,2H,93,49,7.071068,1,1,0
251704029,2500090,454,1628,2H,98,59,9.219544,9,0,1
251704036,2500090,7988,1628,2H,81,50,19.000000,0,0,0
252576058,2500090,454,1628,1H,73,19,41.109610,31,0,0
251664373,2500091,7870,1609,1H,80,28,29.732137,22,0,0
251664550,2500091,7870,1609,1H,78,51,22.022716,1,0,0
251664651,2500091,14869,1609,1H,95,46,6.403124,4,0,0
251664691,2500091,105338,1609,1H,83,53,17.262677,3,0,0
251664795,2500091,25867,1609,1H,97,52,3.605551,2,0,1
251665309,2500091,25413,1609,2H,87,56,14.317821,6,0,0
251665335,2500091,7945,1609,2H,90,37,16.401219,13,0,0
251665352,2500091,49876,1609,2H,73,47,27.166155,3,0,0
251665504,2500091,214654,1673,1H,91,45,10.295630,5,1,0
251665520,2500091,132,1673,1H,94,44,8.485281,6,0,0
251665521,2500091,15215,1673,1H,96,46,5.656854,4,0,0
251665574,2500091,214654,1673,1H,91,53,9.486833,3,0,0
251665613,2500091,214654,1673,1H,87,34,20.615528,16,0,0
251665731,2500091,8290,1673,1H,86,49,14.035669,1,1,0
251665989,2500091,282550,1673,2H,80,60,22.360680,10,0,0
251665990,2500091,282550,1673,2H,78,56,22.803509,6,0,0
251666000,2500091,8290,1673,2H,79,27,31.144823,23,0,0
251666028,2500091,9419,1673,2H,89,27,25.495098,23,0,0
251666031,2500091,8897,1673,2H,83,54,17.464249,4,0,0
251666073,2500091,282550,1673,2H,86,67,22.022716,17,0,0
251666137,2500091,214654,1673,2H,94,60,11.661904,10,1,0
251666197,2500091,38377,1673,2H,91,55,10.295630,5,1,0
251666298,2500091,8897,1673,2H,74,48,26.076810,2,0,0
251666312,2500091,62389,1673,2H,92,67,18.788294,17,0,0
251666338,2500091,303357,1673,2H,77,45,23.537205,5,0,0
251666357,2500091,38377,1673,2H,93,50,7.000000,0,1,0
251565676,2500092,15808,1612,1H,77,48,23.086793,2,0,0
251565690,2500092,7964,1612,1H,75,53,25.179357,3,0,0
251566043,2500092,25747,1612,1H,93,56,9.219544,6,0,0
251566075,2500092,370,1612,1H,91,51,9.055385,1,1,0
251566117,2500092,247248,1651,1H,78,45,22.561028,5,0,0
251566147,2500092,346101,1612,1H,89,71,23.706539,21,0,0
251566233,2500092,120353,1612,1H,90,49,10.049876,1,0,1
251566257,2500092,120353,1612,1H,86,65,20.518285,15,0,0
251566281,2500092,15808,1612,1H,88,40,15.620499,10,0,0
251566286,2500092,120353,1612,1H,89,52,11.180340,2,0,0
251566287,2500092,120353,1612,1H,89,56,12.529964,6,0,0
251566358,2500092,25747,1612,1H,87,57,14.764823,7,0,0
251566421,2500092,247248,1651,2H,74,37,29.068884,13,0,0
251566428,2500092,116,1612,1H,88,55,13.000000,5,0,0
251566435,2500092,15808,1612,1H,88,34,20.000000,16,0,0
251566588,2500092,25393,1612,1H,91,49,9.055385,1,1,1
251566609,2500092,25747,1612,1H,83,52,17.117243,2,0,0
251566825,2500092,15808,1612,2H,77,56,23.769729,6,0,0
251566833,2500092,116,1612,2H,77,67,28.600699,17,0,0
251566838,2500092,370,1612,2H,91,43,11.401754,7,0,0
251566903,2500092,286831,1612,2H,89,64,17.804494,14,0,1
251566979,2500092,15808,1612,2H,92,50,8.000000,0,0,0
251567326,2500092,222220,1612,2H,92,45,9.433981,5,0,1
251532453,2500093,397178,1611,1H,76,29,31.890437,21,0,0
251532529,2500093,7906,1611,1H,95,68,18.681542,18,0,0
251532762,2500093,101652,1611,1H,81,49,19.026298,1,0,0
251532830,2500093,397178,1611,1H,86,48,14.142136,2,0,1
251533058,2500093,377071,1644,1H,91,46,9.848858,4,1,0
251533075,2500093,3348,1644,1H,88,54,12.649111,4,0,0
251533144,2500093,7928,1611,2H,76,41,25.632011,9,0,0
251533184,2500093,20593,1644,2H,88,48,12.165525,2,0,0
251533653,2500093,397178,1611,2H,75,44,25.709920,6,0,0
251533722,2500093,20593,1644,2H,89,42,13.601471,8,0,0
251533800,2500093,28292,1644,2H,94,45,7.810250,5,1,0
251533803,2500093,397178,1611,2H,75,39,27.313001,11,0,0
251692412,2500094,26010,1610,2H,89,61,15.556349,11,0,0
251692494,2500094,8620,1613,1H,76,47,24.186773,3,0,0
251692514,2500094,7967,1613,1H,76,66,28.844410,16,0,0
251692543,2500094,8620,1613,1H,79,30,29.000000,20,0,0
251692595,2500094,8246,1610,2H,94,46,7.211103,4,0,0
251692727,2500094,8625,1610,2H,96,40,10.770330,10,0,0
251692759,2500094,26010,1610,2H,96,34,16.492423,16,0,0
251692962,2500094,8620,1613,1H,78,60,24.166092,10,0,0
251692980,2500094,28291,1610,2H,78,60,24.166092,10,0,0
251693017,2500094,293686,1613,1H,96,48,4.472136,2,0,0
251693020,2500094,12536,1613,1H,97,51,3.162278,1,1,1
251693033,2500094,230883,1613,1H,66,59,35.171011,9,0,0
251693065,2500094,7967,1613,1H,87,46,13.601471,4,0,0
251693075,2500094,3360,1610,2H,73,64,30.413813,14,0,0
251693122,2500094,12536,1613,1H,79,47,21.213203,3,0,0
251693211,2500094,230883,1613,1H,87,65,19.849433,15,0,0
251693285,2500094,230883,1613,1H,84,51,16.031220,1,0,0
251693373,2500094,7967,1613,2H,78,63,25.553865,13,0,0
251693374,2500094,230883,1613,2H,92,47,8.544004,3,0,1
251693415,2500094,230883,1613,2H,98,48,2.828427,2,0,1
251693486,2500094,3327,1613,2H,79,52,21.095023,2,0,0
251693569,2500094,3327,1613,2H,78,60,24.166092,10,0,0
251542765,2500095,8136,1619,1H,81,45,19.646883,5,0,0
251542795,2500095,268776,1619,1H,96,59,9.848858,9,1,0
251542879,2500095,8953,1619,1H,82,72,28.425341,22,0,0
251543021,2500095,38021,1625,1H,86,34,21.260292,16,0,0
251543031,2500095,70083,1625,1H,76,46,24.331050,4,0,0
251543110,2500095,14808,1625,1H,78,38,25.059928,12,0,0
251543130,2500095,268776,1619,1H,89,69,21.954498,19,0,0
251543347,2500095,11066,1625,1H,78,46,22.360680,4,0,0
251543475,2500095,7899,1619,1H,71,42,30.083218,8,0,0
251543679,2500095,134502,1625,2H,73,33,31.906112,17,0,0
251543723,2500095,105339,1625,2H,90,45,11.180340,5,0,0
251543795,2500095,245364,1625,2H,79,31,28.319605,19,0,0
251543798,2500095,11066,1625,2H,88,59,15.000000,9,0,0
251543803,2500095,9380,1625,2H,88,44,13.416408,6,1,0
251543820,2500095,38021,1625,2H,80,61,22.825424,11,0,0
251543984,2500095,8144,1619,2H,91,63,15.811388,13,1,0
251544145,2500095,383,1619,2H,86,40,17.204651,10,0,0
251544349,2500095,340386,1625,2H,90,34,18.867962,16,0,1
251666586,2500096,284,10531,1H,89,51,11.045361,1,0,0
251666589,2500096,8498,10531,1H,78,55,22.561028,5,0,0
251666600,2500096,8498,10531,1H,87,48,13.152946,2,0,1
251666647,2500096,77557,10531,1H,87,38,17.691806,12,0,0
251666668,2500096,8498,10531,1H,89,68,21.095023,18,0,0
251666713,2500096,77557,10531,1H,91,40,13.453624,10,1,0
251666803,2500096,25571,10531,1H,87,59,15.811388,9,0,0
251667083,2500096,25571,10531,2H,73,49,27.018512,1,0,0
251667173,2500096,25572,10531,2H,91,41,12.727922,9,1,0
251667226,2500096,25571,10531,2H,91,69,21.023796,19,0,0
251667267,2500096,25572,10531,2H,90,50,10.000000,0,0,0
251667268,2500096,8192,10531,2H,73,27,35.468296,23,0,0
251667281,2500096,8976,10531,2H,75,36,28.653098,14,0,0
251667294,2500096,10252,10531,2H,91,41,12.727922,9,0,0
251667296,2500096,25571,10531,2H,87,62,17.691806,12,0,0
251667301,2500096,343951,10531,2H,88,26,26.832816,24,0,0
251667328,2500096,10252,10531,2H,90,34,18.867962,16,0,0
251667329,2500096,10252,10531,2H,90,42,12.806248,8,0,0
251667330,2500096,343951,10531,2H,88,46,12.649111,4,0,0
251667380,2500096,10252,10531,2H,73,57,27.892651,7,0,0
251667399,2500096,25571,10531,2H,89,63,17.029386,13,0,0
251667400,2500096,10252,10531,2H,86,59,16.643317,9,0,0
251667402,2500096,8976,10531,2H,73,40,28.792360,10,0,0
251667448,2500096,284,10531,2H,70,65,33.541020,15,0,0
251667615,2500096,49872,1639,1H,75,45,25.495098,5,0,0
251667828,2500096,207164,1639,1H,88,54,12.649111,4,0,1
251667893,2500096,8747,1639,1H,93,45,8.602325,5,1,1
251667956,2500096,15054,1639,2H,77,38,25.942244,12,0,0
251668080,2500096,107,1639,2H,88,32,21.633308,18,0,0
251668373,2500096,49872,1639,2H,86,59,16.643317,9,0,0
252629753,2500096,8747,1639,1H,94,49,6.082763,1,1,0
251620098,2500097,12829,1631,1H,92,40,12.806248,10,1,1
251620170,2500097,285508,1631,1H,89,35,18.601075,15,0,0
251620222,2500097,12829,1631,1H,92,42,11.313708,8,0,0
251620266,2500097,8717,1624,1H,88,41,15.000000,9,0,1
251620270,2500097,26150,1631,1H,86,39,17.804494,11,0,1
251620362,2500097,36,1624,1H,76,45,24.515301,5,0,0
251620431,2500097,283142,1631,1H,89,33,20.248457,17,0,0
251620457,2500097,61967,1624,1H,67,36,35.846897,14,0,0
251620494,2500097,8653,1631,1H,93,62,13.892444,12,1,0
251620509,2500097,210044,1624,1H,95,38,13.000000,12,1,0
251620515,2500097,40765,1624,1H,74,34,30.528675,16,0,0
251620720,2500097,12829,1631,1H,77,54,23.345235,4,0,0
251620771,2500097,25804,1624,1H,92,57,10.630146,7,0,0
251620791,2500097,8653,1631,1H,96,61,11.704700,11,1,0
251620850,2500097,40765,1624,1H,82,43,19.313208,7,0,0
251620969,2500097,54,1624,2H,86,32,22.803509,18,0,0
251621001,2500097,20441,1624,2H,95,48,5.385165,2,0,1
251621024,2500097,285508,1631,2H,75,48,25.079872,2,0,1
251621132,2500097,8653,1631,2H,91,62,15.000000,12,0,0
251621160,2500097,20441,1624,2H,94,48,6.324555,2,0,1
251621220,2500097,419784,1631,2H,71,55,29.427878,5,0,0
251621306,2500097,36,1624,2H,88,29,24.186773,21,0,0
251621358,2500097,285508,1631,2H,87,60,16.401219,10,0,0
251621369,2500097,54,1624,2H,81,67,25.495098,17,0,0
251621436,2500097,26150,1631,2H,89,70,22.825424,20,0,0
251621477,2500097,8717,1624,2H,86,36,19.798990,14,0,1
251621495,2500097,12829,1631,2H,95,41,10.295630,9,0,1
251621530,2500097,285508,1631,2H,94,59,10.816654,9,0,0
251621533,2500097,14853,1631,2H,72,17,43.278170,33,0,0
251621836,2500097,12829,1631,2H,88,33,20.808652,17,0,0
251594853,2500098,41174,1633,1H,95,61,12.083046,11,0,0
251594907,2500098,37725,1633,1H,72,56,28.635642,6,0,0
251594951,2500098,86325,1623,1H,87,48,13.152946,2,0,0
251594998,2500098,14703,1633,1H,88,36,18.439089,14,0,0
251595007,2500098,8561,1633,1H,95,45,7.071068,5,0,0
251595205,2500098,70965,1633,1H,76,41,25.632011,9,0,0
251595275,2500098,14703,1633,1H,84,30,25.612497,20,0,0
251595315,2500098,32636,1623,1H,73,63,29.966648,13,0,0
251595369,2500098,41174,1633,1H,74,56,26.683328,6,0,0
251595394,2500098,41174,1633,1H,77,45,23.537205,5,0,1
251595417,2500098,145692,1623,1H,88,61,16.278821,11,0,0
251595498,2500098,145692,1623,1H,84,42,17.888544,8,0,0
251595558,2500098,145692,1623,1H,93,56,9.219544,6,1,0
251595657,2500098,353236,1623,1H,78,63,25.553865,13,0,0
251595784,2500098,145692,1623,2H,73,40,28.792360,10,0,0
251595849,2500098,14703,1633,2H,74,64,29.529646,14,0,1
251595974,2500098,70965,1633,2H,74,69,32.202484,19,0,0
251596019,2500098,8313,1633,2H,91,57,11.401754,7,0,0
251596020,2500098,56,1623,2H,75,61,27.313001,11,0,0
251596050,2500098,265318,1633,2H,86,40,17.204651,10,0,0
251596053,2500098,8561,1633,2H,72,45,28.442925,5,0,0
251596096,2500098,41174,1633,2H,86,33,22.022716,17,0,1
251596236,2500098,8005,1633,2H,86,50,14.000000,0,1,0
251596252,2500098,145692,1623,2H,97,68,18.248288,18,0,0
251596255,2500098,8143,1623,2H,87,67,21.400935,17,0,0
251596263,2500098,145692,1623,2H,97,55,5.830952,5,0,1
251596357,2500098,7879,1623,2H,88,62,16.970563,12,0,0
251596359,2500098,145692,1623,2H,92,38,14.422205,12,0,0
